[2026-09-09T00:00:07.444+0000] {processor.py:161} INFO - Started process (PID=5360) to work on /opt/airflow/dags/maritime_intelligence_pipeline.py
[2026-09-09T00:00:07.448+0000] {processor.py:830} INFO - Processing file /opt/airflow/dags/maritime_intelligence_pipeline.py for tasks to queue
[2026-09-09T00:00:07.454+0000] {logging_mixin.py:188} INFO - [2026-09-09T00:00:07.453+0000] {dagbag.py:545} INFO - Filling up the DagBag from /opt/airflow/dags/maritime_intelligence_pipeline.py
[2026-09-09T00:00:07.507+0000] {processor.py:840} INFO - DAG(s) 'maritime_intelligence_pipeline' retrieved from /opt/airflow/dags/maritime_intelligence_pipeline.py
[2026-09-09T00:00:07.563+0000] {logging_mixin.py:188} INFO - [2026-09-09T00:00:07.562+0000] {dag.py:3089} INFO - Sync 1 DAGs
[2026-09-09T00:00:07.748+0000] {logging_mixin.py:188} INFO - [2026-09-09T00:00:07.747+0000] {dag.py:3947} INFO - Setting next_dagrun for maritime_intelligence_pipeline to 2026-09-08 00:00:00+00:00, run_after=2026-09-09 00:00:00+00:00
[2026-09-09T00:00:07.959+0000] {processor.py:183} INFO - Processing /opt/airflow/dags/maritime_intelligence_pipeline.py took 0.527 seconds
[2026-09-09T00:00:38.472+0000] {processor.py:161} INFO - Started process (PID=5365) to work on /opt/airflow/dags/maritime_intelligence_pipeline.py
[2026-09-09T00:00:38.475+0000] {processor.py:830} INFO - Processing file /opt/airflow/dags/maritime_intelligence_pipeline.py for tasks to queue
[2026-09-09T00:00:38.481+0000] {logging_mixin.py:188} INFO - [2026-09-09T00:00:38.481+0000] {dagbag.py:545} INFO - Filling up the DagBag from /opt/airflow/dags/maritime_intelligence_pipeline.py
[2026-09-09T00:00:38.537+0000] {processor.py:840} INFO - DAG(s) 'maritime_intelligence_pipeline' retrieved from /opt/airflow/dags/maritime_intelligence_pipeline.py
[2026-09-09T00:00:38.616+0000] {logging_mixin.py:188} INFO - [2026-09-09T00:00:38.616+0000] {dag.py:3089} INFO - Sync 1 DAGs
[2026-09-09T00:00:38.664+0000] {logging_mixin.py:188} INFO - [2026-09-09T00:00:38.664+0000] {dag.py:3947} INFO - Setting next_dagrun for maritime_intelligence_pipeline to 2026-09-08 00:00:00+00:00, run_after=2026-09-09 00:00:00+00:00
[2026-09-09T00:00:38.698+0000] {processor.py:183} INFO - Processing /opt/airflow/dags/maritime_intelligence_pipeline.py took 0.243 seconds
[2026-09-09T00:01:09.012+0000] {processor.py:161} INFO - Started process (PID=5370) to work on /opt/airflow/dags/maritime_intelligence_pipeline.py
[2026-09-09T00:01:09.014+0000] {processor.py:830} INFO - Processing file /opt/airflow/dags/maritime_intelligence_pipeline.py for tasks to queue
[2026-09-09T00:01:09.020+0000] {logging_mixin.py:188} INFO - [2026-09-09T00:01:09.019+0000] {dagbag.py:545} INFO - Filling up the DagBag from /opt/airflow/dags/maritime_intelligence_pipeline.py
[2026-09-09T00:01:09.063+0000] {processor.py:840} INFO - DAG(s) 'maritime_intelligence_pipeline' retrieved from /opt/airflow/dags/maritime_intelligence_pipeline.py
[2026-09-09T00:01:09.123+0000] {logging_mixin.py:188} INFO - [2026-09-09T00:01:09.122+0000] {dag.py:3089} INFO - Sync 1 DAGs
[2026-09-09T00:01:09.172+0000] {logging_mixin.py:188} INFO - [2026-09-09T00:01:09.171+0000] {dag.py:3947} INFO - Setting next_dagrun for maritime_intelligence_pipeline to 2026-09-08 00:00:00+00:00, run_after=2026-09-09 00:00:00+00:00
[2026-09-09T00:01:09.206+0000] {processor.py:183} INFO - Processing /opt/airflow/dags/maritime_intelligence_pipeline.py took 0.205 seconds
[2026-09-09T00:01:39.485+0000] {processor.py:161} INFO - Started process (PID=5375) to work on /opt/airflow/dags/maritime_intelligence_pipeline.py
[2026-09-09T00:01:39.488+0000] {processor.py:830} INFO - Processing file /opt/airflow/dags/maritime_intelligence_pipeline.py for tasks to queue
[2026-09-09T00:01:39.501+0000] {logging_mixin.py:188} INFO - [2026-09-09T00:01:39.500+0000] {dagbag.py:545} INFO - Filling up the DagBag from /opt/airflow/dags/maritime_intelligence_pipeline.py
[2026-09-09T00:01:39.579+0000] {processor.py:840} INFO - DAG(s) 'maritime_intelligence_pipeline' retrieved from /opt/airflow/dags/maritime_intelligence_pipeline.py
[2026-09-09T00:01:39.631+0000] {logging_mixin.py:188} INFO - [2026-09-09T00:01:39.631+0000] {dag.py:3089} INFO - Sync 1 DAGs
[2026-09-09T00:01:39.673+0000] {logging_mixin.py:188} INFO - [2026-09-09T00:01:39.672+0000] {dag.py:3947} INFO - Setting next_dagrun for maritime_intelligence_pipeline to 2026-09-08 00:00:00+00:00, run_after=2026-09-09 00:00:00+00:00
[2026-09-09T00:01:39.706+0000] {processor.py:183} INFO - Processing /opt/airflow/dags/maritime_intelligence_pipeline.py took 0.241 seconds
[2026-09-09T00:02:10.084+0000] {processor.py:161} INFO - Started process (PID=5380) to work on /opt/airflow/dags/maritime_intelligence_pipeline.py
[2026-09-09T00:02:10.087+0000] {processor.py:830} INFO - Processing file /opt/airflow/dags/maritime_intelligence_pipeline.py for tasks to queue
[2026-09-09T00:02:10.091+0000] {logging_mixin.py:188} INFO - [2026-09-09T00:02:10.090+0000] {dagbag.py:545} INFO - Filling up the DagBag from /opt/airflow/dags/maritime_intelligence_pipeline.py
[2026-09-09T00:02:10.189+0000] {processor.py:840} INFO - DAG(s) 'maritime_intelligence_pipeline' retrieved from /opt/airflow/dags/maritime_intelligence_pipeline.py
[2026-09-09T00:02:10.250+0000] {logging_mixin.py:188} INFO - [2026-09-09T00:02:10.250+0000] {dag.py:3089} INFO - Sync 1 DAGs
[2026-09-09T00:02:10.287+0000] {logging_mixin.py:188} INFO - [2026-09-09T00:02:10.287+0000] {dag.py:3947} INFO - Setting next_dagrun for maritime_intelligence_pipeline to 2026-09-08 00:00:00+00:00, run_after=2026-09-09 00:00:00+00:00
[2026-09-09T00:02:10.315+0000] {processor.py:183} INFO - Processing /opt/airflow/dags/maritime_intelligence_pipeline.py took 0.246 seconds
[2026-09-09T00:02:40.647+0000] {processor.py:161} INFO - Started process (PID=5385) to work on /opt/airflow/dags/maritime_intelligence_pipeline.py
[2026-09-09T00:02:40.650+0000] {processor.py:830} INFO - Processing file /opt/airflow/dags/maritime_intelligence_pipeline.py for tasks to queue
[2026-09-09T00:02:40.655+0000] {logging_mixin.py:188} INFO - [2026-09-09T00:02:40.655+0000] {dagbag.py:545} INFO - Filling up the DagBag from /opt/airflow/dags/maritime_intelligence_pipeline.py
[2026-09-09T00:02:40.693+0000] {processor.py:840} INFO - DAG(s) 'maritime_intelligence_pipeline' retrieved from /opt/airflow/dags/maritime_intelligence_pipeline.py
[2026-09-09T00:02:40.743+0000] {logging_mixin.py:188} INFO - [2026-09-09T00:02:40.742+0000] {dag.py:3089} INFO - Sync 1 DAGs
[2026-09-09T00:02:40.785+0000] {logging_mixin.py:188} INFO - [2026-09-09T00:02:40.785+0000] {dag.py:3947} INFO - Setting next_dagrun for maritime_intelligence_pipeline to 2026-09-08 00:00:00+00:00, run_after=2026-09-09 00:00:00+00:00
[2026-09-09T00:02:40.822+0000] {processor.py:183} INFO - Processing /opt/airflow/dags/maritime_intelligence_pipeline.py took 0.187 seconds
[2026-09-09T00:03:11.400+0000] {processor.py:161} INFO - Started process (PID=5390) to work on /opt/airflow/dags/maritime_intelligence_pipeline.py
[2026-09-09T00:03:11.402+0000] {processor.py:830} INFO - Processing file /opt/airflow/dags/maritime_intelligence_pipeline.py for tasks to queue
[2026-09-09T00:03:11.408+0000] {logging_mixin.py:188} INFO - [2026-09-09T00:03:11.407+0000] {dagbag.py:545} INFO - Filling up the DagBag from /opt/airflow/dags/maritime_intelligence_pipeline.py
[2026-09-09T00:03:11.529+0000] {processor.py:840} INFO - DAG(s) 'maritime_intelligence_pipeline' retrieved from /opt/airflow/dags/maritime_intelligence_pipeline.py
[2026-09-09T00:03:12.256+0000] {logging_mixin.py:188} INFO - [2026-09-09T00:03:12.256+0000] {dag.py:3089} INFO - Sync 1 DAGs
[2026-09-09T00:03:12.928+0000] {logging_mixin.py:188} INFO - [2026-09-09T00:03:12.927+0000] {dag.py:3947} INFO - Setting next_dagrun for maritime_intelligence_pipeline to 2026-09-08 00:00:00+00:00, run_after=2026-09-09 00:00:00+00:00
[2026-09-09T00:03:12.981+0000] {processor.py:183} INFO - Processing /opt/airflow/dags/maritime_intelligence_pipeline.py took 1.596 seconds
[2026-09-09T00:03:43.275+0000] {processor.py:161} INFO - Started process (PID=5395) to work on /opt/airflow/dags/maritime_intelligence_pipeline.py
[2026-09-09T00:03:43.278+0000] {processor.py:830} INFO - Processing file /opt/airflow/dags/maritime_intelligence_pipeline.py for tasks to queue
[2026-09-09T00:03:43.282+0000] {logging_mixin.py:188} INFO - [2026-09-09T00:03:43.282+0000] {dagbag.py:545} INFO - Filling up the DagBag from /opt/airflow/dags/maritime_intelligence_pipeline.py
[2026-09-09T00:03:43.323+0000] {processor.py:840} INFO - DAG(s) 'maritime_intelligence_pipeline' retrieved from /opt/airflow/dags/maritime_intelligence_pipeline.py
[2026-09-09T00:03:43.379+0000] {logging_mixin.py:188} INFO - [2026-09-09T00:03:43.379+0000] {dag.py:3089} INFO - Sync 1 DAGs
[2026-09-09T00:03:43.432+0000] {logging_mixin.py:188} INFO - [2026-09-09T00:03:43.431+0000] {dag.py:3947} INFO - Setting next_dagrun for maritime_intelligence_pipeline to 2026-09-08 00:00:00+00:00, run_after=2026-09-09 00:00:00+00:00
[2026-09-09T00:03:43.466+0000] {processor.py:183} INFO - Processing /opt/airflow/dags/maritime_intelligence_pipeline.py took 0.206 seconds
[2026-09-09T00:04:14.007+0000] {processor.py:161} INFO - Started process (PID=5400) to work on /opt/airflow/dags/maritime_intelligence_pipeline.py
[2026-09-09T00:04:14.010+0000] {processor.py:830} INFO - Processing file /opt/airflow/dags/maritime_intelligence_pipeline.py for tasks to queue
[2026-09-09T00:04:14.015+0000] {logging_mixin.py:188} INFO - [2026-09-09T00:04:14.014+0000] {dagbag.py:545} INFO - Filling up the DagBag from /opt/airflow/dags/maritime_intelligence_pipeline.py
[2026-09-09T00:04:14.074+0000] {processor.py:840} INFO - DAG(s) 'maritime_intelligence_pipeline' retrieved from /opt/airflow/dags/maritime_intelligence_pipeline.py
[2026-09-09T00:04:14.132+0000] {logging_mixin.py:188} INFO - [2026-09-09T00:04:14.132+0000] {dag.py:3089} INFO - Sync 1 DAGs
[2026-09-09T00:04:14.168+0000] {logging_mixin.py:188} INFO - [2026-09-09T00:04:14.168+0000] {dag.py:3947} INFO - Setting next_dagrun for maritime_intelligence_pipeline to 2026-09-08 00:00:00+00:00, run_after=2026-09-09 00:00:00+00:00
[2026-09-09T00:04:14.198+0000] {processor.py:183} INFO - Processing /opt/airflow/dags/maritime_intelligence_pipeline.py took 0.201 seconds
[2026-09-09T00:04:44.327+0000] {processor.py:161} INFO - Started process (PID=5405) to work on /opt/airflow/dags/maritime_intelligence_pipeline.py
[2026-09-09T00:04:44.330+0000] {processor.py:830} INFO - Processing file /opt/airflow/dags/maritime_intelligence_pipeline.py for tasks to queue
[2026-09-09T00:04:44.334+0000] {logging_mixin.py:188} INFO - [2026-09-09T00:04:44.333+0000] {dagbag.py:545} INFO - Filling up the DagBag from /opt/airflow/dags/maritime_intelligence_pipeline.py
[2026-09-09T00:04:44.377+0000] {processor.py:840} INFO - DAG(s) 'maritime_intelligence_pipeline' retrieved from /opt/airflow/dags/maritime_intelligence_pipeline.py
[2026-09-09T00:04:44.447+0000] {logging_mixin.py:188} INFO - [2026-09-09T00:04:44.447+0000] {dag.py:3089} INFO - Sync 1 DAGs
[2026-09-09T00:04:44.489+0000] {logging_mixin.py:188} INFO - [2026-09-09T00:04:44.488+0000] {dag.py:3947} INFO - Setting next_dagrun for maritime_intelligence_pipeline to 2026-09-08 00:00:00+00:00, run_after=2026-09-09 00:00:00+00:00
[2026-09-09T00:04:44.523+0000] {processor.py:183} INFO - Processing /opt/airflow/dags/maritime_intelligence_pipeline.py took 0.210 seconds
[2026-09-09T00:05:14.749+0000] {processor.py:161} INFO - Started process (PID=5410) to work on /opt/airflow/dags/maritime_intelligence_pipeline.py
[2026-09-09T00:05:14.751+0000] {processor.py:830} INFO - Processing file /opt/airflow/dags/maritime_intelligence_pipeline.py for tasks to queue
[2026-09-09T00:05:14.755+0000] {logging_mixin.py:188} INFO - [2026-09-09T00:05:14.755+0000] {dagbag.py:545} INFO - Filling up the DagBag from /opt/airflow/dags/maritime_intelligence_pipeline.py
[2026-09-09T00:05:14.797+0000] {processor.py:840} INFO - DAG(s) 'maritime_intelligence_pipeline' retrieved from /opt/airflow/dags/maritime_intelligence_pipeline.py
[2026-09-09T00:05:14.850+0000] {logging_mixin.py:188} INFO - [2026-09-09T00:05:14.850+0000] {dag.py:3089} INFO - Sync 1 DAGs
[2026-09-09T00:05:14.891+0000] {logging_mixin.py:188} INFO - [2026-09-09T00:05:14.890+0000] {dag.py:3947} INFO - Setting next_dagrun for maritime_intelligence_pipeline to 2026-09-08 00:00:00+00:00, run_after=2026-09-09 00:00:00+00:00
[2026-09-09T00:05:14.925+0000] {processor.py:183} INFO - Processing /opt/airflow/dags/maritime_intelligence_pipeline.py took 0.194 seconds
[2026-09-09T00:05:45.167+0000] {processor.py:161} INFO - Started process (PID=5415) to work on /opt/airflow/dags/maritime_intelligence_pipeline.py
[2026-09-09T00:05:45.170+0000] {processor.py:830} INFO - Processing file /opt/airflow/dags/maritime_intelligence_pipeline.py for tasks to queue
[2026-09-09T00:05:45.175+0000] {logging_mixin.py:188} INFO - [2026-09-09T00:05:45.174+0000] {dagbag.py:545} INFO - Filling up the DagBag from /opt/airflow/dags/maritime_intelligence_pipeline.py
[2026-09-09T00:05:45.214+0000] {processor.py:840} INFO - DAG(s) 'maritime_intelligence_pipeline' retrieved from /opt/airflow/dags/maritime_intelligence_pipeline.py
[2026-09-09T00:05:45.265+0000] {logging_mixin.py:188} INFO - [2026-09-09T00:05:45.264+0000] {dag.py:3089} INFO - Sync 1 DAGs
[2026-09-09T00:05:45.307+0000] {logging_mixin.py:188} INFO - [2026-09-09T00:05:45.306+0000] {dag.py:3947} INFO - Setting next_dagrun for maritime_intelligence_pipeline to 2026-09-08 00:00:00+00:00, run_after=2026-09-09 00:00:00+00:00
[2026-09-09T00:05:45.336+0000] {processor.py:183} INFO - Processing /opt/airflow/dags/maritime_intelligence_pipeline.py took 0.183 seconds
[2026-09-09T00:06:15.517+0000] {processor.py:161} INFO - Started process (PID=5420) to work on /opt/airflow/dags/maritime_intelligence_pipeline.py
[2026-09-09T00:06:15.520+0000] {processor.py:830} INFO - Processing file /opt/airflow/dags/maritime_intelligence_pipeline.py for tasks to queue
[2026-09-09T00:06:15.526+0000] {logging_mixin.py:188} INFO - [2026-09-09T00:06:15.525+0000] {dagbag.py:545} INFO - Filling up the DagBag from /opt/airflow/dags/maritime_intelligence_pipeline.py
[2026-09-09T00:06:15.568+0000] {processor.py:840} INFO - DAG(s) 'maritime_intelligence_pipeline' retrieved from /opt/airflow/dags/maritime_intelligence_pipeline.py
[2026-09-09T00:06:15.623+0000] {logging_mixin.py:188} INFO - [2026-09-09T00:06:15.623+0000] {dag.py:3089} INFO - Sync 1 DAGs
[2026-09-09T00:06:15.659+0000] {logging_mixin.py:188} INFO - [2026-09-09T00:06:15.659+0000] {dag.py:3947} INFO - Setting next_dagrun for maritime_intelligence_pipeline to 2026-09-08 00:00:00+00:00, run_after=2026-09-09 00:00:00+00:00
[2026-09-09T00:06:15.689+0000] {processor.py:183} INFO - Processing /opt/airflow/dags/maritime_intelligence_pipeline.py took 0.187 seconds
[2026-09-09T00:06:45.772+0000] {processor.py:161} INFO - Started process (PID=5425) to work on /opt/airflow/dags/maritime_intelligence_pipeline.py
[2026-09-09T00:06:45.775+0000] {processor.py:830} INFO - Processing file /opt/airflow/dags/maritime_intelligence_pipeline.py for tasks to queue
[2026-09-09T00:06:45.780+0000] {logging_mixin.py:188} INFO - [2026-09-09T00:06:45.779+0000] {dagbag.py:545} INFO - Filling up the DagBag from /opt/airflow/dags/maritime_intelligence_pipeline.py
[2026-09-09T00:06:45.824+0000] {processor.py:840} INFO - DAG(s) 'maritime_intelligence_pipeline' retrieved from /opt/airflow/dags/maritime_intelligence_pipeline.py
[2026-09-09T00:06:45.880+0000] {logging_mixin.py:188} INFO - [2026-09-09T00:06:45.880+0000] {dag.py:3089} INFO - Sync 1 DAGs
[2026-09-09T00:06:45.921+0000] {logging_mixin.py:188} INFO - [2026-09-09T00:06:45.921+0000] {dag.py:3947} INFO - Setting next_dagrun for maritime_intelligence_pipeline to 2026-09-08 00:00:00+00:00, run_after=2026-09-09 00:00:00+00:00
[2026-09-09T00:06:45.953+0000] {processor.py:183} INFO - Processing /opt/airflow/dags/maritime_intelligence_pipeline.py took 0.198 seconds
[2026-09-09T00:07:16.037+0000] {processor.py:161} INFO - Started process (PID=5430) to work on /opt/airflow/dags/maritime_intelligence_pipeline.py
[2026-09-09T00:07:16.039+0000] {processor.py:830} INFO - Processing file /opt/airflow/dags/maritime_intelligence_pipeline.py for tasks to queue
[2026-09-09T00:07:16.043+0000] {logging_mixin.py:188} INFO - [2026-09-09T00:07:16.043+0000] {dagbag.py:545} INFO - Filling up the DagBag from /opt/airflow/dags/maritime_intelligence_pipeline.py
[2026-09-09T00:07:16.086+0000] {processor.py:840} INFO - DAG(s) 'maritime_intelligence_pipeline' retrieved from /opt/airflow/dags/maritime_intelligence_pipeline.py
[2026-09-09T00:07:16.135+0000] {logging_mixin.py:188} INFO - [2026-09-09T00:07:16.135+0000] {dag.py:3089} INFO - Sync 1 DAGs
[2026-09-09T00:07:16.171+0000] {logging_mixin.py:188} INFO - [2026-09-09T00:07:16.171+0000] {dag.py:3947} INFO - Setting next_dagrun for maritime_intelligence_pipeline to 2026-09-08 00:00:00+00:00, run_after=2026-09-09 00:00:00+00:00
[2026-09-09T00:07:16.206+0000] {processor.py:183} INFO - Processing /opt/airflow/dags/maritime_intelligence_pipeline.py took 0.180 seconds
[2026-09-09T00:07:46.507+0000] {processor.py:161} INFO - Started process (PID=5435) to work on /opt/airflow/dags/maritime_intelligence_pipeline.py
[2026-09-09T00:07:46.511+0000] {processor.py:830} INFO - Processing file /opt/airflow/dags/maritime_intelligence_pipeline.py for tasks to queue
[2026-09-09T00:07:46.519+0000] {logging_mixin.py:188} INFO - [2026-09-09T00:07:46.518+0000] {dagbag.py:545} INFO - Filling up the DagBag from /opt/airflow/dags/maritime_intelligence_pipeline.py
[2026-09-09T00:07:46.574+0000] {processor.py:840} INFO - DAG(s) 'maritime_intelligence_pipeline' retrieved from /opt/airflow/dags/maritime_intelligence_pipeline.py
[2026-09-09T00:07:46.667+0000] {logging_mixin.py:188} INFO - [2026-09-09T00:07:46.667+0000] {dag.py:3089} INFO - Sync 1 DAGs
[2026-09-09T00:07:46.715+0000] {logging_mixin.py:188} INFO - [2026-09-09T00:07:46.714+0000] {dag.py:3947} INFO - Setting next_dagrun for maritime_intelligence_pipeline to 2026-09-08 00:00:00+00:00, run_after=2026-09-09 00:00:00+00:00
[2026-09-09T00:07:46.751+0000] {processor.py:183} INFO - Processing /opt/airflow/dags/maritime_intelligence_pipeline.py took 0.313 seconds
[2026-09-09T00:08:17.073+0000] {processor.py:161} INFO - Started process (PID=5440) to work on /opt/airflow/dags/maritime_intelligence_pipeline.py
[2026-09-09T00:08:17.077+0000] {processor.py:830} INFO - Processing file /opt/airflow/dags/maritime_intelligence_pipeline.py for tasks to queue
[2026-09-09T00:08:17.083+0000] {logging_mixin.py:188} INFO - [2026-09-09T00:08:17.082+0000] {dagbag.py:545} INFO - Filling up the DagBag from /opt/airflow/dags/maritime_intelligence_pipeline.py
[2026-09-09T00:08:17.149+0000] {processor.py:840} INFO - DAG(s) 'maritime_intelligence_pipeline' retrieved from /opt/airflow/dags/maritime_intelligence_pipeline.py
[2026-09-09T00:08:17.213+0000] {logging_mixin.py:188} INFO - [2026-09-09T00:08:17.213+0000] {dag.py:3089} INFO - Sync 1 DAGs
[2026-09-09T00:08:17.254+0000] {logging_mixin.py:188} INFO - [2026-09-09T00:08:17.254+0000] {dag.py:3947} INFO - Setting next_dagrun for maritime_intelligence_pipeline to 2026-09-08 00:00:00+00:00, run_after=2026-09-09 00:00:00+00:00
[2026-09-09T00:08:17.283+0000] {processor.py:183} INFO - Processing /opt/airflow/dags/maritime_intelligence_pipeline.py took 0.226 seconds
[2026-09-09T00:08:47.780+0000] {processor.py:161} INFO - Started process (PID=5445) to work on /opt/airflow/dags/maritime_intelligence_pipeline.py
[2026-09-09T00:08:47.783+0000] {processor.py:830} INFO - Processing file /opt/airflow/dags/maritime_intelligence_pipeline.py for tasks to queue
[2026-09-09T00:08:47.786+0000] {logging_mixin.py:188} INFO - [2026-09-09T00:08:47.786+0000] {dagbag.py:545} INFO - Filling up the DagBag from /opt/airflow/dags/maritime_intelligence_pipeline.py
[2026-09-09T00:08:47.821+0000] {processor.py:840} INFO - DAG(s) 'maritime_intelligence_pipeline' retrieved from /opt/airflow/dags/maritime_intelligence_pipeline.py
[2026-09-09T00:08:48.461+0000] {logging_mixin.py:188} INFO - [2026-09-09T00:08:48.460+0000] {dag.py:3089} INFO - Sync 1 DAGs
[2026-09-09T00:08:48.521+0000] {logging_mixin.py:188} INFO - [2026-09-09T00:08:48.520+0000] {dag.py:3947} INFO - Setting next_dagrun for maritime_intelligence_pipeline to 2026-09-08 00:00:00+00:00, run_after=2026-09-09 00:00:00+00:00
[2026-09-09T00:08:48.556+0000] {processor.py:183} INFO - Processing /opt/airflow/dags/maritime_intelligence_pipeline.py took 0.790 seconds
[2026-09-09T00:09:18.997+0000] {processor.py:161} INFO - Started process (PID=5450) to work on /opt/airflow/dags/maritime_intelligence_pipeline.py
[2026-09-09T00:09:19.000+0000] {processor.py:830} INFO - Processing file /opt/airflow/dags/maritime_intelligence_pipeline.py for tasks to queue
[2026-09-09T00:09:19.011+0000] {logging_mixin.py:188} INFO - [2026-09-09T00:09:19.010+0000] {dagbag.py:545} INFO - Filling up the DagBag from /opt/airflow/dags/maritime_intelligence_pipeline.py
[2026-09-09T00:09:19.154+0000] {processor.py:840} INFO - DAG(s) 'maritime_intelligence_pipeline' retrieved from /opt/airflow/dags/maritime_intelligence_pipeline.py
[2026-09-09T00:09:19.339+0000] {logging_mixin.py:188} INFO - [2026-09-09T00:09:19.339+0000] {dag.py:3089} INFO - Sync 1 DAGs
[2026-09-09T00:09:19.400+0000] {logging_mixin.py:188} INFO - [2026-09-09T00:09:19.400+0000] {dag.py:3947} INFO - Setting next_dagrun for maritime_intelligence_pipeline to 2026-09-08 00:00:00+00:00, run_after=2026-09-09 00:00:00+00:00
[2026-09-09T00:09:19.438+0000] {processor.py:183} INFO - Processing /opt/airflow/dags/maritime_intelligence_pipeline.py took 0.455 seconds
[2026-09-09T00:09:50.191+0000] {processor.py:161} INFO - Started process (PID=5455) to work on /opt/airflow/dags/maritime_intelligence_pipeline.py
[2026-09-09T00:09:50.195+0000] {processor.py:830} INFO - Processing file /opt/airflow/dags/maritime_intelligence_pipeline.py for tasks to queue
[2026-09-09T00:09:50.201+0000] {logging_mixin.py:188} INFO - [2026-09-09T00:09:50.200+0000] {dagbag.py:545} INFO - Filling up the DagBag from /opt/airflow/dags/maritime_intelligence_pipeline.py
[2026-09-09T00:09:50.245+0000] {processor.py:840} INFO - DAG(s) 'maritime_intelligence_pipeline' retrieved from /opt/airflow/dags/maritime_intelligence_pipeline.py
[2026-09-09T00:09:50.297+0000] {logging_mixin.py:188} INFO - [2026-09-09T00:09:50.297+0000] {dag.py:3089} INFO - Sync 1 DAGs
[2026-09-09T00:09:50.339+0000] {logging_mixin.py:188} INFO - [2026-09-09T00:09:50.339+0000] {dag.py:3947} INFO - Setting next_dagrun for maritime_intelligence_pipeline to 2026-09-08 00:00:00+00:00, run_after=2026-09-09 00:00:00+00:00
[2026-09-09T00:09:50.369+0000] {processor.py:183} INFO - Processing /opt/airflow/dags/maritime_intelligence_pipeline.py took 0.195 seconds
[2026-09-09T00:10:20.571+0000] {processor.py:161} INFO - Started process (PID=5460) to work on /opt/airflow/dags/maritime_intelligence_pipeline.py
[2026-09-09T00:10:20.574+0000] {processor.py:830} INFO - Processing file /opt/airflow/dags/maritime_intelligence_pipeline.py for tasks to queue
[2026-09-09T00:10:20.578+0000] {logging_mixin.py:188} INFO - [2026-09-09T00:10:20.578+0000] {dagbag.py:545} INFO - Filling up the DagBag from /opt/airflow/dags/maritime_intelligence_pipeline.py
[2026-09-09T00:10:20.622+0000] {processor.py:840} INFO - DAG(s) 'maritime_intelligence_pipeline' retrieved from /opt/airflow/dags/maritime_intelligence_pipeline.py
[2026-09-09T00:10:20.681+0000] {logging_mixin.py:188} INFO - [2026-09-09T00:10:20.680+0000] {dag.py:3089} INFO - Sync 1 DAGs
[2026-09-09T00:10:20.724+0000] {logging_mixin.py:188} INFO - [2026-09-09T00:10:20.724+0000] {dag.py:3947} INFO - Setting next_dagrun for maritime_intelligence_pipeline to 2026-09-08 00:00:00+00:00, run_after=2026-09-09 00:00:00+00:00
[2026-09-09T00:10:20.758+0000] {processor.py:183} INFO - Processing /opt/airflow/dags/maritime_intelligence_pipeline.py took 0.203 seconds
[2026-09-09T00:10:51.101+0000] {processor.py:161} INFO - Started process (PID=5465) to work on /opt/airflow/dags/maritime_intelligence_pipeline.py
[2026-09-09T00:10:51.103+0000] {processor.py:830} INFO - Processing file /opt/airflow/dags/maritime_intelligence_pipeline.py for tasks to queue
[2026-09-09T00:10:51.112+0000] {logging_mixin.py:188} INFO - [2026-09-09T00:10:51.110+0000] {dagbag.py:545} INFO - Filling up the DagBag from /opt/airflow/dags/maritime_intelligence_pipeline.py
[2026-09-09T00:10:51.159+0000] {processor.py:840} INFO - DAG(s) 'maritime_intelligence_pipeline' retrieved from /opt/airflow/dags/maritime_intelligence_pipeline.py
[2026-09-09T00:10:51.229+0000] {logging_mixin.py:188} INFO - [2026-09-09T00:10:51.229+0000] {dag.py:3089} INFO - Sync 1 DAGs
[2026-09-09T00:10:51.293+0000] {logging_mixin.py:188} INFO - [2026-09-09T00:10:51.284+0000] {dag.py:3947} INFO - Setting next_dagrun for maritime_intelligence_pipeline to 2026-09-08 00:00:00+00:00, run_after=2026-09-09 00:00:00+00:00
[2026-09-09T00:10:51.508+0000] {processor.py:183} INFO - Processing /opt/airflow/dags/maritime_intelligence_pipeline.py took 0.423 seconds
[2026-09-09T00:11:22.233+0000] {processor.py:161} INFO - Started process (PID=5470) to work on /opt/airflow/dags/maritime_intelligence_pipeline.py
[2026-09-09T00:11:22.234+0000] {processor.py:830} INFO - Processing file /opt/airflow/dags/maritime_intelligence_pipeline.py for tasks to queue
[2026-09-09T00:11:22.239+0000] {logging_mixin.py:188} INFO - [2026-09-09T00:11:22.238+0000] {dagbag.py:545} INFO - Filling up the DagBag from /opt/airflow/dags/maritime_intelligence_pipeline.py
[2026-09-09T00:11:22.295+0000] {processor.py:840} INFO - DAG(s) 'maritime_intelligence_pipeline' retrieved from /opt/airflow/dags/maritime_intelligence_pipeline.py
[2026-09-09T00:11:22.363+0000] {logging_mixin.py:188} INFO - [2026-09-09T00:11:22.363+0000] {dag.py:3089} INFO - Sync 1 DAGs
[2026-09-09T00:11:22.406+0000] {logging_mixin.py:188} INFO - [2026-09-09T00:11:22.406+0000] {dag.py:3947} INFO - Setting next_dagrun for maritime_intelligence_pipeline to 2026-09-08 00:00:00+00:00, run_after=2026-09-09 00:00:00+00:00
[2026-09-09T00:11:22.444+0000] {processor.py:183} INFO - Processing /opt/airflow/dags/maritime_intelligence_pipeline.py took 0.226 seconds
[2026-09-09T00:11:52.656+0000] {processor.py:161} INFO - Started process (PID=5475) to work on /opt/airflow/dags/maritime_intelligence_pipeline.py
[2026-09-09T00:11:52.659+0000] {processor.py:830} INFO - Processing file /opt/airflow/dags/maritime_intelligence_pipeline.py for tasks to queue
[2026-09-09T00:11:52.664+0000] {logging_mixin.py:188} INFO - [2026-09-09T00:11:52.663+0000] {dagbag.py:545} INFO - Filling up the DagBag from /opt/airflow/dags/maritime_intelligence_pipeline.py
[2026-09-09T00:11:52.707+0000] {processor.py:840} INFO - DAG(s) 'maritime_intelligence_pipeline' retrieved from /opt/airflow/dags/maritime_intelligence_pipeline.py
[2026-09-09T00:11:52.757+0000] {logging_mixin.py:188} INFO - [2026-09-09T00:11:52.756+0000] {dag.py:3089} INFO - Sync 1 DAGs
[2026-09-09T00:11:52.798+0000] {logging_mixin.py:188} INFO - [2026-09-09T00:11:52.798+0000] {dag.py:3947} INFO - Setting next_dagrun for maritime_intelligence_pipeline to 2026-09-08 00:00:00+00:00, run_after=2026-09-09 00:00:00+00:00
[2026-09-09T00:11:52.834+0000] {processor.py:183} INFO - Processing /opt/airflow/dags/maritime_intelligence_pipeline.py took 0.198 seconds
[2026-09-09T00:12:22.928+0000] {processor.py:161} INFO - Started process (PID=5480) to work on /opt/airflow/dags/maritime_intelligence_pipeline.py
[2026-09-09T00:12:22.930+0000] {processor.py:830} INFO - Processing file /opt/airflow/dags/maritime_intelligence_pipeline.py for tasks to queue
[2026-09-09T00:12:22.935+0000] {logging_mixin.py:188} INFO - [2026-09-09T00:12:22.934+0000] {dagbag.py:545} INFO - Filling up the DagBag from /opt/airflow/dags/maritime_intelligence_pipeline.py
[2026-09-09T00:12:23.057+0000] {processor.py:840} INFO - DAG(s) 'maritime_intelligence_pipeline' retrieved from /opt/airflow/dags/maritime_intelligence_pipeline.py
[2026-09-09T00:12:23.165+0000] {logging_mixin.py:188} INFO - [2026-09-09T00:12:23.164+0000] {dag.py:3089} INFO - Sync 1 DAGs
[2026-09-09T00:12:23.462+0000] {logging_mixin.py:188} INFO - [2026-09-09T00:12:23.461+0000] {dag.py:3947} INFO - Setting next_dagrun for maritime_intelligence_pipeline to 2026-09-08 00:00:00+00:00, run_after=2026-09-09 00:00:00+00:00
[2026-09-09T00:12:23.506+0000] {processor.py:183} INFO - Processing /opt/airflow/dags/maritime_intelligence_pipeline.py took 0.596 seconds
[2026-09-09T00:12:54.100+0000] {processor.py:161} INFO - Started process (PID=5485) to work on /opt/airflow/dags/maritime_intelligence_pipeline.py
[2026-09-09T00:12:54.105+0000] {processor.py:830} INFO - Processing file /opt/airflow/dags/maritime_intelligence_pipeline.py for tasks to queue
[2026-09-09T00:12:54.110+0000] {logging_mixin.py:188} INFO - [2026-09-09T00:12:54.109+0000] {dagbag.py:545} INFO - Filling up the DagBag from /opt/airflow/dags/maritime_intelligence_pipeline.py
[2026-09-09T00:12:54.160+0000] {processor.py:840} INFO - DAG(s) 'maritime_intelligence_pipeline' retrieved from /opt/airflow/dags/maritime_intelligence_pipeline.py
[2026-09-09T00:12:54.255+0000] {logging_mixin.py:188} INFO - [2026-09-09T00:12:54.255+0000] {dag.py:3089} INFO - Sync 1 DAGs
[2026-09-09T00:12:54.342+0000] {logging_mixin.py:188} INFO - [2026-09-09T00:12:54.342+0000] {dag.py:3947} INFO - Setting next_dagrun for maritime_intelligence_pipeline to 2026-09-08 00:00:00+00:00, run_after=2026-09-09 00:00:00+00:00
[2026-09-09T00:12:54.398+0000] {processor.py:183} INFO - Processing /opt/airflow/dags/maritime_intelligence_pipeline.py took 0.314 seconds
[2026-09-09T00:13:24.775+0000] {processor.py:161} INFO - Started process (PID=5490) to work on /opt/airflow/dags/maritime_intelligence_pipeline.py
[2026-09-09T00:13:24.778+0000] {processor.py:830} INFO - Processing file /opt/airflow/dags/maritime_intelligence_pipeline.py for tasks to queue
[2026-09-09T00:13:24.790+0000] {logging_mixin.py:188} INFO - [2026-09-09T00:13:24.789+0000] {dagbag.py:545} INFO - Filling up the DagBag from /opt/airflow/dags/maritime_intelligence_pipeline.py
[2026-09-09T00:13:24.856+0000] {processor.py:840} INFO - DAG(s) 'maritime_intelligence_pipeline' retrieved from /opt/airflow/dags/maritime_intelligence_pipeline.py
[2026-09-09T00:13:24.955+0000] {logging_mixin.py:188} INFO - [2026-09-09T00:13:24.954+0000] {dag.py:3089} INFO - Sync 1 DAGs
[2026-09-09T00:13:25.032+0000] {logging_mixin.py:188} INFO - [2026-09-09T00:13:25.032+0000] {dag.py:3947} INFO - Setting next_dagrun for maritime_intelligence_pipeline to 2026-09-08 00:00:00+00:00, run_after=2026-09-09 00:00:00+00:00
[2026-09-09T00:13:25.096+0000] {processor.py:183} INFO - Processing /opt/airflow/dags/maritime_intelligence_pipeline.py took 0.339 seconds
[2026-09-09T00:13:55.510+0000] {processor.py:161} INFO - Started process (PID=5495) to work on /opt/airflow/dags/maritime_intelligence_pipeline.py
[2026-09-09T00:13:55.513+0000] {processor.py:830} INFO - Processing file /opt/airflow/dags/maritime_intelligence_pipeline.py for tasks to queue
[2026-09-09T00:13:55.519+0000] {logging_mixin.py:188} INFO - [2026-09-09T00:13:55.519+0000] {dagbag.py:545} INFO - Filling up the DagBag from /opt/airflow/dags/maritime_intelligence_pipeline.py
[2026-09-09T00:13:55.610+0000] {processor.py:840} INFO - DAG(s) 'maritime_intelligence_pipeline' retrieved from /opt/airflow/dags/maritime_intelligence_pipeline.py
[2026-09-09T00:13:55.705+0000] {logging_mixin.py:188} INFO - [2026-09-09T00:13:55.704+0000] {dag.py:3089} INFO - Sync 1 DAGs
[2026-09-09T00:13:55.754+0000] {logging_mixin.py:188} INFO - [2026-09-09T00:13:55.754+0000] {dag.py:3947} INFO - Setting next_dagrun for maritime_intelligence_pipeline to 2026-09-08 00:00:00+00:00, run_after=2026-09-09 00:00:00+00:00
[2026-09-09T00:13:55.801+0000] {processor.py:183} INFO - Processing /opt/airflow/dags/maritime_intelligence_pipeline.py took 0.307 seconds
[2026-09-09T00:14:26.222+0000] {processor.py:161} INFO - Started process (PID=5500) to work on /opt/airflow/dags/maritime_intelligence_pipeline.py
[2026-09-09T00:14:26.224+0000] {processor.py:830} INFO - Processing file /opt/airflow/dags/maritime_intelligence_pipeline.py for tasks to queue
[2026-09-09T00:14:26.230+0000] {logging_mixin.py:188} INFO - [2026-09-09T00:14:26.230+0000] {dagbag.py:545} INFO - Filling up the DagBag from /opt/airflow/dags/maritime_intelligence_pipeline.py
[2026-09-09T00:14:26.274+0000] {processor.py:840} INFO - DAG(s) 'maritime_intelligence_pipeline' retrieved from /opt/airflow/dags/maritime_intelligence_pipeline.py
[2026-09-09T00:14:26.331+0000] {logging_mixin.py:188} INFO - [2026-09-09T00:14:26.330+0000] {dag.py:3089} INFO - Sync 1 DAGs
[2026-09-09T00:14:26.377+0000] {logging_mixin.py:188} INFO - [2026-09-09T00:14:26.377+0000] {dag.py:3947} INFO - Setting next_dagrun for maritime_intelligence_pipeline to 2026-09-08 00:00:00+00:00, run_after=2026-09-09 00:00:00+00:00
[2026-09-09T00:14:26.412+0000] {processor.py:183} INFO - Processing /opt/airflow/dags/maritime_intelligence_pipeline.py took 0.205 seconds
[2026-09-09T00:14:56.511+0000] {processor.py:161} INFO - Started process (PID=5505) to work on /opt/airflow/dags/maritime_intelligence_pipeline.py
[2026-09-09T00:14:56.514+0000] {processor.py:830} INFO - Processing file /opt/airflow/dags/maritime_intelligence_pipeline.py for tasks to queue
[2026-09-09T00:14:56.519+0000] {logging_mixin.py:188} INFO - [2026-09-09T00:14:56.519+0000] {dagbag.py:545} INFO - Filling up the DagBag from /opt/airflow/dags/maritime_intelligence_pipeline.py
[2026-09-09T00:14:56.567+0000] {processor.py:840} INFO - DAG(s) 'maritime_intelligence_pipeline' retrieved from /opt/airflow/dags/maritime_intelligence_pipeline.py
[2026-09-09T00:14:56.627+0000] {logging_mixin.py:188} INFO - [2026-09-09T00:14:56.627+0000] {dag.py:3089} INFO - Sync 1 DAGs
[2026-09-09T00:14:56.682+0000] {logging_mixin.py:188} INFO - [2026-09-09T00:14:56.681+0000] {dag.py:3947} INFO - Setting next_dagrun for maritime_intelligence_pipeline to 2026-09-08 00:00:00+00:00, run_after=2026-09-09 00:00:00+00:00
[2026-09-09T00:14:56.718+0000] {processor.py:183} INFO - Processing /opt/airflow/dags/maritime_intelligence_pipeline.py took 0.221 seconds
[2026-09-09T00:15:27.104+0000] {processor.py:161} INFO - Started process (PID=5510) to work on /opt/airflow/dags/maritime_intelligence_pipeline.py
[2026-09-09T00:15:27.118+0000] {processor.py:830} INFO - Processing file /opt/airflow/dags/maritime_intelligence_pipeline.py for tasks to queue
[2026-09-09T00:15:27.126+0000] {logging_mixin.py:188} INFO - [2026-09-09T00:15:27.125+0000] {dagbag.py:545} INFO - Filling up the DagBag from /opt/airflow/dags/maritime_intelligence_pipeline.py
[2026-09-09T00:15:27.178+0000] {processor.py:840} INFO - DAG(s) 'maritime_intelligence_pipeline' retrieved from /opt/airflow/dags/maritime_intelligence_pipeline.py
[2026-09-09T00:15:28.014+0000] {logging_mixin.py:188} INFO - [2026-09-09T00:15:28.013+0000] {dag.py:3089} INFO - Sync 1 DAGs
[2026-09-09T00:15:28.078+0000] {logging_mixin.py:188} INFO - [2026-09-09T00:15:28.077+0000] {dag.py:3947} INFO - Setting next_dagrun for maritime_intelligence_pipeline to 2026-09-08 00:00:00+00:00, run_after=2026-09-09 00:00:00+00:00
[2026-09-09T00:15:28.161+0000] {processor.py:183} INFO - Processing /opt/airflow/dags/maritime_intelligence_pipeline.py took 1.088 seconds
[2026-09-09T00:15:58.235+0000] {processor.py:161} INFO - Started process (PID=5515) to work on /opt/airflow/dags/maritime_intelligence_pipeline.py
[2026-09-09T00:15:58.238+0000] {processor.py:830} INFO - Processing file /opt/airflow/dags/maritime_intelligence_pipeline.py for tasks to queue
[2026-09-09T00:15:58.243+0000] {logging_mixin.py:188} INFO - [2026-09-09T00:15:58.243+0000] {dagbag.py:545} INFO - Filling up the DagBag from /opt/airflow/dags/maritime_intelligence_pipeline.py
[2026-09-09T00:15:58.279+0000] {processor.py:840} INFO - DAG(s) 'maritime_intelligence_pipeline' retrieved from /opt/airflow/dags/maritime_intelligence_pipeline.py
[2026-09-09T00:15:58.326+0000] {logging_mixin.py:188} INFO - [2026-09-09T00:15:58.325+0000] {dag.py:3089} INFO - Sync 1 DAGs
[2026-09-09T00:15:58.374+0000] {logging_mixin.py:188} INFO - [2026-09-09T00:15:58.374+0000] {dag.py:3947} INFO - Setting next_dagrun for maritime_intelligence_pipeline to 2026-09-08 00:00:00+00:00, run_after=2026-09-09 00:00:00+00:00
[2026-09-09T00:15:58.409+0000] {processor.py:183} INFO - Processing /opt/airflow/dags/maritime_intelligence_pipeline.py took 0.186 seconds
[2026-09-09T00:16:28.926+0000] {processor.py:161} INFO - Started process (PID=5520) to work on /opt/airflow/dags/maritime_intelligence_pipeline.py
[2026-09-09T00:16:28.930+0000] {processor.py:830} INFO - Processing file /opt/airflow/dags/maritime_intelligence_pipeline.py for tasks to queue
[2026-09-09T00:16:29.000+0000] {logging_mixin.py:188} INFO - [2026-09-09T00:16:28.999+0000] {dagbag.py:545} INFO - Filling up the DagBag from /opt/airflow/dags/maritime_intelligence_pipeline.py
[2026-09-09T00:16:29.122+0000] {processor.py:840} INFO - DAG(s) 'maritime_intelligence_pipeline' retrieved from /opt/airflow/dags/maritime_intelligence_pipeline.py
[2026-09-09T00:16:29.222+0000] {logging_mixin.py:188} INFO - [2026-09-09T00:16:29.222+0000] {dag.py:3089} INFO - Sync 1 DAGs
[2026-09-09T00:16:29.305+0000] {logging_mixin.py:188} INFO - [2026-09-09T00:16:29.304+0000] {dag.py:3947} INFO - Setting next_dagrun for maritime_intelligence_pipeline to 2026-09-08 00:00:00+00:00, run_after=2026-09-09 00:00:00+00:00
[2026-09-09T00:16:29.354+0000] {processor.py:183} INFO - Processing /opt/airflow/dags/maritime_intelligence_pipeline.py took 0.446 seconds
[2026-09-09T00:16:59.868+0000] {processor.py:161} INFO - Started process (PID=5525) to work on /opt/airflow/dags/maritime_intelligence_pipeline.py
[2026-09-09T00:16:59.873+0000] {processor.py:830} INFO - Processing file /opt/airflow/dags/maritime_intelligence_pipeline.py for tasks to queue
[2026-09-09T00:16:59.878+0000] {logging_mixin.py:188} INFO - [2026-09-09T00:16:59.877+0000] {dagbag.py:545} INFO - Filling up the DagBag from /opt/airflow/dags/maritime_intelligence_pipeline.py
[2026-09-09T00:16:59.931+0000] {processor.py:840} INFO - DAG(s) 'maritime_intelligence_pipeline' retrieved from /opt/airflow/dags/maritime_intelligence_pipeline.py
[2026-09-09T00:16:59.992+0000] {logging_mixin.py:188} INFO - [2026-09-09T00:16:59.991+0000] {dag.py:3089} INFO - Sync 1 DAGs
[2026-09-09T00:17:00.038+0000] {logging_mixin.py:188} INFO - [2026-09-09T00:17:00.038+0000] {dag.py:3947} INFO - Setting next_dagrun for maritime_intelligence_pipeline to 2026-09-08 00:00:00+00:00, run_after=2026-09-09 00:00:00+00:00
[2026-09-09T00:17:00.072+0000] {processor.py:183} INFO - Processing /opt/airflow/dags/maritime_intelligence_pipeline.py took 0.221 seconds
[2026-09-09T00:17:30.476+0000] {processor.py:161} INFO - Started process (PID=5530) to work on /opt/airflow/dags/maritime_intelligence_pipeline.py
[2026-09-09T00:17:30.479+0000] {processor.py:830} INFO - Processing file /opt/airflow/dags/maritime_intelligence_pipeline.py for tasks to queue
[2026-09-09T00:17:30.487+0000] {logging_mixin.py:188} INFO - [2026-09-09T00:17:30.486+0000] {dagbag.py:545} INFO - Filling up the DagBag from /opt/airflow/dags/maritime_intelligence_pipeline.py
[2026-09-09T00:17:30.538+0000] {processor.py:840} INFO - DAG(s) 'maritime_intelligence_pipeline' retrieved from /opt/airflow/dags/maritime_intelligence_pipeline.py
[2026-09-09T00:17:30.597+0000] {logging_mixin.py:188} INFO - [2026-09-09T00:17:30.596+0000] {dag.py:3089} INFO - Sync 1 DAGs
[2026-09-09T00:17:30.643+0000] {logging_mixin.py:188} INFO - [2026-09-09T00:17:30.642+0000] {dag.py:3947} INFO - Setting next_dagrun for maritime_intelligence_pipeline to 2026-09-08 00:00:00+00:00, run_after=2026-09-09 00:00:00+00:00
[2026-09-09T00:17:30.675+0000] {processor.py:183} INFO - Processing /opt/airflow/dags/maritime_intelligence_pipeline.py took 0.228 seconds
[2026-09-09T00:18:01.462+0000] {processor.py:161} INFO - Started process (PID=5535) to work on /opt/airflow/dags/maritime_intelligence_pipeline.py
[2026-09-09T00:18:01.465+0000] {processor.py:830} INFO - Processing file /opt/airflow/dags/maritime_intelligence_pipeline.py for tasks to queue
[2026-09-09T00:18:01.470+0000] {logging_mixin.py:188} INFO - [2026-09-09T00:18:01.470+0000] {dagbag.py:545} INFO - Filling up the DagBag from /opt/airflow/dags/maritime_intelligence_pipeline.py
[2026-09-09T00:18:01.526+0000] {processor.py:840} INFO - DAG(s) 'maritime_intelligence_pipeline' retrieved from /opt/airflow/dags/maritime_intelligence_pipeline.py
[2026-09-09T00:18:01.586+0000] {logging_mixin.py:188} INFO - [2026-09-09T00:18:01.585+0000] {dag.py:3089} INFO - Sync 1 DAGs
[2026-09-09T00:18:01.784+0000] {logging_mixin.py:188} INFO - [2026-09-09T00:18:01.783+0000] {dag.py:3947} INFO - Setting next_dagrun for maritime_intelligence_pipeline to 2026-09-08 00:00:00+00:00, run_after=2026-09-09 00:00:00+00:00
[2026-09-09T00:18:01.816+0000] {processor.py:183} INFO - Processing /opt/airflow/dags/maritime_intelligence_pipeline.py took 0.368 seconds
[2026-09-09T00:18:33.105+0000] {processor.py:161} INFO - Started process (PID=5540) to work on /opt/airflow/dags/maritime_intelligence_pipeline.py
[2026-09-09T00:18:33.203+0000] {processor.py:830} INFO - Processing file /opt/airflow/dags/maritime_intelligence_pipeline.py for tasks to queue
[2026-09-09T00:18:33.783+0000] {logging_mixin.py:188} INFO - [2026-09-09T00:18:33.781+0000] {dagbag.py:545} INFO - Filling up the DagBag from /opt/airflow/dags/maritime_intelligence_pipeline.py
[2026-09-09T00:18:34.700+0000] {processor.py:840} INFO - DAG(s) 'maritime_intelligence_pipeline' retrieved from /opt/airflow/dags/maritime_intelligence_pipeline.py
[2026-09-09T00:18:35.255+0000] {logging_mixin.py:188} INFO - [2026-09-09T00:18:35.255+0000] {dag.py:3089} INFO - Sync 1 DAGs
[2026-09-09T00:18:36.889+0000] {logging_mixin.py:188} INFO - [2026-09-09T00:18:36.888+0000] {dag.py:3947} INFO - Setting next_dagrun for maritime_intelligence_pipeline to 2026-09-08 00:00:00+00:00, run_after=2026-09-09 00:00:00+00:00
[2026-09-09T00:18:37.039+0000] {processor.py:183} INFO - Processing /opt/airflow/dags/maritime_intelligence_pipeline.py took 4.350 seconds
[2026-09-09T00:19:08.075+0000] {processor.py:161} INFO - Started process (PID=5545) to work on /opt/airflow/dags/maritime_intelligence_pipeline.py
[2026-09-09T00:19:08.077+0000] {processor.py:830} INFO - Processing file /opt/airflow/dags/maritime_intelligence_pipeline.py for tasks to queue
[2026-09-09T00:19:08.081+0000] {logging_mixin.py:188} INFO - [2026-09-09T00:19:08.081+0000] {dagbag.py:545} INFO - Filling up the DagBag from /opt/airflow/dags/maritime_intelligence_pipeline.py
[2026-09-09T00:19:08.117+0000] {processor.py:840} INFO - DAG(s) 'maritime_intelligence_pipeline' retrieved from /opt/airflow/dags/maritime_intelligence_pipeline.py
[2026-09-09T00:19:08.164+0000] {logging_mixin.py:188} INFO - [2026-09-09T00:19:08.164+0000] {dag.py:3089} INFO - Sync 1 DAGs
[2026-09-09T00:19:08.199+0000] {logging_mixin.py:188} INFO - [2026-09-09T00:19:08.199+0000] {dag.py:3947} INFO - Setting next_dagrun for maritime_intelligence_pipeline to 2026-09-08 00:00:00+00:00, run_after=2026-09-09 00:00:00+00:00
[2026-09-09T00:19:08.229+0000] {processor.py:183} INFO - Processing /opt/airflow/dags/maritime_intelligence_pipeline.py took 0.165 seconds
[2026-09-09T00:19:38.324+0000] {processor.py:161} INFO - Started process (PID=5550) to work on /opt/airflow/dags/maritime_intelligence_pipeline.py
[2026-09-09T00:19:38.327+0000] {processor.py:830} INFO - Processing file /opt/airflow/dags/maritime_intelligence_pipeline.py for tasks to queue
[2026-09-09T00:19:38.333+0000] {logging_mixin.py:188} INFO - [2026-09-09T00:19:38.332+0000] {dagbag.py:545} INFO - Filling up the DagBag from /opt/airflow/dags/maritime_intelligence_pipeline.py
[2026-09-09T00:19:38.379+0000] {processor.py:840} INFO - DAG(s) 'maritime_intelligence_pipeline' retrieved from /opt/airflow/dags/maritime_intelligence_pipeline.py
[2026-09-09T00:19:38.800+0000] {logging_mixin.py:188} INFO - [2026-09-09T00:19:38.800+0000] {dag.py:3089} INFO - Sync 1 DAGs
[2026-09-09T00:19:38.837+0000] {logging_mixin.py:188} INFO - [2026-09-09T00:19:38.836+0000] {dag.py:3947} INFO - Setting next_dagrun for maritime_intelligence_pipeline to 2026-09-08 00:00:00+00:00, run_after=2026-09-09 00:00:00+00:00
[2026-09-09T00:19:39.117+0000] {processor.py:183} INFO - Processing /opt/airflow/dags/maritime_intelligence_pipeline.py took 0.806 seconds
[2026-09-09T00:20:10.174+0000] {processor.py:161} INFO - Started process (PID=5555) to work on /opt/airflow/dags/maritime_intelligence_pipeline.py
[2026-09-09T00:20:10.176+0000] {processor.py:830} INFO - Processing file /opt/airflow/dags/maritime_intelligence_pipeline.py for tasks to queue
[2026-09-09T00:20:10.181+0000] {logging_mixin.py:188} INFO - [2026-09-09T00:20:10.181+0000] {dagbag.py:545} INFO - Filling up the DagBag from /opt/airflow/dags/maritime_intelligence_pipeline.py
[2026-09-09T00:20:10.227+0000] {processor.py:840} INFO - DAG(s) 'maritime_intelligence_pipeline' retrieved from /opt/airflow/dags/maritime_intelligence_pipeline.py
[2026-09-09T00:20:10.275+0000] {logging_mixin.py:188} INFO - [2026-09-09T00:20:10.275+0000] {dag.py:3089} INFO - Sync 1 DAGs
[2026-09-09T00:20:10.311+0000] {logging_mixin.py:188} INFO - [2026-09-09T00:20:10.311+0000] {dag.py:3947} INFO - Setting next_dagrun for maritime_intelligence_pipeline to 2026-09-08 00:00:00+00:00, run_after=2026-09-09 00:00:00+00:00
[2026-09-09T00:20:10.339+0000] {processor.py:183} INFO - Processing /opt/airflow/dags/maritime_intelligence_pipeline.py took 0.181 seconds
[2026-09-09T00:20:41.857+0000] {processor.py:161} INFO - Started process (PID=5560) to work on /opt/airflow/dags/maritime_intelligence_pipeline.py
[2026-09-09T00:20:41.861+0000] {processor.py:830} INFO - Processing file /opt/airflow/dags/maritime_intelligence_pipeline.py for tasks to queue
[2026-09-09T00:20:41.867+0000] {logging_mixin.py:188} INFO - [2026-09-09T00:20:41.866+0000] {dagbag.py:545} INFO - Filling up the DagBag from /opt/airflow/dags/maritime_intelligence_pipeline.py
[2026-09-09T00:20:41.915+0000] {processor.py:840} INFO - DAG(s) 'maritime_intelligence_pipeline' retrieved from /opt/airflow/dags/maritime_intelligence_pipeline.py
[2026-09-09T00:20:41.986+0000] {logging_mixin.py:188} INFO - [2026-09-09T00:20:41.985+0000] {dag.py:3089} INFO - Sync 1 DAGs
[2026-09-09T00:20:42.033+0000] {logging_mixin.py:188} INFO - [2026-09-09T00:20:42.032+0000] {dag.py:3947} INFO - Setting next_dagrun for maritime_intelligence_pipeline to 2026-09-08 00:00:00+00:00, run_after=2026-09-09 00:00:00+00:00
[2026-09-09T00:20:42.069+0000] {processor.py:183} INFO - Processing /opt/airflow/dags/maritime_intelligence_pipeline.py took 0.229 seconds
[2026-09-09T00:21:12.780+0000] {processor.py:161} INFO - Started process (PID=5565) to work on /opt/airflow/dags/maritime_intelligence_pipeline.py
[2026-09-09T00:21:12.782+0000] {processor.py:830} INFO - Processing file /opt/airflow/dags/maritime_intelligence_pipeline.py for tasks to queue
[2026-09-09T00:21:12.788+0000] {logging_mixin.py:188} INFO - [2026-09-09T00:21:12.787+0000] {dagbag.py:545} INFO - Filling up the DagBag from /opt/airflow/dags/maritime_intelligence_pipeline.py
[2026-09-09T00:21:12.831+0000] {processor.py:840} INFO - DAG(s) 'maritime_intelligence_pipeline' retrieved from /opt/airflow/dags/maritime_intelligence_pipeline.py
[2026-09-09T00:21:12.941+0000] {logging_mixin.py:188} INFO - [2026-09-09T00:21:12.940+0000] {dag.py:3089} INFO - Sync 1 DAGs
[2026-09-09T00:21:12.995+0000] {logging_mixin.py:188} INFO - [2026-09-09T00:21:12.994+0000] {dag.py:3947} INFO - Setting next_dagrun for maritime_intelligence_pipeline to 2026-09-08 00:00:00+00:00, run_after=2026-09-09 00:00:00+00:00
[2026-09-09T00:21:13.047+0000] {processor.py:183} INFO - Processing /opt/airflow/dags/maritime_intelligence_pipeline.py took 0.288 seconds
[2026-09-09T00:21:44.003+0000] {processor.py:161} INFO - Started process (PID=5570) to work on /opt/airflow/dags/maritime_intelligence_pipeline.py
[2026-09-09T00:21:44.006+0000] {processor.py:830} INFO - Processing file /opt/airflow/dags/maritime_intelligence_pipeline.py for tasks to queue
[2026-09-09T00:21:44.011+0000] {logging_mixin.py:188} INFO - [2026-09-09T00:21:44.010+0000] {dagbag.py:545} INFO - Filling up the DagBag from /opt/airflow/dags/maritime_intelligence_pipeline.py
[2026-09-09T00:21:44.050+0000] {processor.py:840} INFO - DAG(s) 'maritime_intelligence_pipeline' retrieved from /opt/airflow/dags/maritime_intelligence_pipeline.py
[2026-09-09T00:21:44.106+0000] {logging_mixin.py:188} INFO - [2026-09-09T00:21:44.105+0000] {dag.py:3089} INFO - Sync 1 DAGs
[2026-09-09T00:21:44.166+0000] {logging_mixin.py:188} INFO - [2026-09-09T00:21:44.165+0000] {dag.py:3947} INFO - Setting next_dagrun for maritime_intelligence_pipeline to 2026-09-08 00:00:00+00:00, run_after=2026-09-09 00:00:00+00:00
[2026-09-09T00:21:44.238+0000] {processor.py:183} INFO - Processing /opt/airflow/dags/maritime_intelligence_pipeline.py took 0.248 seconds
[2026-09-09T00:22:14.661+0000] {processor.py:161} INFO - Started process (PID=5575) to work on /opt/airflow/dags/maritime_intelligence_pipeline.py
[2026-09-09T00:22:14.664+0000] {processor.py:830} INFO - Processing file /opt/airflow/dags/maritime_intelligence_pipeline.py for tasks to queue
[2026-09-09T00:22:14.669+0000] {logging_mixin.py:188} INFO - [2026-09-09T00:22:14.668+0000] {dagbag.py:545} INFO - Filling up the DagBag from /opt/airflow/dags/maritime_intelligence_pipeline.py
[2026-09-09T00:22:14.725+0000] {processor.py:840} INFO - DAG(s) 'maritime_intelligence_pipeline' retrieved from /opt/airflow/dags/maritime_intelligence_pipeline.py
[2026-09-09T00:22:14.774+0000] {logging_mixin.py:188} INFO - [2026-09-09T00:22:14.773+0000] {dag.py:3089} INFO - Sync 1 DAGs
[2026-09-09T00:22:14.811+0000] {logging_mixin.py:188} INFO - [2026-09-09T00:22:14.811+0000] {dag.py:3947} INFO - Setting next_dagrun for maritime_intelligence_pipeline to 2026-09-08 00:00:00+00:00, run_after=2026-09-09 00:00:00+00:00
[2026-09-09T00:22:14.845+0000] {processor.py:183} INFO - Processing /opt/airflow/dags/maritime_intelligence_pipeline.py took 0.199 seconds
[2026-09-09T00:22:45.302+0000] {processor.py:161} INFO - Started process (PID=5580) to work on /opt/airflow/dags/maritime_intelligence_pipeline.py
[2026-09-09T00:22:45.305+0000] {processor.py:830} INFO - Processing file /opt/airflow/dags/maritime_intelligence_pipeline.py for tasks to queue
[2026-09-09T00:22:45.310+0000] {logging_mixin.py:188} INFO - [2026-09-09T00:22:45.309+0000] {dagbag.py:545} INFO - Filling up the DagBag from /opt/airflow/dags/maritime_intelligence_pipeline.py
[2026-09-09T00:22:45.355+0000] {processor.py:840} INFO - DAG(s) 'maritime_intelligence_pipeline' retrieved from /opt/airflow/dags/maritime_intelligence_pipeline.py
[2026-09-09T00:22:45.411+0000] {logging_mixin.py:188} INFO - [2026-09-09T00:22:45.410+0000] {dag.py:3089} INFO - Sync 1 DAGs
[2026-09-09T00:22:45.453+0000] {logging_mixin.py:188} INFO - [2026-09-09T00:22:45.453+0000] {dag.py:3947} INFO - Setting next_dagrun for maritime_intelligence_pipeline to 2026-09-08 00:00:00+00:00, run_after=2026-09-09 00:00:00+00:00
[2026-09-09T00:22:45.487+0000] {processor.py:183} INFO - Processing /opt/airflow/dags/maritime_intelligence_pipeline.py took 0.197 seconds
[2026-09-09T00:23:15.812+0000] {processor.py:161} INFO - Started process (PID=5585) to work on /opt/airflow/dags/maritime_intelligence_pipeline.py
[2026-09-09T00:23:15.814+0000] {processor.py:830} INFO - Processing file /opt/airflow/dags/maritime_intelligence_pipeline.py for tasks to queue
[2026-09-09T00:23:15.820+0000] {logging_mixin.py:188} INFO - [2026-09-09T00:23:15.819+0000] {dagbag.py:545} INFO - Filling up the DagBag from /opt/airflow/dags/maritime_intelligence_pipeline.py
[2026-09-09T00:23:15.875+0000] {processor.py:840} INFO - DAG(s) 'maritime_intelligence_pipeline' retrieved from /opt/airflow/dags/maritime_intelligence_pipeline.py
[2026-09-09T00:23:15.931+0000] {logging_mixin.py:188} INFO - [2026-09-09T00:23:15.930+0000] {dag.py:3089} INFO - Sync 1 DAGs
[2026-09-09T00:23:15.979+0000] {logging_mixin.py:188} INFO - [2026-09-09T00:23:15.979+0000] {dag.py:3947} INFO - Setting next_dagrun for maritime_intelligence_pipeline to 2026-09-08 00:00:00+00:00, run_after=2026-09-09 00:00:00+00:00
[2026-09-09T00:23:16.012+0000] {processor.py:183} INFO - Processing /opt/airflow/dags/maritime_intelligence_pipeline.py took 0.212 seconds
[2026-09-09T00:23:46.191+0000] {processor.py:161} INFO - Started process (PID=5590) to work on /opt/airflow/dags/maritime_intelligence_pipeline.py
[2026-09-09T00:23:46.194+0000] {processor.py:830} INFO - Processing file /opt/airflow/dags/maritime_intelligence_pipeline.py for tasks to queue
[2026-09-09T00:23:46.199+0000] {logging_mixin.py:188} INFO - [2026-09-09T00:23:46.198+0000] {dagbag.py:545} INFO - Filling up the DagBag from /opt/airflow/dags/maritime_intelligence_pipeline.py
[2026-09-09T00:23:46.241+0000] {processor.py:840} INFO - DAG(s) 'maritime_intelligence_pipeline' retrieved from /opt/airflow/dags/maritime_intelligence_pipeline.py
[2026-09-09T00:23:46.289+0000] {logging_mixin.py:188} INFO - [2026-09-09T00:23:46.288+0000] {dag.py:3089} INFO - Sync 1 DAGs
[2026-09-09T00:23:46.334+0000] {logging_mixin.py:188} INFO - [2026-09-09T00:23:46.333+0000] {dag.py:3947} INFO - Setting next_dagrun for maritime_intelligence_pipeline to 2026-09-08 00:00:00+00:00, run_after=2026-09-09 00:00:00+00:00
[2026-09-09T00:23:46.366+0000] {processor.py:183} INFO - Processing /opt/airflow/dags/maritime_intelligence_pipeline.py took 0.189 seconds
[2026-09-09T00:24:16.589+0000] {processor.py:161} INFO - Started process (PID=5595) to work on /opt/airflow/dags/maritime_intelligence_pipeline.py
[2026-09-09T00:24:16.592+0000] {processor.py:830} INFO - Processing file /opt/airflow/dags/maritime_intelligence_pipeline.py for tasks to queue
[2026-09-09T00:24:16.599+0000] {logging_mixin.py:188} INFO - [2026-09-09T00:24:16.598+0000] {dagbag.py:545} INFO - Filling up the DagBag from /opt/airflow/dags/maritime_intelligence_pipeline.py
[2026-09-09T00:24:16.657+0000] {processor.py:840} INFO - DAG(s) 'maritime_intelligence_pipeline' retrieved from /opt/airflow/dags/maritime_intelligence_pipeline.py
[2026-09-09T00:24:16.720+0000] {logging_mixin.py:188} INFO - [2026-09-09T00:24:16.719+0000] {dag.py:3089} INFO - Sync 1 DAGs
[2026-09-09T00:24:16.766+0000] {logging_mixin.py:188} INFO - [2026-09-09T00:24:16.766+0000] {dag.py:3947} INFO - Setting next_dagrun for maritime_intelligence_pipeline to 2026-09-08 00:00:00+00:00, run_after=2026-09-09 00:00:00+00:00
[2026-09-09T00:24:16.805+0000] {processor.py:183} INFO - Processing /opt/airflow/dags/maritime_intelligence_pipeline.py took 0.242 seconds
[2026-09-09T00:24:47.005+0000] {processor.py:161} INFO - Started process (PID=5600) to work on /opt/airflow/dags/maritime_intelligence_pipeline.py
[2026-09-09T00:24:47.009+0000] {processor.py:830} INFO - Processing file /opt/airflow/dags/maritime_intelligence_pipeline.py for tasks to queue
[2026-09-09T00:24:47.015+0000] {logging_mixin.py:188} INFO - [2026-09-09T00:24:47.014+0000] {dagbag.py:545} INFO - Filling up the DagBag from /opt/airflow/dags/maritime_intelligence_pipeline.py
[2026-09-09T00:24:47.091+0000] {processor.py:840} INFO - DAG(s) 'maritime_intelligence_pipeline' retrieved from /opt/airflow/dags/maritime_intelligence_pipeline.py
[2026-09-09T00:24:47.372+0000] {logging_mixin.py:188} INFO - [2026-09-09T00:24:47.371+0000] {dag.py:3089} INFO - Sync 1 DAGs
[2026-09-09T00:24:47.487+0000] {logging_mixin.py:188} INFO - [2026-09-09T00:24:47.486+0000] {dag.py:3947} INFO - Setting next_dagrun for maritime_intelligence_pipeline to 2026-09-08 00:00:00+00:00, run_after=2026-09-09 00:00:00+00:00
[2026-09-09T00:24:47.536+0000] {processor.py:183} INFO - Processing /opt/airflow/dags/maritime_intelligence_pipeline.py took 0.551 seconds
[2026-09-09T00:25:18.160+0000] {processor.py:161} INFO - Started process (PID=5605) to work on /opt/airflow/dags/maritime_intelligence_pipeline.py
[2026-09-09T00:25:18.162+0000] {processor.py:830} INFO - Processing file /opt/airflow/dags/maritime_intelligence_pipeline.py for tasks to queue
[2026-09-09T00:25:18.167+0000] {logging_mixin.py:188} INFO - [2026-09-09T00:25:18.167+0000] {dagbag.py:545} INFO - Filling up the DagBag from /opt/airflow/dags/maritime_intelligence_pipeline.py
[2026-09-09T00:25:18.290+0000] {processor.py:840} INFO - DAG(s) 'maritime_intelligence_pipeline' retrieved from /opt/airflow/dags/maritime_intelligence_pipeline.py
[2026-09-09T00:25:18.343+0000] {logging_mixin.py:188} INFO - [2026-09-09T00:25:18.343+0000] {dag.py:3089} INFO - Sync 1 DAGs
[2026-09-09T00:25:18.382+0000] {logging_mixin.py:188} INFO - [2026-09-09T00:25:18.382+0000] {dag.py:3947} INFO - Setting next_dagrun for maritime_intelligence_pipeline to 2026-09-08 00:00:00+00:00, run_after=2026-09-09 00:00:00+00:00
[2026-09-09T00:25:18.417+0000] {processor.py:183} INFO - Processing /opt/airflow/dags/maritime_intelligence_pipeline.py took 0.272 seconds
[2026-09-09T00:25:48.682+0000] {processor.py:161} INFO - Started process (PID=5610) to work on /opt/airflow/dags/maritime_intelligence_pipeline.py
[2026-09-09T00:25:48.685+0000] {processor.py:830} INFO - Processing file /opt/airflow/dags/maritime_intelligence_pipeline.py for tasks to queue
[2026-09-09T00:25:48.690+0000] {logging_mixin.py:188} INFO - [2026-09-09T00:25:48.689+0000] {dagbag.py:545} INFO - Filling up the DagBag from /opt/airflow/dags/maritime_intelligence_pipeline.py
[2026-09-09T00:25:48.735+0000] {processor.py:840} INFO - DAG(s) 'maritime_intelligence_pipeline' retrieved from /opt/airflow/dags/maritime_intelligence_pipeline.py
[2026-09-09T00:25:48.798+0000] {logging_mixin.py:188} INFO - [2026-09-09T00:25:48.797+0000] {dag.py:3089} INFO - Sync 1 DAGs
[2026-09-09T00:25:48.843+0000] {logging_mixin.py:188} INFO - [2026-09-09T00:25:48.843+0000] {dag.py:3947} INFO - Setting next_dagrun for maritime_intelligence_pipeline to 2026-09-08 00:00:00+00:00, run_after=2026-09-09 00:00:00+00:00
[2026-09-09T00:25:48.886+0000] {processor.py:183} INFO - Processing /opt/airflow/dags/maritime_intelligence_pipeline.py took 0.220 seconds
[2026-09-09T00:26:19.399+0000] {processor.py:161} INFO - Started process (PID=5615) to work on /opt/airflow/dags/maritime_intelligence_pipeline.py
[2026-09-09T00:26:19.402+0000] {processor.py:830} INFO - Processing file /opt/airflow/dags/maritime_intelligence_pipeline.py for tasks to queue
[2026-09-09T00:26:19.407+0000] {logging_mixin.py:188} INFO - [2026-09-09T00:26:19.406+0000] {dagbag.py:545} INFO - Filling up the DagBag from /opt/airflow/dags/maritime_intelligence_pipeline.py
[2026-09-09T00:26:19.460+0000] {processor.py:840} INFO - DAG(s) 'maritime_intelligence_pipeline' retrieved from /opt/airflow/dags/maritime_intelligence_pipeline.py
[2026-09-09T00:26:19.518+0000] {logging_mixin.py:188} INFO - [2026-09-09T00:26:19.518+0000] {dag.py:3089} INFO - Sync 1 DAGs
[2026-09-09T00:26:19.570+0000] {logging_mixin.py:188} INFO - [2026-09-09T00:26:19.569+0000] {dag.py:3947} INFO - Setting next_dagrun for maritime_intelligence_pipeline to 2026-09-08 00:00:00+00:00, run_after=2026-09-09 00:00:00+00:00
[2026-09-09T00:26:19.641+0000] {processor.py:183} INFO - Processing /opt/airflow/dags/maritime_intelligence_pipeline.py took 0.257 seconds
[2026-09-09T00:26:50.007+0000] {processor.py:161} INFO - Started process (PID=5620) to work on /opt/airflow/dags/maritime_intelligence_pipeline.py
[2026-09-09T00:26:50.012+0000] {processor.py:830} INFO - Processing file /opt/airflow/dags/maritime_intelligence_pipeline.py for tasks to queue
[2026-09-09T00:26:50.021+0000] {logging_mixin.py:188} INFO - [2026-09-09T00:26:50.020+0000] {dagbag.py:545} INFO - Filling up the DagBag from /opt/airflow/dags/maritime_intelligence_pipeline.py
[2026-09-09T00:26:50.070+0000] {processor.py:840} INFO - DAG(s) 'maritime_intelligence_pipeline' retrieved from /opt/airflow/dags/maritime_intelligence_pipeline.py
[2026-09-09T00:26:50.123+0000] {logging_mixin.py:188} INFO - [2026-09-09T00:26:50.123+0000] {dag.py:3089} INFO - Sync 1 DAGs
[2026-09-09T00:26:50.160+0000] {logging_mixin.py:188} INFO - [2026-09-09T00:26:50.159+0000] {dag.py:3947} INFO - Setting next_dagrun for maritime_intelligence_pipeline to 2026-09-08 00:00:00+00:00, run_after=2026-09-09 00:00:00+00:00
[2026-09-09T00:26:50.190+0000] {processor.py:183} INFO - Processing /opt/airflow/dags/maritime_intelligence_pipeline.py took 0.209 seconds
[2026-09-09T00:27:20.283+0000] {processor.py:161} INFO - Started process (PID=5625) to work on /opt/airflow/dags/maritime_intelligence_pipeline.py
[2026-09-09T00:27:20.286+0000] {processor.py:830} INFO - Processing file /opt/airflow/dags/maritime_intelligence_pipeline.py for tasks to queue
[2026-09-09T00:27:20.290+0000] {logging_mixin.py:188} INFO - [2026-09-09T00:27:20.290+0000] {dagbag.py:545} INFO - Filling up the DagBag from /opt/airflow/dags/maritime_intelligence_pipeline.py
[2026-09-09T00:27:20.328+0000] {processor.py:840} INFO - DAG(s) 'maritime_intelligence_pipeline' retrieved from /opt/airflow/dags/maritime_intelligence_pipeline.py
[2026-09-09T00:27:20.376+0000] {logging_mixin.py:188} INFO - [2026-09-09T00:27:20.375+0000] {dag.py:3089} INFO - Sync 1 DAGs
[2026-09-09T00:27:20.425+0000] {logging_mixin.py:188} INFO - [2026-09-09T00:27:20.424+0000] {dag.py:3947} INFO - Setting next_dagrun for maritime_intelligence_pipeline to 2026-09-08 00:00:00+00:00, run_after=2026-09-09 00:00:00+00:00
[2026-09-09T00:27:20.456+0000] {processor.py:183} INFO - Processing /opt/airflow/dags/maritime_intelligence_pipeline.py took 0.189 seconds
[2026-09-09T00:27:50.908+0000] {processor.py:161} INFO - Started process (PID=5630) to work on /opt/airflow/dags/maritime_intelligence_pipeline.py
[2026-09-09T00:27:50.913+0000] {processor.py:830} INFO - Processing file /opt/airflow/dags/maritime_intelligence_pipeline.py for tasks to queue
[2026-09-09T00:27:50.919+0000] {logging_mixin.py:188} INFO - [2026-09-09T00:27:50.918+0000] {dagbag.py:545} INFO - Filling up the DagBag from /opt/airflow/dags/maritime_intelligence_pipeline.py
[2026-09-09T00:27:51.000+0000] {processor.py:840} INFO - DAG(s) 'maritime_intelligence_pipeline' retrieved from /opt/airflow/dags/maritime_intelligence_pipeline.py
[2026-09-09T00:27:51.059+0000] {logging_mixin.py:188} INFO - [2026-09-09T00:27:51.058+0000] {dag.py:3089} INFO - Sync 1 DAGs
[2026-09-09T00:27:51.118+0000] {logging_mixin.py:188} INFO - [2026-09-09T00:27:51.118+0000] {dag.py:3947} INFO - Setting next_dagrun for maritime_intelligence_pipeline to 2026-09-08 00:00:00+00:00, run_after=2026-09-09 00:00:00+00:00
[2026-09-09T00:27:51.241+0000] {processor.py:183} INFO - Processing /opt/airflow/dags/maritime_intelligence_pipeline.py took 0.363 seconds
[2026-09-09T00:28:21.652+0000] {processor.py:161} INFO - Started process (PID=5635) to work on /opt/airflow/dags/maritime_intelligence_pipeline.py
[2026-09-09T00:28:21.654+0000] {processor.py:830} INFO - Processing file /opt/airflow/dags/maritime_intelligence_pipeline.py for tasks to queue
[2026-09-09T00:28:21.659+0000] {logging_mixin.py:188} INFO - [2026-09-09T00:28:21.658+0000] {dagbag.py:545} INFO - Filling up the DagBag from /opt/airflow/dags/maritime_intelligence_pipeline.py
[2026-09-09T00:28:21.695+0000] {processor.py:840} INFO - DAG(s) 'maritime_intelligence_pipeline' retrieved from /opt/airflow/dags/maritime_intelligence_pipeline.py
[2026-09-09T00:28:21.768+0000] {logging_mixin.py:188} INFO - [2026-09-09T00:28:21.767+0000] {dag.py:3089} INFO - Sync 1 DAGs
[2026-09-09T00:28:21.804+0000] {logging_mixin.py:188} INFO - [2026-09-09T00:28:21.804+0000] {dag.py:3947} INFO - Setting next_dagrun for maritime_intelligence_pipeline to 2026-09-08 00:00:00+00:00, run_after=2026-09-09 00:00:00+00:00
[2026-09-09T00:28:21.834+0000] {processor.py:183} INFO - Processing /opt/airflow/dags/maritime_intelligence_pipeline.py took 0.194 seconds
[2026-09-09T00:28:52.312+0000] {processor.py:161} INFO - Started process (PID=5640) to work on /opt/airflow/dags/maritime_intelligence_pipeline.py
[2026-09-09T00:28:52.314+0000] {processor.py:830} INFO - Processing file /opt/airflow/dags/maritime_intelligence_pipeline.py for tasks to queue
[2026-09-09T00:28:52.321+0000] {logging_mixin.py:188} INFO - [2026-09-09T00:28:52.320+0000] {dagbag.py:545} INFO - Filling up the DagBag from /opt/airflow/dags/maritime_intelligence_pipeline.py
[2026-09-09T00:28:52.371+0000] {processor.py:840} INFO - DAG(s) 'maritime_intelligence_pipeline' retrieved from /opt/airflow/dags/maritime_intelligence_pipeline.py
[2026-09-09T00:28:52.434+0000] {logging_mixin.py:188} INFO - [2026-09-09T00:28:52.433+0000] {dag.py:3089} INFO - Sync 1 DAGs
[2026-09-09T00:28:52.549+0000] {logging_mixin.py:188} INFO - [2026-09-09T00:28:52.549+0000] {dag.py:3947} INFO - Setting next_dagrun for maritime_intelligence_pipeline to 2026-09-08 00:00:00+00:00, run_after=2026-09-09 00:00:00+00:00
[2026-09-09T00:28:52.588+0000] {processor.py:183} INFO - Processing /opt/airflow/dags/maritime_intelligence_pipeline.py took 0.293 seconds
[2026-09-09T00:29:22.765+0000] {processor.py:161} INFO - Started process (PID=5645) to work on /opt/airflow/dags/maritime_intelligence_pipeline.py
[2026-09-09T00:29:22.767+0000] {processor.py:830} INFO - Processing file /opt/airflow/dags/maritime_intelligence_pipeline.py for tasks to queue
[2026-09-09T00:29:22.774+0000] {logging_mixin.py:188} INFO - [2026-09-09T00:29:22.773+0000] {dagbag.py:545} INFO - Filling up the DagBag from /opt/airflow/dags/maritime_intelligence_pipeline.py
[2026-09-09T00:29:22.812+0000] {processor.py:840} INFO - DAG(s) 'maritime_intelligence_pipeline' retrieved from /opt/airflow/dags/maritime_intelligence_pipeline.py
[2026-09-09T00:29:22.871+0000] {logging_mixin.py:188} INFO - [2026-09-09T00:29:22.870+0000] {dag.py:3089} INFO - Sync 1 DAGs
[2026-09-09T00:29:22.916+0000] {logging_mixin.py:188} INFO - [2026-09-09T00:29:22.915+0000] {dag.py:3947} INFO - Setting next_dagrun for maritime_intelligence_pipeline to 2026-09-08 00:00:00+00:00, run_after=2026-09-09 00:00:00+00:00
[2026-09-09T00:29:22.956+0000] {processor.py:183} INFO - Processing /opt/airflow/dags/maritime_intelligence_pipeline.py took 0.205 seconds
[2026-09-09T00:29:53.169+0000] {processor.py:161} INFO - Started process (PID=5650) to work on /opt/airflow/dags/maritime_intelligence_pipeline.py
[2026-09-09T00:29:53.172+0000] {processor.py:830} INFO - Processing file /opt/airflow/dags/maritime_intelligence_pipeline.py for tasks to queue
[2026-09-09T00:29:53.176+0000] {logging_mixin.py:188} INFO - [2026-09-09T00:29:53.176+0000] {dagbag.py:545} INFO - Filling up the DagBag from /opt/airflow/dags/maritime_intelligence_pipeline.py
[2026-09-09T00:29:53.234+0000] {processor.py:840} INFO - DAG(s) 'maritime_intelligence_pipeline' retrieved from /opt/airflow/dags/maritime_intelligence_pipeline.py
[2026-09-09T00:29:53.317+0000] {logging_mixin.py:188} INFO - [2026-09-09T00:29:53.317+0000] {dag.py:3089} INFO - Sync 1 DAGs
[2026-09-09T00:29:53.404+0000] {logging_mixin.py:188} INFO - [2026-09-09T00:29:53.404+0000] {dag.py:3947} INFO - Setting next_dagrun for maritime_intelligence_pipeline to 2026-09-08 00:00:00+00:00, run_after=2026-09-09 00:00:00+00:00
[2026-09-09T00:29:53.453+0000] {processor.py:183} INFO - Processing /opt/airflow/dags/maritime_intelligence_pipeline.py took 0.302 seconds
[2026-09-09T00:30:23.629+0000] {processor.py:161} INFO - Started process (PID=5655) to work on /opt/airflow/dags/maritime_intelligence_pipeline.py
[2026-09-09T00:30:23.632+0000] {processor.py:830} INFO - Processing file /opt/airflow/dags/maritime_intelligence_pipeline.py for tasks to queue
[2026-09-09T00:30:23.638+0000] {logging_mixin.py:188} INFO - [2026-09-09T00:30:23.637+0000] {dagbag.py:545} INFO - Filling up the DagBag from /opt/airflow/dags/maritime_intelligence_pipeline.py
[2026-09-09T00:30:23.685+0000] {processor.py:840} INFO - DAG(s) 'maritime_intelligence_pipeline' retrieved from /opt/airflow/dags/maritime_intelligence_pipeline.py
[2026-09-09T00:30:23.744+0000] {logging_mixin.py:188} INFO - [2026-09-09T00:30:23.743+0000] {dag.py:3089} INFO - Sync 1 DAGs
[2026-09-09T00:30:23.787+0000] {logging_mixin.py:188} INFO - [2026-09-09T00:30:23.787+0000] {dag.py:3947} INFO - Setting next_dagrun for maritime_intelligence_pipeline to 2026-09-08 00:00:00+00:00, run_after=2026-09-09 00:00:00+00:00
[2026-09-09T00:30:23.824+0000] {processor.py:183} INFO - Processing /opt/airflow/dags/maritime_intelligence_pipeline.py took 0.211 seconds
[2026-09-09T00:30:54.297+0000] {processor.py:161} INFO - Started process (PID=5660) to work on /opt/airflow/dags/maritime_intelligence_pipeline.py
[2026-09-09T00:30:54.300+0000] {processor.py:830} INFO - Processing file /opt/airflow/dags/maritime_intelligence_pipeline.py for tasks to queue
[2026-09-09T00:30:54.308+0000] {logging_mixin.py:188} INFO - [2026-09-09T00:30:54.306+0000] {dagbag.py:545} INFO - Filling up the DagBag from /opt/airflow/dags/maritime_intelligence_pipeline.py
[2026-09-09T00:30:54.354+0000] {processor.py:840} INFO - DAG(s) 'maritime_intelligence_pipeline' retrieved from /opt/airflow/dags/maritime_intelligence_pipeline.py
[2026-09-09T00:30:54.416+0000] {logging_mixin.py:188} INFO - [2026-09-09T00:30:54.416+0000] {dag.py:3089} INFO - Sync 1 DAGs
[2026-09-09T00:30:54.467+0000] {logging_mixin.py:188} INFO - [2026-09-09T00:30:54.467+0000] {dag.py:3947} INFO - Setting next_dagrun for maritime_intelligence_pipeline to 2026-09-08 00:00:00+00:00, run_after=2026-09-09 00:00:00+00:00
[2026-09-09T00:30:54.506+0000] {processor.py:183} INFO - Processing /opt/airflow/dags/maritime_intelligence_pipeline.py took 0.228 seconds
[2026-09-09T00:31:24.607+0000] {processor.py:161} INFO - Started process (PID=5665) to work on /opt/airflow/dags/maritime_intelligence_pipeline.py
[2026-09-09T00:31:24.610+0000] {processor.py:830} INFO - Processing file /opt/airflow/dags/maritime_intelligence_pipeline.py for tasks to queue
[2026-09-09T00:31:24.615+0000] {logging_mixin.py:188} INFO - [2026-09-09T00:31:24.615+0000] {dagbag.py:545} INFO - Filling up the DagBag from /opt/airflow/dags/maritime_intelligence_pipeline.py
[2026-09-09T00:31:24.655+0000] {processor.py:840} INFO - DAG(s) 'maritime_intelligence_pipeline' retrieved from /opt/airflow/dags/maritime_intelligence_pipeline.py
[2026-09-09T00:31:24.703+0000] {logging_mixin.py:188} INFO - [2026-09-09T00:31:24.703+0000] {dag.py:3089} INFO - Sync 1 DAGs
[2026-09-09T00:31:24.741+0000] {logging_mixin.py:188} INFO - [2026-09-09T00:31:24.740+0000] {dag.py:3947} INFO - Setting next_dagrun for maritime_intelligence_pipeline to 2026-09-08 00:00:00+00:00, run_after=2026-09-09 00:00:00+00:00
[2026-09-09T00:31:24.772+0000] {processor.py:183} INFO - Processing /opt/airflow/dags/maritime_intelligence_pipeline.py took 0.179 seconds
[2026-09-09T00:31:55.046+0000] {processor.py:161} INFO - Started process (PID=5670) to work on /opt/airflow/dags/maritime_intelligence_pipeline.py
[2026-09-09T00:31:55.049+0000] {processor.py:830} INFO - Processing file /opt/airflow/dags/maritime_intelligence_pipeline.py for tasks to queue
[2026-09-09T00:31:55.055+0000] {logging_mixin.py:188} INFO - [2026-09-09T00:31:55.055+0000] {dagbag.py:545} INFO - Filling up the DagBag from /opt/airflow/dags/maritime_intelligence_pipeline.py
[2026-09-09T00:31:55.101+0000] {processor.py:840} INFO - DAG(s) 'maritime_intelligence_pipeline' retrieved from /opt/airflow/dags/maritime_intelligence_pipeline.py
[2026-09-09T00:31:55.156+0000] {logging_mixin.py:188} INFO - [2026-09-09T00:31:55.155+0000] {dag.py:3089} INFO - Sync 1 DAGs
[2026-09-09T00:31:55.200+0000] {logging_mixin.py:188} INFO - [2026-09-09T00:31:55.200+0000] {dag.py:3947} INFO - Setting next_dagrun for maritime_intelligence_pipeline to 2026-09-08 00:00:00+00:00, run_after=2026-09-09 00:00:00+00:00
[2026-09-09T00:31:55.236+0000] {processor.py:183} INFO - Processing /opt/airflow/dags/maritime_intelligence_pipeline.py took 0.203 seconds
[2026-09-09T00:32:25.954+0000] {processor.py:161} INFO - Started process (PID=5675) to work on /opt/airflow/dags/maritime_intelligence_pipeline.py
[2026-09-09T00:32:25.957+0000] {processor.py:830} INFO - Processing file /opt/airflow/dags/maritime_intelligence_pipeline.py for tasks to queue
[2026-09-09T00:32:25.962+0000] {logging_mixin.py:188} INFO - [2026-09-09T00:32:25.962+0000] {dagbag.py:545} INFO - Filling up the DagBag from /opt/airflow/dags/maritime_intelligence_pipeline.py
[2026-09-09T00:32:26.010+0000] {processor.py:840} INFO - DAG(s) 'maritime_intelligence_pipeline' retrieved from /opt/airflow/dags/maritime_intelligence_pipeline.py
[2026-09-09T00:32:26.066+0000] {logging_mixin.py:188} INFO - [2026-09-09T00:32:26.066+0000] {dag.py:3089} INFO - Sync 1 DAGs
[2026-09-09T00:32:26.110+0000] {logging_mixin.py:188} INFO - [2026-09-09T00:32:26.110+0000] {dag.py:3947} INFO - Setting next_dagrun for maritime_intelligence_pipeline to 2026-09-08 00:00:00+00:00, run_after=2026-09-09 00:00:00+00:00
[2026-09-09T00:32:26.144+0000] {processor.py:183} INFO - Processing /opt/airflow/dags/maritime_intelligence_pipeline.py took 0.204 seconds
[2026-09-09T00:32:56.873+0000] {processor.py:161} INFO - Started process (PID=5680) to work on /opt/airflow/dags/maritime_intelligence_pipeline.py
[2026-09-09T00:32:56.875+0000] {processor.py:830} INFO - Processing file /opt/airflow/dags/maritime_intelligence_pipeline.py for tasks to queue
[2026-09-09T00:32:56.880+0000] {logging_mixin.py:188} INFO - [2026-09-09T00:32:56.880+0000] {dagbag.py:545} INFO - Filling up the DagBag from /opt/airflow/dags/maritime_intelligence_pipeline.py
[2026-09-09T00:32:57.387+0000] {processor.py:840} INFO - DAG(s) 'maritime_intelligence_pipeline' retrieved from /opt/airflow/dags/maritime_intelligence_pipeline.py
[2026-09-09T00:32:57.443+0000] {logging_mixin.py:188} INFO - [2026-09-09T00:32:57.442+0000] {dag.py:3089} INFO - Sync 1 DAGs
[2026-09-09T00:32:57.487+0000] {logging_mixin.py:188} INFO - [2026-09-09T00:32:57.487+0000] {dag.py:3947} INFO - Setting next_dagrun for maritime_intelligence_pipeline to 2026-09-08 00:00:00+00:00, run_after=2026-09-09 00:00:00+00:00
[2026-09-09T00:32:57.522+0000] {processor.py:183} INFO - Processing /opt/airflow/dags/maritime_intelligence_pipeline.py took 0.662 seconds
[2026-09-09T00:33:27.776+0000] {processor.py:161} INFO - Started process (PID=5685) to work on /opt/airflow/dags/maritime_intelligence_pipeline.py
[2026-09-09T00:33:27.778+0000] {processor.py:830} INFO - Processing file /opt/airflow/dags/maritime_intelligence_pipeline.py for tasks to queue
[2026-09-09T00:33:27.785+0000] {logging_mixin.py:188} INFO - [2026-09-09T00:33:27.784+0000] {dagbag.py:545} INFO - Filling up the DagBag from /opt/airflow/dags/maritime_intelligence_pipeline.py
[2026-09-09T00:33:27.829+0000] {processor.py:840} INFO - DAG(s) 'maritime_intelligence_pipeline' retrieved from /opt/airflow/dags/maritime_intelligence_pipeline.py
[2026-09-09T00:33:27.878+0000] {logging_mixin.py:188} INFO - [2026-09-09T00:33:27.878+0000] {dag.py:3089} INFO - Sync 1 DAGs
[2026-09-09T00:33:27.922+0000] {logging_mixin.py:188} INFO - [2026-09-09T00:33:27.922+0000] {dag.py:3947} INFO - Setting next_dagrun for maritime_intelligence_pipeline to 2026-09-08 00:00:00+00:00, run_after=2026-09-09 00:00:00+00:00
[2026-09-09T00:33:27.958+0000] {processor.py:183} INFO - Processing /opt/airflow/dags/maritime_intelligence_pipeline.py took 0.196 seconds
[2026-09-09T00:33:58.049+0000] {processor.py:161} INFO - Started process (PID=5690) to work on /opt/airflow/dags/maritime_intelligence_pipeline.py
[2026-09-09T00:33:58.051+0000] {processor.py:830} INFO - Processing file /opt/airflow/dags/maritime_intelligence_pipeline.py for tasks to queue
[2026-09-09T00:33:58.056+0000] {logging_mixin.py:188} INFO - [2026-09-09T00:33:58.055+0000] {dagbag.py:545} INFO - Filling up the DagBag from /opt/airflow/dags/maritime_intelligence_pipeline.py
[2026-09-09T00:33:58.095+0000] {processor.py:840} INFO - DAG(s) 'maritime_intelligence_pipeline' retrieved from /opt/airflow/dags/maritime_intelligence_pipeline.py
[2026-09-09T00:33:58.151+0000] {logging_mixin.py:188} INFO - [2026-09-09T00:33:58.151+0000] {dag.py:3089} INFO - Sync 1 DAGs
[2026-09-09T00:33:58.191+0000] {logging_mixin.py:188} INFO - [2026-09-09T00:33:58.191+0000] {dag.py:3947} INFO - Setting next_dagrun for maritime_intelligence_pipeline to 2026-09-08 00:00:00+00:00, run_after=2026-09-09 00:00:00+00:00
[2026-09-09T00:33:58.223+0000] {processor.py:183} INFO - Processing /opt/airflow/dags/maritime_intelligence_pipeline.py took 0.189 seconds
[2026-09-09T00:34:28.660+0000] {processor.py:161} INFO - Started process (PID=5695) to work on /opt/airflow/dags/maritime_intelligence_pipeline.py
[2026-09-09T00:34:28.663+0000] {processor.py:830} INFO - Processing file /opt/airflow/dags/maritime_intelligence_pipeline.py for tasks to queue
[2026-09-09T00:34:28.668+0000] {logging_mixin.py:188} INFO - [2026-09-09T00:34:28.668+0000] {dagbag.py:545} INFO - Filling up the DagBag from /opt/airflow/dags/maritime_intelligence_pipeline.py
[2026-09-09T00:34:28.709+0000] {processor.py:840} INFO - DAG(s) 'maritime_intelligence_pipeline' retrieved from /opt/airflow/dags/maritime_intelligence_pipeline.py
[2026-09-09T00:34:28.758+0000] {logging_mixin.py:188} INFO - [2026-09-09T00:34:28.758+0000] {dag.py:3089} INFO - Sync 1 DAGs
[2026-09-09T00:34:28.798+0000] {logging_mixin.py:188} INFO - [2026-09-09T00:34:28.798+0000] {dag.py:3947} INFO - Setting next_dagrun for maritime_intelligence_pipeline to 2026-09-08 00:00:00+00:00, run_after=2026-09-09 00:00:00+00:00
[2026-09-09T00:34:28.828+0000] {processor.py:183} INFO - Processing /opt/airflow/dags/maritime_intelligence_pipeline.py took 0.180 seconds
[2026-09-09T00:34:58.974+0000] {processor.py:161} INFO - Started process (PID=5700) to work on /opt/airflow/dags/maritime_intelligence_pipeline.py
[2026-09-09T00:34:58.977+0000] {processor.py:830} INFO - Processing file /opt/airflow/dags/maritime_intelligence_pipeline.py for tasks to queue
[2026-09-09T00:34:58.982+0000] {logging_mixin.py:188} INFO - [2026-09-09T00:34:58.981+0000] {dagbag.py:545} INFO - Filling up the DagBag from /opt/airflow/dags/maritime_intelligence_pipeline.py
[2026-09-09T00:34:59.023+0000] {processor.py:840} INFO - DAG(s) 'maritime_intelligence_pipeline' retrieved from /opt/airflow/dags/maritime_intelligence_pipeline.py
[2026-09-09T00:34:59.071+0000] {logging_mixin.py:188} INFO - [2026-09-09T00:34:59.070+0000] {dag.py:3089} INFO - Sync 1 DAGs
[2026-09-09T00:34:59.107+0000] {logging_mixin.py:188} INFO - [2026-09-09T00:34:59.107+0000] {dag.py:3947} INFO - Setting next_dagrun for maritime_intelligence_pipeline to 2026-09-08 00:00:00+00:00, run_after=2026-09-09 00:00:00+00:00
[2026-09-09T00:34:59.137+0000] {processor.py:183} INFO - Processing /opt/airflow/dags/maritime_intelligence_pipeline.py took 0.176 seconds
[2026-09-09T00:35:29.257+0000] {processor.py:161} INFO - Started process (PID=5705) to work on /opt/airflow/dags/maritime_intelligence_pipeline.py
[2026-09-09T00:35:29.259+0000] {processor.py:830} INFO - Processing file /opt/airflow/dags/maritime_intelligence_pipeline.py for tasks to queue
[2026-09-09T00:35:29.264+0000] {logging_mixin.py:188} INFO - [2026-09-09T00:35:29.263+0000] {dagbag.py:545} INFO - Filling up the DagBag from /opt/airflow/dags/maritime_intelligence_pipeline.py
[2026-09-09T00:35:29.311+0000] {processor.py:840} INFO - DAG(s) 'maritime_intelligence_pipeline' retrieved from /opt/airflow/dags/maritime_intelligence_pipeline.py
[2026-09-09T00:35:29.412+0000] {logging_mixin.py:188} INFO - [2026-09-09T00:35:29.412+0000] {dag.py:3089} INFO - Sync 1 DAGs
[2026-09-09T00:35:29.456+0000] {logging_mixin.py:188} INFO - [2026-09-09T00:35:29.456+0000] {dag.py:3947} INFO - Setting next_dagrun for maritime_intelligence_pipeline to 2026-09-08 00:00:00+00:00, run_after=2026-09-09 00:00:00+00:00
[2026-09-09T00:35:29.492+0000] {processor.py:183} INFO - Processing /opt/airflow/dags/maritime_intelligence_pipeline.py took 0.248 seconds
[2026-09-09T00:35:59.692+0000] {processor.py:161} INFO - Started process (PID=5710) to work on /opt/airflow/dags/maritime_intelligence_pipeline.py
[2026-09-09T00:35:59.695+0000] {processor.py:830} INFO - Processing file /opt/airflow/dags/maritime_intelligence_pipeline.py for tasks to queue
[2026-09-09T00:35:59.700+0000] {logging_mixin.py:188} INFO - [2026-09-09T00:35:59.699+0000] {dagbag.py:545} INFO - Filling up the DagBag from /opt/airflow/dags/maritime_intelligence_pipeline.py
[2026-09-09T00:35:59.748+0000] {processor.py:840} INFO - DAG(s) 'maritime_intelligence_pipeline' retrieved from /opt/airflow/dags/maritime_intelligence_pipeline.py
[2026-09-09T00:35:59.799+0000] {logging_mixin.py:188} INFO - [2026-09-09T00:35:59.798+0000] {dag.py:3089} INFO - Sync 1 DAGs
[2026-09-09T00:35:59.837+0000] {logging_mixin.py:188} INFO - [2026-09-09T00:35:59.837+0000] {dag.py:3947} INFO - Setting next_dagrun for maritime_intelligence_pipeline to 2026-09-08 00:00:00+00:00, run_after=2026-09-09 00:00:00+00:00
[2026-09-09T00:35:59.868+0000] {processor.py:183} INFO - Processing /opt/airflow/dags/maritime_intelligence_pipeline.py took 0.194 seconds
[2026-09-09T00:36:30.188+0000] {processor.py:161} INFO - Started process (PID=5715) to work on /opt/airflow/dags/maritime_intelligence_pipeline.py
[2026-09-09T00:36:30.192+0000] {processor.py:830} INFO - Processing file /opt/airflow/dags/maritime_intelligence_pipeline.py for tasks to queue
[2026-09-09T00:36:30.199+0000] {logging_mixin.py:188} INFO - [2026-09-09T00:36:30.197+0000] {dagbag.py:545} INFO - Filling up the DagBag from /opt/airflow/dags/maritime_intelligence_pipeline.py
[2026-09-09T00:36:30.263+0000] {processor.py:840} INFO - DAG(s) 'maritime_intelligence_pipeline' retrieved from /opt/airflow/dags/maritime_intelligence_pipeline.py
[2026-09-09T00:36:30.365+0000] {logging_mixin.py:188} INFO - [2026-09-09T00:36:30.365+0000] {dag.py:3089} INFO - Sync 1 DAGs
[2026-09-09T00:36:30.447+0000] {logging_mixin.py:188} INFO - [2026-09-09T00:36:30.446+0000] {dag.py:3947} INFO - Setting next_dagrun for maritime_intelligence_pipeline to 2026-09-08 00:00:00+00:00, run_after=2026-09-09 00:00:00+00:00
[2026-09-09T00:36:30.478+0000] {processor.py:183} INFO - Processing /opt/airflow/dags/maritime_intelligence_pipeline.py took 0.314 seconds
[2026-09-09T00:37:01.139+0000] {processor.py:161} INFO - Started process (PID=5720) to work on /opt/airflow/dags/maritime_intelligence_pipeline.py
[2026-09-09T00:37:01.142+0000] {processor.py:830} INFO - Processing file /opt/airflow/dags/maritime_intelligence_pipeline.py for tasks to queue
[2026-09-09T00:37:01.149+0000] {logging_mixin.py:188} INFO - [2026-09-09T00:37:01.148+0000] {dagbag.py:545} INFO - Filling up the DagBag from /opt/airflow/dags/maritime_intelligence_pipeline.py
[2026-09-09T00:37:01.208+0000] {processor.py:840} INFO - DAG(s) 'maritime_intelligence_pipeline' retrieved from /opt/airflow/dags/maritime_intelligence_pipeline.py
[2026-09-09T00:37:01.287+0000] {logging_mixin.py:188} INFO - [2026-09-09T00:37:01.287+0000] {dag.py:3089} INFO - Sync 1 DAGs
[2026-09-09T00:37:01.354+0000] {logging_mixin.py:188} INFO - [2026-09-09T00:37:01.354+0000] {dag.py:3947} INFO - Setting next_dagrun for maritime_intelligence_pipeline to 2026-09-08 00:00:00+00:00, run_after=2026-09-09 00:00:00+00:00
[2026-09-09T00:37:01.406+0000] {processor.py:183} INFO - Processing /opt/airflow/dags/maritime_intelligence_pipeline.py took 0.775 seconds
[2026-09-09T00:37:32.020+0000] {processor.py:161} INFO - Started process (PID=5725) to work on /opt/airflow/dags/maritime_intelligence_pipeline.py
[2026-09-09T00:37:32.023+0000] {processor.py:830} INFO - Processing file /opt/airflow/dags/maritime_intelligence_pipeline.py for tasks to queue
[2026-09-09T00:37:32.028+0000] {logging_mixin.py:188} INFO - [2026-09-09T00:37:32.027+0000] {dagbag.py:545} INFO - Filling up the DagBag from /opt/airflow/dags/maritime_intelligence_pipeline.py
[2026-09-09T00:37:32.075+0000] {processor.py:840} INFO - DAG(s) 'maritime_intelligence_pipeline' retrieved from /opt/airflow/dags/maritime_intelligence_pipeline.py
[2026-09-09T00:37:32.134+0000] {logging_mixin.py:188} INFO - [2026-09-09T00:37:32.134+0000] {dag.py:3089} INFO - Sync 1 DAGs
[2026-09-09T00:37:32.182+0000] {logging_mixin.py:188} INFO - [2026-09-09T00:37:32.182+0000] {dag.py:3947} INFO - Setting next_dagrun for maritime_intelligence_pipeline to 2026-09-08 00:00:00+00:00, run_after=2026-09-09 00:00:00+00:00
[2026-09-09T00:37:32.221+0000] {processor.py:183} INFO - Processing /opt/airflow/dags/maritime_intelligence_pipeline.py took 0.217 seconds
[2026-09-09T00:38:02.491+0000] {processor.py:161} INFO - Started process (PID=5730) to work on /opt/airflow/dags/maritime_intelligence_pipeline.py
[2026-09-09T00:38:02.495+0000] {processor.py:830} INFO - Processing file /opt/airflow/dags/maritime_intelligence_pipeline.py for tasks to queue
[2026-09-09T00:38:02.503+0000] {logging_mixin.py:188} INFO - [2026-09-09T00:38:02.502+0000] {dagbag.py:545} INFO - Filling up the DagBag from /opt/airflow/dags/maritime_intelligence_pipeline.py
[2026-09-09T00:38:02.575+0000] {processor.py:840} INFO - DAG(s) 'maritime_intelligence_pipeline' retrieved from /opt/airflow/dags/maritime_intelligence_pipeline.py
[2026-09-09T00:38:02.632+0000] {logging_mixin.py:188} INFO - [2026-09-09T00:38:02.632+0000] {dag.py:3089} INFO - Sync 1 DAGs
[2026-09-09T00:38:02.685+0000] {logging_mixin.py:188} INFO - [2026-09-09T00:38:02.685+0000] {dag.py:3947} INFO - Setting next_dagrun for maritime_intelligence_pipeline to 2026-09-08 00:00:00+00:00, run_after=2026-09-09 00:00:00+00:00
[2026-09-09T00:38:02.725+0000] {processor.py:183} INFO - Processing /opt/airflow/dags/maritime_intelligence_pipeline.py took 0.250 seconds
[2026-09-09T02:59:15.107+0000] {processor.py:161} INFO - Started process (PID=5735) to work on /opt/airflow/dags/maritime_intelligence_pipeline.py
[2026-09-09T02:59:15.110+0000] {processor.py:830} INFO - Processing file /opt/airflow/dags/maritime_intelligence_pipeline.py for tasks to queue
[2026-09-09T02:59:15.120+0000] {logging_mixin.py:188} INFO - [2026-09-09T02:59:15.120+0000] {dagbag.py:545} INFO - Filling up the DagBag from /opt/airflow/dags/maritime_intelligence_pipeline.py
[2026-09-09T02:59:15.174+0000] {processor.py:840} INFO - DAG(s) 'maritime_intelligence_pipeline' retrieved from /opt/airflow/dags/maritime_intelligence_pipeline.py
[2026-09-09T02:59:15.967+0000] {logging_mixin.py:188} INFO - [2026-09-09T02:59:15.966+0000] {dag.py:3089} INFO - Sync 1 DAGs
[2026-09-09T02:59:19.435+0000] {logging_mixin.py:188} INFO - [2026-09-09T02:59:19.434+0000] {dag.py:3947} INFO - Setting next_dagrun for maritime_intelligence_pipeline to 2026-09-08 00:00:00+00:00, run_after=2026-09-09 00:00:00+00:00
[2026-09-09T02:59:22.364+0000] {processor.py:183} INFO - Processing /opt/airflow/dags/maritime_intelligence_pipeline.py took 7.276 seconds
[2026-09-09T02:59:53.234+0000] {processor.py:161} INFO - Started process (PID=5740) to work on /opt/airflow/dags/maritime_intelligence_pipeline.py
[2026-09-09T02:59:53.237+0000] {processor.py:830} INFO - Processing file /opt/airflow/dags/maritime_intelligence_pipeline.py for tasks to queue
[2026-09-09T02:59:53.245+0000] {logging_mixin.py:188} INFO - [2026-09-09T02:59:53.244+0000] {dagbag.py:545} INFO - Filling up the DagBag from /opt/airflow/dags/maritime_intelligence_pipeline.py
[2026-09-09T02:59:53.313+0000] {processor.py:840} INFO - DAG(s) 'maritime_intelligence_pipeline' retrieved from /opt/airflow/dags/maritime_intelligence_pipeline.py
[2026-09-09T02:59:53.410+0000] {logging_mixin.py:188} INFO - [2026-09-09T02:59:53.410+0000] {dag.py:3089} INFO - Sync 1 DAGs
[2026-09-09T02:59:53.505+0000] {logging_mixin.py:188} INFO - [2026-09-09T02:59:53.505+0000] {dag.py:3947} INFO - Setting next_dagrun for maritime_intelligence_pipeline to 2026-09-08 00:00:00+00:00, run_after=2026-09-09 00:00:00+00:00
[2026-09-09T02:59:53.542+0000] {processor.py:183} INFO - Processing /opt/airflow/dags/maritime_intelligence_pipeline.py took 0.322 seconds
[2026-09-09T03:00:23.847+0000] {processor.py:161} INFO - Started process (PID=5745) to work on /opt/airflow/dags/maritime_intelligence_pipeline.py
[2026-09-09T03:00:23.849+0000] {processor.py:830} INFO - Processing file /opt/airflow/dags/maritime_intelligence_pipeline.py for tasks to queue
[2026-09-09T03:00:23.853+0000] {logging_mixin.py:188} INFO - [2026-09-09T03:00:23.852+0000] {dagbag.py:545} INFO - Filling up the DagBag from /opt/airflow/dags/maritime_intelligence_pipeline.py
[2026-09-09T03:00:23.890+0000] {processor.py:840} INFO - DAG(s) 'maritime_intelligence_pipeline' retrieved from /opt/airflow/dags/maritime_intelligence_pipeline.py
[2026-09-09T03:00:23.947+0000] {logging_mixin.py:188} INFO - [2026-09-09T03:00:23.946+0000] {dag.py:3089} INFO - Sync 1 DAGs
[2026-09-09T03:00:23.993+0000] {logging_mixin.py:188} INFO - [2026-09-09T03:00:23.993+0000] {dag.py:3947} INFO - Setting next_dagrun for maritime_intelligence_pipeline to 2026-09-08 00:00:00+00:00, run_after=2026-09-09 00:00:00+00:00
[2026-09-09T03:00:24.029+0000] {processor.py:183} INFO - Processing /opt/airflow/dags/maritime_intelligence_pipeline.py took 0.196 seconds
[2026-09-09T03:00:54.172+0000] {processor.py:161} INFO - Started process (PID=5750) to work on /opt/airflow/dags/maritime_intelligence_pipeline.py
[2026-09-09T03:00:54.174+0000] {processor.py:830} INFO - Processing file /opt/airflow/dags/maritime_intelligence_pipeline.py for tasks to queue
[2026-09-09T03:00:54.179+0000] {logging_mixin.py:188} INFO - [2026-09-09T03:00:54.179+0000] {dagbag.py:545} INFO - Filling up the DagBag from /opt/airflow/dags/maritime_intelligence_pipeline.py
[2026-09-09T03:00:54.221+0000] {processor.py:840} INFO - DAG(s) 'maritime_intelligence_pipeline' retrieved from /opt/airflow/dags/maritime_intelligence_pipeline.py
[2026-09-09T03:00:54.288+0000] {logging_mixin.py:188} INFO - [2026-09-09T03:00:54.287+0000] {dag.py:3089} INFO - Sync 1 DAGs
[2026-09-09T03:00:54.342+0000] {logging_mixin.py:188} INFO - [2026-09-09T03:00:54.342+0000] {dag.py:3947} INFO - Setting next_dagrun for maritime_intelligence_pipeline to 2026-09-08 00:00:00+00:00, run_after=2026-09-09 00:00:00+00:00
[2026-09-09T03:00:54.381+0000] {processor.py:183} INFO - Processing /opt/airflow/dags/maritime_intelligence_pipeline.py took 0.225 seconds
[2026-09-09T03:01:24.645+0000] {processor.py:161} INFO - Started process (PID=5755) to work on /opt/airflow/dags/maritime_intelligence_pipeline.py
[2026-09-09T03:01:24.647+0000] {processor.py:830} INFO - Processing file /opt/airflow/dags/maritime_intelligence_pipeline.py for tasks to queue
[2026-09-09T03:01:24.652+0000] {logging_mixin.py:188} INFO - [2026-09-09T03:01:24.651+0000] {dagbag.py:545} INFO - Filling up the DagBag from /opt/airflow/dags/maritime_intelligence_pipeline.py
[2026-09-09T03:01:24.692+0000] {processor.py:840} INFO - DAG(s) 'maritime_intelligence_pipeline' retrieved from /opt/airflow/dags/maritime_intelligence_pipeline.py
[2026-09-09T03:01:24.741+0000] {logging_mixin.py:188} INFO - [2026-09-09T03:01:24.741+0000] {dag.py:3089} INFO - Sync 1 DAGs
[2026-09-09T03:01:24.786+0000] {logging_mixin.py:188} INFO - [2026-09-09T03:01:24.785+0000] {dag.py:3947} INFO - Setting next_dagrun for maritime_intelligence_pipeline to 2026-09-08 00:00:00+00:00, run_after=2026-09-09 00:00:00+00:00
[2026-09-09T03:01:24.814+0000] {processor.py:183} INFO - Processing /opt/airflow/dags/maritime_intelligence_pipeline.py took 0.182 seconds
[2026-09-09T03:01:54.918+0000] {processor.py:161} INFO - Started process (PID=5760) to work on /opt/airflow/dags/maritime_intelligence_pipeline.py
[2026-09-09T03:01:54.921+0000] {processor.py:830} INFO - Processing file /opt/airflow/dags/maritime_intelligence_pipeline.py for tasks to queue
[2026-09-09T03:01:54.925+0000] {logging_mixin.py:188} INFO - [2026-09-09T03:01:54.925+0000] {dagbag.py:545} INFO - Filling up the DagBag from /opt/airflow/dags/maritime_intelligence_pipeline.py
[2026-09-09T03:01:54.969+0000] {processor.py:840} INFO - DAG(s) 'maritime_intelligence_pipeline' retrieved from /opt/airflow/dags/maritime_intelligence_pipeline.py
[2026-09-09T03:01:55.042+0000] {logging_mixin.py:188} INFO - [2026-09-09T03:01:55.041+0000] {dag.py:3089} INFO - Sync 1 DAGs
[2026-09-09T03:01:55.101+0000] {logging_mixin.py:188} INFO - [2026-09-09T03:01:55.100+0000] {dag.py:3947} INFO - Setting next_dagrun for maritime_intelligence_pipeline to 2026-09-08 00:00:00+00:00, run_after=2026-09-09 00:00:00+00:00
[2026-09-09T03:01:55.145+0000] {processor.py:183} INFO - Processing /opt/airflow/dags/maritime_intelligence_pipeline.py took 0.241 seconds
[2026-09-09T03:02:25.373+0000] {processor.py:161} INFO - Started process (PID=5765) to work on /opt/airflow/dags/maritime_intelligence_pipeline.py
[2026-09-09T03:02:25.376+0000] {processor.py:830} INFO - Processing file /opt/airflow/dags/maritime_intelligence_pipeline.py for tasks to queue
[2026-09-09T03:02:25.382+0000] {logging_mixin.py:188} INFO - [2026-09-09T03:02:25.381+0000] {dagbag.py:545} INFO - Filling up the DagBag from /opt/airflow/dags/maritime_intelligence_pipeline.py
[2026-09-09T03:02:25.434+0000] {processor.py:840} INFO - DAG(s) 'maritime_intelligence_pipeline' retrieved from /opt/airflow/dags/maritime_intelligence_pipeline.py
[2026-09-09T03:02:25.492+0000] {logging_mixin.py:188} INFO - [2026-09-09T03:02:25.491+0000] {dag.py:3089} INFO - Sync 1 DAGs
[2026-09-09T03:02:25.537+0000] {logging_mixin.py:188} INFO - [2026-09-09T03:02:25.537+0000] {dag.py:3947} INFO - Setting next_dagrun for maritime_intelligence_pipeline to 2026-09-08 00:00:00+00:00, run_after=2026-09-09 00:00:00+00:00
[2026-09-09T03:02:25.569+0000] {processor.py:183} INFO - Processing /opt/airflow/dags/maritime_intelligence_pipeline.py took 0.213 seconds
[2026-09-09T03:02:55.935+0000] {processor.py:161} INFO - Started process (PID=5770) to work on /opt/airflow/dags/maritime_intelligence_pipeline.py
[2026-09-09T03:02:55.976+0000] {processor.py:830} INFO - Processing file /opt/airflow/dags/maritime_intelligence_pipeline.py for tasks to queue
[2026-09-09T03:02:55.983+0000] {logging_mixin.py:188} INFO - [2026-09-09T03:02:55.982+0000] {dagbag.py:545} INFO - Filling up the DagBag from /opt/airflow/dags/maritime_intelligence_pipeline.py
[2026-09-09T03:02:56.230+0000] {processor.py:840} INFO - DAG(s) 'maritime_intelligence_pipeline' retrieved from /opt/airflow/dags/maritime_intelligence_pipeline.py
[2026-09-09T03:02:56.572+0000] {logging_mixin.py:188} INFO - [2026-09-09T03:02:56.571+0000] {dag.py:3089} INFO - Sync 1 DAGs
[2026-09-09T03:02:56.622+0000] {logging_mixin.py:188} INFO - [2026-09-09T03:02:56.622+0000] {dag.py:3947} INFO - Setting next_dagrun for maritime_intelligence_pipeline to 2026-09-08 00:00:00+00:00, run_after=2026-09-09 00:00:00+00:00
[2026-09-09T03:02:56.658+0000] {processor.py:183} INFO - Processing /opt/airflow/dags/maritime_intelligence_pipeline.py took 0.773 seconds
[2026-09-09T03:03:27.127+0000] {processor.py:161} INFO - Started process (PID=5775) to work on /opt/airflow/dags/maritime_intelligence_pipeline.py
[2026-09-09T03:03:27.129+0000] {processor.py:830} INFO - Processing file /opt/airflow/dags/maritime_intelligence_pipeline.py for tasks to queue
[2026-09-09T03:03:27.134+0000] {logging_mixin.py:188} INFO - [2026-09-09T03:03:27.133+0000] {dagbag.py:545} INFO - Filling up the DagBag from /opt/airflow/dags/maritime_intelligence_pipeline.py
[2026-09-09T03:03:27.176+0000] {processor.py:840} INFO - DAG(s) 'maritime_intelligence_pipeline' retrieved from /opt/airflow/dags/maritime_intelligence_pipeline.py
[2026-09-09T03:03:27.262+0000] {logging_mixin.py:188} INFO - [2026-09-09T03:03:27.262+0000] {dag.py:3089} INFO - Sync 1 DAGs
[2026-09-09T03:03:27.349+0000] {logging_mixin.py:188} INFO - [2026-09-09T03:03:27.348+0000] {dag.py:3947} INFO - Setting next_dagrun for maritime_intelligence_pipeline to 2026-09-08 00:00:00+00:00, run_after=2026-09-09 00:00:00+00:00
[2026-09-09T03:03:27.400+0000] {processor.py:183} INFO - Processing /opt/airflow/dags/maritime_intelligence_pipeline.py took 0.285 seconds
[2026-09-09T03:03:58.077+0000] {processor.py:161} INFO - Started process (PID=5780) to work on /opt/airflow/dags/maritime_intelligence_pipeline.py
[2026-09-09T03:03:58.084+0000] {processor.py:830} INFO - Processing file /opt/airflow/dags/maritime_intelligence_pipeline.py for tasks to queue
[2026-09-09T03:03:58.092+0000] {logging_mixin.py:188} INFO - [2026-09-09T03:03:58.091+0000] {dagbag.py:545} INFO - Filling up the DagBag from /opt/airflow/dags/maritime_intelligence_pipeline.py
[2026-09-09T03:03:58.266+0000] {processor.py:840} INFO - DAG(s) 'maritime_intelligence_pipeline' retrieved from /opt/airflow/dags/maritime_intelligence_pipeline.py
[2026-09-09T03:03:58.457+0000] {logging_mixin.py:188} INFO - [2026-09-09T03:03:58.457+0000] {dag.py:3089} INFO - Sync 1 DAGs
[2026-09-09T03:03:58.563+0000] {logging_mixin.py:188} INFO - [2026-09-09T03:03:58.562+0000] {dag.py:3947} INFO - Setting next_dagrun for maritime_intelligence_pipeline to 2026-09-08 00:00:00+00:00, run_after=2026-09-09 00:00:00+00:00
[2026-09-09T03:03:58.618+0000] {processor.py:183} INFO - Processing /opt/airflow/dags/maritime_intelligence_pipeline.py took 0.587 seconds
[2026-09-09T03:04:28.811+0000] {processor.py:161} INFO - Started process (PID=5785) to work on /opt/airflow/dags/maritime_intelligence_pipeline.py
[2026-09-09T03:04:28.818+0000] {processor.py:830} INFO - Processing file /opt/airflow/dags/maritime_intelligence_pipeline.py for tasks to queue
[2026-09-09T03:04:28.824+0000] {logging_mixin.py:188} INFO - [2026-09-09T03:04:28.823+0000] {dagbag.py:545} INFO - Filling up the DagBag from /opt/airflow/dags/maritime_intelligence_pipeline.py
[2026-09-09T03:04:28.877+0000] {processor.py:840} INFO - DAG(s) 'maritime_intelligence_pipeline' retrieved from /opt/airflow/dags/maritime_intelligence_pipeline.py
[2026-09-09T03:04:28.970+0000] {logging_mixin.py:188} INFO - [2026-09-09T03:04:28.970+0000] {dag.py:3089} INFO - Sync 1 DAGs
[2026-09-09T03:04:29.348+0000] {logging_mixin.py:188} INFO - [2026-09-09T03:04:29.348+0000] {dag.py:3947} INFO - Setting next_dagrun for maritime_intelligence_pipeline to 2026-09-08 00:00:00+00:00, run_after=2026-09-09 00:00:00+00:00
[2026-09-09T03:04:29.419+0000] {processor.py:183} INFO - Processing /opt/airflow/dags/maritime_intelligence_pipeline.py took 0.630 seconds
[2026-09-09T03:04:59.858+0000] {processor.py:161} INFO - Started process (PID=5790) to work on /opt/airflow/dags/maritime_intelligence_pipeline.py
[2026-09-09T03:04:59.861+0000] {processor.py:830} INFO - Processing file /opt/airflow/dags/maritime_intelligence_pipeline.py for tasks to queue
[2026-09-09T03:04:59.872+0000] {logging_mixin.py:188} INFO - [2026-09-09T03:04:59.871+0000] {dagbag.py:545} INFO - Filling up the DagBag from /opt/airflow/dags/maritime_intelligence_pipeline.py
[2026-09-09T03:04:59.924+0000] {processor.py:840} INFO - DAG(s) 'maritime_intelligence_pipeline' retrieved from /opt/airflow/dags/maritime_intelligence_pipeline.py
[2026-09-09T03:04:59.990+0000] {logging_mixin.py:188} INFO - [2026-09-09T03:04:59.990+0000] {dag.py:3089} INFO - Sync 1 DAGs
[2026-09-09T03:05:00.050+0000] {logging_mixin.py:188} INFO - [2026-09-09T03:05:00.049+0000] {dag.py:3947} INFO - Setting next_dagrun for maritime_intelligence_pipeline to 2026-09-08 00:00:00+00:00, run_after=2026-09-09 00:00:00+00:00
[2026-09-09T03:05:00.092+0000] {processor.py:183} INFO - Processing /opt/airflow/dags/maritime_intelligence_pipeline.py took 0.251 seconds
[2026-09-09T03:05:30.215+0000] {processor.py:161} INFO - Started process (PID=5795) to work on /opt/airflow/dags/maritime_intelligence_pipeline.py
[2026-09-09T03:05:30.217+0000] {processor.py:830} INFO - Processing file /opt/airflow/dags/maritime_intelligence_pipeline.py for tasks to queue
[2026-09-09T03:05:30.222+0000] {logging_mixin.py:188} INFO - [2026-09-09T03:05:30.221+0000] {dagbag.py:545} INFO - Filling up the DagBag from /opt/airflow/dags/maritime_intelligence_pipeline.py
[2026-09-09T03:05:30.268+0000] {processor.py:840} INFO - DAG(s) 'maritime_intelligence_pipeline' retrieved from /opt/airflow/dags/maritime_intelligence_pipeline.py
[2026-09-09T03:05:30.328+0000] {logging_mixin.py:188} INFO - [2026-09-09T03:05:30.328+0000] {dag.py:3089} INFO - Sync 1 DAGs
[2026-09-09T03:05:30.378+0000] {logging_mixin.py:188} INFO - [2026-09-09T03:05:30.378+0000] {dag.py:3947} INFO - Setting next_dagrun for maritime_intelligence_pipeline to 2026-09-08 00:00:00+00:00, run_after=2026-09-09 00:00:00+00:00
[2026-09-09T03:05:30.414+0000] {processor.py:183} INFO - Processing /opt/airflow/dags/maritime_intelligence_pipeline.py took 0.214 seconds
[2026-09-09T03:06:00.833+0000] {processor.py:161} INFO - Started process (PID=5800) to work on /opt/airflow/dags/maritime_intelligence_pipeline.py
[2026-09-09T03:06:00.835+0000] {processor.py:830} INFO - Processing file /opt/airflow/dags/maritime_intelligence_pipeline.py for tasks to queue
[2026-09-09T03:06:00.841+0000] {logging_mixin.py:188} INFO - [2026-09-09T03:06:00.840+0000] {dagbag.py:545} INFO - Filling up the DagBag from /opt/airflow/dags/maritime_intelligence_pipeline.py
[2026-09-09T03:06:00.896+0000] {processor.py:840} INFO - DAG(s) 'maritime_intelligence_pipeline' retrieved from /opt/airflow/dags/maritime_intelligence_pipeline.py
[2026-09-09T03:06:00.960+0000] {logging_mixin.py:188} INFO - [2026-09-09T03:06:00.959+0000] {dag.py:3089} INFO - Sync 1 DAGs
[2026-09-09T03:06:01.023+0000] {logging_mixin.py:188} INFO - [2026-09-09T03:06:01.023+0000] {dag.py:3947} INFO - Setting next_dagrun for maritime_intelligence_pipeline to 2026-09-08 00:00:00+00:00, run_after=2026-09-09 00:00:00+00:00
[2026-09-09T03:06:01.062+0000] {processor.py:183} INFO - Processing /opt/airflow/dags/maritime_intelligence_pipeline.py took 0.247 seconds
[2026-09-09T03:06:31.921+0000] {processor.py:161} INFO - Started process (PID=5805) to work on /opt/airflow/dags/maritime_intelligence_pipeline.py
[2026-09-09T03:06:31.923+0000] {processor.py:830} INFO - Processing file /opt/airflow/dags/maritime_intelligence_pipeline.py for tasks to queue
[2026-09-09T03:06:31.929+0000] {logging_mixin.py:188} INFO - [2026-09-09T03:06:31.928+0000] {dagbag.py:545} INFO - Filling up the DagBag from /opt/airflow/dags/maritime_intelligence_pipeline.py
[2026-09-09T03:06:31.978+0000] {processor.py:840} INFO - DAG(s) 'maritime_intelligence_pipeline' retrieved from /opt/airflow/dags/maritime_intelligence_pipeline.py
[2026-09-09T03:06:32.047+0000] {logging_mixin.py:188} INFO - [2026-09-09T03:06:32.047+0000] {dag.py:3089} INFO - Sync 1 DAGs
[2026-09-09T03:06:32.100+0000] {logging_mixin.py:188} INFO - [2026-09-09T03:06:32.099+0000] {dag.py:3947} INFO - Setting next_dagrun for maritime_intelligence_pipeline to 2026-09-08 00:00:00+00:00, run_after=2026-09-09 00:00:00+00:00
[2026-09-09T03:06:32.143+0000] {processor.py:183} INFO - Processing /opt/airflow/dags/maritime_intelligence_pipeline.py took 0.240 seconds
[2026-09-09T03:07:02.274+0000] {processor.py:161} INFO - Started process (PID=5810) to work on /opt/airflow/dags/maritime_intelligence_pipeline.py
[2026-09-09T03:07:02.277+0000] {processor.py:830} INFO - Processing file /opt/airflow/dags/maritime_intelligence_pipeline.py for tasks to queue
[2026-09-09T03:07:02.282+0000] {logging_mixin.py:188} INFO - [2026-09-09T03:07:02.281+0000] {dagbag.py:545} INFO - Filling up the DagBag from /opt/airflow/dags/maritime_intelligence_pipeline.py
[2026-09-09T03:07:02.321+0000] {processor.py:840} INFO - DAG(s) 'maritime_intelligence_pipeline' retrieved from /opt/airflow/dags/maritime_intelligence_pipeline.py
[2026-09-09T03:07:02.375+0000] {logging_mixin.py:188} INFO - [2026-09-09T03:07:02.375+0000] {dag.py:3089} INFO - Sync 1 DAGs
[2026-09-09T03:07:02.415+0000] {logging_mixin.py:188} INFO - [2026-09-09T03:07:02.415+0000] {dag.py:3947} INFO - Setting next_dagrun for maritime_intelligence_pipeline to 2026-09-08 00:00:00+00:00, run_after=2026-09-09 00:00:00+00:00
[2026-09-09T03:07:02.444+0000] {processor.py:183} INFO - Processing /opt/airflow/dags/maritime_intelligence_pipeline.py took 0.182 seconds
[2026-09-09T03:07:32.648+0000] {processor.py:161} INFO - Started process (PID=5815) to work on /opt/airflow/dags/maritime_intelligence_pipeline.py
[2026-09-09T03:07:32.651+0000] {processor.py:830} INFO - Processing file /opt/airflow/dags/maritime_intelligence_pipeline.py for tasks to queue
[2026-09-09T03:07:32.656+0000] {logging_mixin.py:188} INFO - [2026-09-09T03:07:32.655+0000] {dagbag.py:545} INFO - Filling up the DagBag from /opt/airflow/dags/maritime_intelligence_pipeline.py
[2026-09-09T03:07:32.705+0000] {processor.py:840} INFO - DAG(s) 'maritime_intelligence_pipeline' retrieved from /opt/airflow/dags/maritime_intelligence_pipeline.py
[2026-09-09T03:07:32.755+0000] {logging_mixin.py:188} INFO - [2026-09-09T03:07:32.754+0000] {dag.py:3089} INFO - Sync 1 DAGs
[2026-09-09T03:07:32.788+0000] {logging_mixin.py:188} INFO - [2026-09-09T03:07:32.788+0000] {dag.py:3947} INFO - Setting next_dagrun for maritime_intelligence_pipeline to 2026-09-08 00:00:00+00:00, run_after=2026-09-09 00:00:00+00:00
[2026-09-09T03:07:32.817+0000] {processor.py:183} INFO - Processing /opt/airflow/dags/maritime_intelligence_pipeline.py took 0.185 seconds
[2026-09-09T03:08:03.851+0000] {processor.py:161} INFO - Started process (PID=5820) to work on /opt/airflow/dags/maritime_intelligence_pipeline.py
[2026-09-09T03:08:04.115+0000] {processor.py:830} INFO - Processing file /opt/airflow/dags/maritime_intelligence_pipeline.py for tasks to queue
[2026-09-09T03:08:04.124+0000] {logging_mixin.py:188} INFO - [2026-09-09T03:08:04.124+0000] {dagbag.py:545} INFO - Filling up the DagBag from /opt/airflow/dags/maritime_intelligence_pipeline.py
[2026-09-09T03:08:04.179+0000] {processor.py:840} INFO - DAG(s) 'maritime_intelligence_pipeline' retrieved from /opt/airflow/dags/maritime_intelligence_pipeline.py
[2026-09-09T03:08:05.277+0000] {logging_mixin.py:188} INFO - [2026-09-09T03:08:05.277+0000] {dag.py:3089} INFO - Sync 1 DAGs
[2026-09-09T03:08:05.709+0000] {logging_mixin.py:188} INFO - [2026-09-09T03:08:05.709+0000] {dag.py:3947} INFO - Setting next_dagrun for maritime_intelligence_pipeline to 2026-09-08 00:00:00+00:00, run_after=2026-09-09 00:00:00+00:00
[2026-09-09T03:08:05.964+0000] {processor.py:183} INFO - Processing /opt/airflow/dags/maritime_intelligence_pipeline.py took 2.412 seconds
[2026-09-09T03:08:36.244+0000] {processor.py:161} INFO - Started process (PID=5825) to work on /opt/airflow/dags/maritime_intelligence_pipeline.py
[2026-09-09T03:08:36.246+0000] {processor.py:830} INFO - Processing file /opt/airflow/dags/maritime_intelligence_pipeline.py for tasks to queue
[2026-09-09T03:08:36.252+0000] {logging_mixin.py:188} INFO - [2026-09-09T03:08:36.251+0000] {dagbag.py:545} INFO - Filling up the DagBag from /opt/airflow/dags/maritime_intelligence_pipeline.py
[2026-09-09T03:08:36.295+0000] {processor.py:840} INFO - DAG(s) 'maritime_intelligence_pipeline' retrieved from /opt/airflow/dags/maritime_intelligence_pipeline.py
[2026-09-09T03:08:36.347+0000] {logging_mixin.py:188} INFO - [2026-09-09T03:08:36.347+0000] {dag.py:3089} INFO - Sync 1 DAGs
[2026-09-09T03:08:36.389+0000] {logging_mixin.py:188} INFO - [2026-09-09T03:08:36.389+0000] {dag.py:3947} INFO - Setting next_dagrun for maritime_intelligence_pipeline to 2026-09-08 00:00:00+00:00, run_after=2026-09-09 00:00:00+00:00
[2026-09-09T03:08:36.422+0000] {processor.py:183} INFO - Processing /opt/airflow/dags/maritime_intelligence_pipeline.py took 0.189 seconds
[2026-09-09T03:09:06.693+0000] {processor.py:161} INFO - Started process (PID=5830) to work on /opt/airflow/dags/maritime_intelligence_pipeline.py
[2026-09-09T03:09:06.696+0000] {processor.py:830} INFO - Processing file /opt/airflow/dags/maritime_intelligence_pipeline.py for tasks to queue
[2026-09-09T03:09:06.705+0000] {logging_mixin.py:188} INFO - [2026-09-09T03:09:06.704+0000] {dagbag.py:545} INFO - Filling up the DagBag from /opt/airflow/dags/maritime_intelligence_pipeline.py
[2026-09-09T03:09:06.753+0000] {processor.py:840} INFO - DAG(s) 'maritime_intelligence_pipeline' retrieved from /opt/airflow/dags/maritime_intelligence_pipeline.py
[2026-09-09T03:09:06.839+0000] {logging_mixin.py:188} INFO - [2026-09-09T03:09:06.839+0000] {dag.py:3089} INFO - Sync 1 DAGs
[2026-09-09T03:09:06.912+0000] {logging_mixin.py:188} INFO - [2026-09-09T03:09:06.912+0000] {dag.py:3947} INFO - Setting next_dagrun for maritime_intelligence_pipeline to 2026-09-08 00:00:00+00:00, run_after=2026-09-09 00:00:00+00:00
[2026-09-09T03:09:06.952+0000] {processor.py:183} INFO - Processing /opt/airflow/dags/maritime_intelligence_pipeline.py took 0.277 seconds
[2026-09-09T03:09:37.562+0000] {processor.py:161} INFO - Started process (PID=5835) to work on /opt/airflow/dags/maritime_intelligence_pipeline.py
[2026-09-09T03:09:37.565+0000] {processor.py:830} INFO - Processing file /opt/airflow/dags/maritime_intelligence_pipeline.py for tasks to queue
[2026-09-09T03:09:37.571+0000] {logging_mixin.py:188} INFO - [2026-09-09T03:09:37.570+0000] {dagbag.py:545} INFO - Filling up the DagBag from /opt/airflow/dags/maritime_intelligence_pipeline.py
[2026-09-09T03:09:37.636+0000] {processor.py:840} INFO - DAG(s) 'maritime_intelligence_pipeline' retrieved from /opt/airflow/dags/maritime_intelligence_pipeline.py
[2026-09-09T03:09:37.742+0000] {logging_mixin.py:188} INFO - [2026-09-09T03:09:37.739+0000] {dag.py:3089} INFO - Sync 1 DAGs
[2026-09-09T03:09:37.830+0000] {logging_mixin.py:188} INFO - [2026-09-09T03:09:37.829+0000] {dag.py:3947} INFO - Setting next_dagrun for maritime_intelligence_pipeline to 2026-09-08 00:00:00+00:00, run_after=2026-09-09 00:00:00+00:00
[2026-09-09T03:09:37.913+0000] {processor.py:183} INFO - Processing /opt/airflow/dags/maritime_intelligence_pipeline.py took 0.373 seconds
[2026-09-09T03:10:08.220+0000] {processor.py:161} INFO - Started process (PID=5840) to work on /opt/airflow/dags/maritime_intelligence_pipeline.py
[2026-09-09T03:10:08.222+0000] {processor.py:830} INFO - Processing file /opt/airflow/dags/maritime_intelligence_pipeline.py for tasks to queue
[2026-09-09T03:10:08.227+0000] {logging_mixin.py:188} INFO - [2026-09-09T03:10:08.226+0000] {dagbag.py:545} INFO - Filling up the DagBag from /opt/airflow/dags/maritime_intelligence_pipeline.py
[2026-09-09T03:10:08.268+0000] {processor.py:840} INFO - DAG(s) 'maritime_intelligence_pipeline' retrieved from /opt/airflow/dags/maritime_intelligence_pipeline.py
[2026-09-09T03:10:08.316+0000] {logging_mixin.py:188} INFO - [2026-09-09T03:10:08.315+0000] {dag.py:3089} INFO - Sync 1 DAGs
[2026-09-09T03:10:08.353+0000] {logging_mixin.py:188} INFO - [2026-09-09T03:10:08.353+0000] {dag.py:3947} INFO - Setting next_dagrun for maritime_intelligence_pipeline to 2026-09-08 00:00:00+00:00, run_after=2026-09-09 00:00:00+00:00
[2026-09-09T03:10:08.384+0000] {processor.py:183} INFO - Processing /opt/airflow/dags/maritime_intelligence_pipeline.py took 0.182 seconds
[2026-09-09T03:10:38.488+0000] {processor.py:161} INFO - Started process (PID=5845) to work on /opt/airflow/dags/maritime_intelligence_pipeline.py
[2026-09-09T03:10:38.491+0000] {processor.py:830} INFO - Processing file /opt/airflow/dags/maritime_intelligence_pipeline.py for tasks to queue
[2026-09-09T03:10:38.496+0000] {logging_mixin.py:188} INFO - [2026-09-09T03:10:38.496+0000] {dagbag.py:545} INFO - Filling up the DagBag from /opt/airflow/dags/maritime_intelligence_pipeline.py
[2026-09-09T03:10:38.543+0000] {processor.py:840} INFO - DAG(s) 'maritime_intelligence_pipeline' retrieved from /opt/airflow/dags/maritime_intelligence_pipeline.py
[2026-09-09T03:10:38.597+0000] {logging_mixin.py:188} INFO - [2026-09-09T03:10:38.597+0000] {dag.py:3089} INFO - Sync 1 DAGs
[2026-09-09T03:10:38.638+0000] {logging_mixin.py:188} INFO - [2026-09-09T03:10:38.638+0000] {dag.py:3947} INFO - Setting next_dagrun for maritime_intelligence_pipeline to 2026-09-08 00:00:00+00:00, run_after=2026-09-09 00:00:00+00:00
[2026-09-09T03:10:38.666+0000] {processor.py:183} INFO - Processing /opt/airflow/dags/maritime_intelligence_pipeline.py took 0.199 seconds
[2026-09-09T03:11:08.875+0000] {processor.py:161} INFO - Started process (PID=5850) to work on /opt/airflow/dags/maritime_intelligence_pipeline.py
[2026-09-09T03:11:08.878+0000] {processor.py:830} INFO - Processing file /opt/airflow/dags/maritime_intelligence_pipeline.py for tasks to queue
[2026-09-09T03:11:08.884+0000] {logging_mixin.py:188} INFO - [2026-09-09T03:11:08.883+0000] {dagbag.py:545} INFO - Filling up the DagBag from /opt/airflow/dags/maritime_intelligence_pipeline.py
[2026-09-09T03:11:08.925+0000] {processor.py:840} INFO - DAG(s) 'maritime_intelligence_pipeline' retrieved from /opt/airflow/dags/maritime_intelligence_pipeline.py
[2026-09-09T03:11:08.979+0000] {logging_mixin.py:188} INFO - [2026-09-09T03:11:08.979+0000] {dag.py:3089} INFO - Sync 1 DAGs
[2026-09-09T03:11:09.026+0000] {logging_mixin.py:188} INFO - [2026-09-09T03:11:09.026+0000] {dag.py:3947} INFO - Setting next_dagrun for maritime_intelligence_pipeline to 2026-09-08 00:00:00+00:00, run_after=2026-09-09 00:00:00+00:00
[2026-09-09T03:11:09.080+0000] {processor.py:183} INFO - Processing /opt/airflow/dags/maritime_intelligence_pipeline.py took 0.225 seconds
[2026-09-09T03:11:39.308+0000] {processor.py:161} INFO - Started process (PID=5855) to work on /opt/airflow/dags/maritime_intelligence_pipeline.py
[2026-09-09T03:11:39.312+0000] {processor.py:830} INFO - Processing file /opt/airflow/dags/maritime_intelligence_pipeline.py for tasks to queue
[2026-09-09T03:11:39.316+0000] {logging_mixin.py:188} INFO - [2026-09-09T03:11:39.316+0000] {dagbag.py:545} INFO - Filling up the DagBag from /opt/airflow/dags/maritime_intelligence_pipeline.py
[2026-09-09T03:11:39.382+0000] {processor.py:840} INFO - DAG(s) 'maritime_intelligence_pipeline' retrieved from /opt/airflow/dags/maritime_intelligence_pipeline.py
[2026-09-09T03:11:39.454+0000] {logging_mixin.py:188} INFO - [2026-09-09T03:11:39.454+0000] {dag.py:3089} INFO - Sync 1 DAGs
[2026-09-09T03:11:39.504+0000] {logging_mixin.py:188} INFO - [2026-09-09T03:11:39.504+0000] {dag.py:3947} INFO - Setting next_dagrun for maritime_intelligence_pipeline to 2026-09-08 00:00:00+00:00, run_after=2026-09-09 00:00:00+00:00
[2026-09-09T03:11:39.541+0000] {processor.py:183} INFO - Processing /opt/airflow/dags/maritime_intelligence_pipeline.py took 0.263 seconds
[2026-09-09T03:12:09.724+0000] {processor.py:161} INFO - Started process (PID=5860) to work on /opt/airflow/dags/maritime_intelligence_pipeline.py
[2026-09-09T03:12:09.727+0000] {processor.py:830} INFO - Processing file /opt/airflow/dags/maritime_intelligence_pipeline.py for tasks to queue
[2026-09-09T03:12:09.732+0000] {logging_mixin.py:188} INFO - [2026-09-09T03:12:09.731+0000] {dagbag.py:545} INFO - Filling up the DagBag from /opt/airflow/dags/maritime_intelligence_pipeline.py
[2026-09-09T03:12:09.798+0000] {processor.py:840} INFO - DAG(s) 'maritime_intelligence_pipeline' retrieved from /opt/airflow/dags/maritime_intelligence_pipeline.py
[2026-09-09T03:12:09.864+0000] {logging_mixin.py:188} INFO - [2026-09-09T03:12:09.863+0000] {dag.py:3089} INFO - Sync 1 DAGs
[2026-09-09T03:12:09.968+0000] {logging_mixin.py:188} INFO - [2026-09-09T03:12:09.968+0000] {dag.py:3947} INFO - Setting next_dagrun for maritime_intelligence_pipeline to 2026-09-08 00:00:00+00:00, run_after=2026-09-09 00:00:00+00:00
[2026-09-09T03:12:10.024+0000] {processor.py:183} INFO - Processing /opt/airflow/dags/maritime_intelligence_pipeline.py took 0.316 seconds
[2026-09-09T03:12:40.445+0000] {processor.py:161} INFO - Started process (PID=5865) to work on /opt/airflow/dags/maritime_intelligence_pipeline.py
[2026-09-09T03:12:40.447+0000] {processor.py:830} INFO - Processing file /opt/airflow/dags/maritime_intelligence_pipeline.py for tasks to queue
[2026-09-09T03:12:40.452+0000] {logging_mixin.py:188} INFO - [2026-09-09T03:12:40.451+0000] {dagbag.py:545} INFO - Filling up the DagBag from /opt/airflow/dags/maritime_intelligence_pipeline.py
[2026-09-09T03:12:40.493+0000] {processor.py:840} INFO - DAG(s) 'maritime_intelligence_pipeline' retrieved from /opt/airflow/dags/maritime_intelligence_pipeline.py
[2026-09-09T03:12:40.553+0000] {logging_mixin.py:188} INFO - [2026-09-09T03:12:40.552+0000] {dag.py:3089} INFO - Sync 1 DAGs
[2026-09-09T03:12:40.599+0000] {logging_mixin.py:188} INFO - [2026-09-09T03:12:40.598+0000] {dag.py:3947} INFO - Setting next_dagrun for maritime_intelligence_pipeline to 2026-09-08 00:00:00+00:00, run_after=2026-09-09 00:00:00+00:00
[2026-09-09T03:12:40.634+0000] {processor.py:183} INFO - Processing /opt/airflow/dags/maritime_intelligence_pipeline.py took 0.203 seconds
[2026-09-09T03:13:10.903+0000] {processor.py:161} INFO - Started process (PID=5870) to work on /opt/airflow/dags/maritime_intelligence_pipeline.py
[2026-09-09T03:13:10.906+0000] {processor.py:830} INFO - Processing file /opt/airflow/dags/maritime_intelligence_pipeline.py for tasks to queue
[2026-09-09T03:13:10.912+0000] {logging_mixin.py:188} INFO - [2026-09-09T03:13:10.911+0000] {dagbag.py:545} INFO - Filling up the DagBag from /opt/airflow/dags/maritime_intelligence_pipeline.py
[2026-09-09T03:13:10.956+0000] {processor.py:840} INFO - DAG(s) 'maritime_intelligence_pipeline' retrieved from /opt/airflow/dags/maritime_intelligence_pipeline.py
[2026-09-09T03:13:11.180+0000] {logging_mixin.py:188} INFO - [2026-09-09T03:13:11.180+0000] {dag.py:3089} INFO - Sync 1 DAGs
[2026-09-09T03:13:11.233+0000] {logging_mixin.py:188} INFO - [2026-09-09T03:13:11.233+0000] {dag.py:3947} INFO - Setting next_dagrun for maritime_intelligence_pipeline to 2026-09-08 00:00:00+00:00, run_after=2026-09-09 00:00:00+00:00
[2026-09-09T03:13:11.271+0000] {processor.py:183} INFO - Processing /opt/airflow/dags/maritime_intelligence_pipeline.py took 0.387 seconds
[2026-09-09T03:13:41.560+0000] {processor.py:161} INFO - Started process (PID=5875) to work on /opt/airflow/dags/maritime_intelligence_pipeline.py
[2026-09-09T03:13:41.564+0000] {processor.py:830} INFO - Processing file /opt/airflow/dags/maritime_intelligence_pipeline.py for tasks to queue
[2026-09-09T03:13:41.571+0000] {logging_mixin.py:188} INFO - [2026-09-09T03:13:41.570+0000] {dagbag.py:545} INFO - Filling up the DagBag from /opt/airflow/dags/maritime_intelligence_pipeline.py
[2026-09-09T03:13:41.625+0000] {processor.py:840} INFO - DAG(s) 'maritime_intelligence_pipeline' retrieved from /opt/airflow/dags/maritime_intelligence_pipeline.py
[2026-09-09T03:13:41.691+0000] {logging_mixin.py:188} INFO - [2026-09-09T03:13:41.691+0000] {dag.py:3089} INFO - Sync 1 DAGs
[2026-09-09T03:13:41.753+0000] {logging_mixin.py:188} INFO - [2026-09-09T03:13:41.752+0000] {dag.py:3947} INFO - Setting next_dagrun for maritime_intelligence_pipeline to 2026-09-08 00:00:00+00:00, run_after=2026-09-09 00:00:00+00:00
[2026-09-09T03:13:41.794+0000] {processor.py:183} INFO - Processing /opt/airflow/dags/maritime_intelligence_pipeline.py took 0.253 seconds
[2026-09-09T03:14:12.066+0000] {processor.py:161} INFO - Started process (PID=5880) to work on /opt/airflow/dags/maritime_intelligence_pipeline.py
[2026-09-09T03:14:12.068+0000] {processor.py:830} INFO - Processing file /opt/airflow/dags/maritime_intelligence_pipeline.py for tasks to queue
[2026-09-09T03:14:12.073+0000] {logging_mixin.py:188} INFO - [2026-09-09T03:14:12.072+0000] {dagbag.py:545} INFO - Filling up the DagBag from /opt/airflow/dags/maritime_intelligence_pipeline.py
[2026-09-09T03:14:12.230+0000] {processor.py:840} INFO - DAG(s) 'maritime_intelligence_pipeline' retrieved from /opt/airflow/dags/maritime_intelligence_pipeline.py
[2026-09-09T03:14:12.333+0000] {logging_mixin.py:188} INFO - [2026-09-09T03:14:12.332+0000] {dag.py:3089} INFO - Sync 1 DAGs
[2026-09-09T03:14:12.410+0000] {logging_mixin.py:188} INFO - [2026-09-09T03:14:12.410+0000] {dag.py:3947} INFO - Setting next_dagrun for maritime_intelligence_pipeline to 2026-09-08 00:00:00+00:00, run_after=2026-09-09 00:00:00+00:00
[2026-09-09T03:14:12.453+0000] {processor.py:183} INFO - Processing /opt/airflow/dags/maritime_intelligence_pipeline.py took 0.396 seconds
[2026-09-09T03:14:43.005+0000] {processor.py:161} INFO - Started process (PID=5885) to work on /opt/airflow/dags/maritime_intelligence_pipeline.py
[2026-09-09T03:14:43.007+0000] {processor.py:830} INFO - Processing file /opt/airflow/dags/maritime_intelligence_pipeline.py for tasks to queue
[2026-09-09T03:14:43.013+0000] {logging_mixin.py:188} INFO - [2026-09-09T03:14:43.012+0000] {dagbag.py:545} INFO - Filling up the DagBag from /opt/airflow/dags/maritime_intelligence_pipeline.py
[2026-09-09T03:14:43.059+0000] {processor.py:840} INFO - DAG(s) 'maritime_intelligence_pipeline' retrieved from /opt/airflow/dags/maritime_intelligence_pipeline.py
[2026-09-09T03:14:43.128+0000] {logging_mixin.py:188} INFO - [2026-09-09T03:14:43.127+0000] {dag.py:3089} INFO - Sync 1 DAGs
[2026-09-09T03:14:43.188+0000] {logging_mixin.py:188} INFO - [2026-09-09T03:14:43.188+0000] {dag.py:3947} INFO - Setting next_dagrun for maritime_intelligence_pipeline to 2026-09-08 00:00:00+00:00, run_after=2026-09-09 00:00:00+00:00
[2026-09-09T03:14:43.225+0000] {processor.py:183} INFO - Processing /opt/airflow/dags/maritime_intelligence_pipeline.py took 0.235 seconds
[2026-09-09T03:15:13.495+0000] {processor.py:161} INFO - Started process (PID=5890) to work on /opt/airflow/dags/maritime_intelligence_pipeline.py
[2026-09-09T03:15:13.499+0000] {processor.py:830} INFO - Processing file /opt/airflow/dags/maritime_intelligence_pipeline.py for tasks to queue
[2026-09-09T03:15:13.504+0000] {logging_mixin.py:188} INFO - [2026-09-09T03:15:13.504+0000] {dagbag.py:545} INFO - Filling up the DagBag from /opt/airflow/dags/maritime_intelligence_pipeline.py
[2026-09-09T03:15:13.547+0000] {processor.py:840} INFO - DAG(s) 'maritime_intelligence_pipeline' retrieved from /opt/airflow/dags/maritime_intelligence_pipeline.py
[2026-09-09T03:15:13.611+0000] {logging_mixin.py:188} INFO - [2026-09-09T03:15:13.610+0000] {dag.py:3089} INFO - Sync 1 DAGs
[2026-09-09T03:15:13.659+0000] {logging_mixin.py:188} INFO - [2026-09-09T03:15:13.658+0000] {dag.py:3947} INFO - Setting next_dagrun for maritime_intelligence_pipeline to 2026-09-08 00:00:00+00:00, run_after=2026-09-09 00:00:00+00:00
[2026-09-09T03:15:13.695+0000] {processor.py:183} INFO - Processing /opt/airflow/dags/maritime_intelligence_pipeline.py took 0.219 seconds
[2026-09-09T03:15:44.406+0000] {processor.py:161} INFO - Started process (PID=5895) to work on /opt/airflow/dags/maritime_intelligence_pipeline.py
[2026-09-09T03:15:44.408+0000] {processor.py:830} INFO - Processing file /opt/airflow/dags/maritime_intelligence_pipeline.py for tasks to queue
[2026-09-09T03:15:44.415+0000] {logging_mixin.py:188} INFO - [2026-09-09T03:15:44.414+0000] {dagbag.py:545} INFO - Filling up the DagBag from /opt/airflow/dags/maritime_intelligence_pipeline.py
[2026-09-09T03:15:44.463+0000] {processor.py:840} INFO - DAG(s) 'maritime_intelligence_pipeline' retrieved from /opt/airflow/dags/maritime_intelligence_pipeline.py
[2026-09-09T03:15:44.519+0000] {logging_mixin.py:188} INFO - [2026-09-09T03:15:44.519+0000] {dag.py:3089} INFO - Sync 1 DAGs
[2026-09-09T03:15:44.567+0000] {logging_mixin.py:188} INFO - [2026-09-09T03:15:44.567+0000] {dag.py:3947} INFO - Setting next_dagrun for maritime_intelligence_pipeline to 2026-09-08 00:00:00+00:00, run_after=2026-09-09 00:00:00+00:00
[2026-09-09T03:15:44.599+0000] {processor.py:183} INFO - Processing /opt/airflow/dags/maritime_intelligence_pipeline.py took 0.208 seconds
[2026-09-09T03:16:15.068+0000] {processor.py:161} INFO - Started process (PID=5900) to work on /opt/airflow/dags/maritime_intelligence_pipeline.py
[2026-09-09T03:16:15.071+0000] {processor.py:830} INFO - Processing file /opt/airflow/dags/maritime_intelligence_pipeline.py for tasks to queue
[2026-09-09T03:16:15.078+0000] {logging_mixin.py:188} INFO - [2026-09-09T03:16:15.077+0000] {dagbag.py:545} INFO - Filling up the DagBag from /opt/airflow/dags/maritime_intelligence_pipeline.py
[2026-09-09T03:16:15.141+0000] {processor.py:840} INFO - DAG(s) 'maritime_intelligence_pipeline' retrieved from /opt/airflow/dags/maritime_intelligence_pipeline.py
[2026-09-09T03:16:15.212+0000] {logging_mixin.py:188} INFO - [2026-09-09T03:16:15.212+0000] {dag.py:3089} INFO - Sync 1 DAGs
[2026-09-09T03:16:15.270+0000] {logging_mixin.py:188} INFO - [2026-09-09T03:16:15.270+0000] {dag.py:3947} INFO - Setting next_dagrun for maritime_intelligence_pipeline to 2026-09-08 00:00:00+00:00, run_after=2026-09-09 00:00:00+00:00
[2026-09-09T03:16:15.303+0000] {processor.py:183} INFO - Processing /opt/airflow/dags/maritime_intelligence_pipeline.py took 0.255 seconds
[2026-09-09T03:16:45.567+0000] {processor.py:161} INFO - Started process (PID=5905) to work on /opt/airflow/dags/maritime_intelligence_pipeline.py
[2026-09-09T03:16:45.570+0000] {processor.py:830} INFO - Processing file /opt/airflow/dags/maritime_intelligence_pipeline.py for tasks to queue
[2026-09-09T03:16:45.575+0000] {logging_mixin.py:188} INFO - [2026-09-09T03:16:45.575+0000] {dagbag.py:545} INFO - Filling up the DagBag from /opt/airflow/dags/maritime_intelligence_pipeline.py
[2026-09-09T03:16:45.625+0000] {processor.py:840} INFO - DAG(s) 'maritime_intelligence_pipeline' retrieved from /opt/airflow/dags/maritime_intelligence_pipeline.py
[2026-09-09T03:16:45.687+0000] {logging_mixin.py:188} INFO - [2026-09-09T03:16:45.687+0000] {dag.py:3089} INFO - Sync 1 DAGs
[2026-09-09T03:16:45.738+0000] {logging_mixin.py:188} INFO - [2026-09-09T03:16:45.737+0000] {dag.py:3947} INFO - Setting next_dagrun for maritime_intelligence_pipeline to 2026-09-08 00:00:00+00:00, run_after=2026-09-09 00:00:00+00:00
[2026-09-09T03:16:45.785+0000] {processor.py:183} INFO - Processing /opt/airflow/dags/maritime_intelligence_pipeline.py took 0.233 seconds
[2026-09-09T03:17:16.049+0000] {processor.py:161} INFO - Started process (PID=5910) to work on /opt/airflow/dags/maritime_intelligence_pipeline.py
[2026-09-09T03:17:16.052+0000] {processor.py:830} INFO - Processing file /opt/airflow/dags/maritime_intelligence_pipeline.py for tasks to queue
[2026-09-09T03:17:16.057+0000] {logging_mixin.py:188} INFO - [2026-09-09T03:17:16.056+0000] {dagbag.py:545} INFO - Filling up the DagBag from /opt/airflow/dags/maritime_intelligence_pipeline.py
[2026-09-09T03:17:16.103+0000] {processor.py:840} INFO - DAG(s) 'maritime_intelligence_pipeline' retrieved from /opt/airflow/dags/maritime_intelligence_pipeline.py
[2026-09-09T03:17:16.160+0000] {logging_mixin.py:188} INFO - [2026-09-09T03:17:16.160+0000] {dag.py:3089} INFO - Sync 1 DAGs
[2026-09-09T03:17:16.209+0000] {logging_mixin.py:188} INFO - [2026-09-09T03:17:16.209+0000] {dag.py:3947} INFO - Setting next_dagrun for maritime_intelligence_pipeline to 2026-09-08 00:00:00+00:00, run_after=2026-09-09 00:00:00+00:00
[2026-09-09T03:17:16.248+0000] {processor.py:183} INFO - Processing /opt/airflow/dags/maritime_intelligence_pipeline.py took 0.211 seconds
[2026-09-09T03:17:46.394+0000] {processor.py:161} INFO - Started process (PID=5915) to work on /opt/airflow/dags/maritime_intelligence_pipeline.py
[2026-09-09T03:17:46.397+0000] {processor.py:830} INFO - Processing file /opt/airflow/dags/maritime_intelligence_pipeline.py for tasks to queue
[2026-09-09T03:17:46.403+0000] {logging_mixin.py:188} INFO - [2026-09-09T03:17:46.402+0000] {dagbag.py:545} INFO - Filling up the DagBag from /opt/airflow/dags/maritime_intelligence_pipeline.py
[2026-09-09T03:17:46.456+0000] {processor.py:840} INFO - DAG(s) 'maritime_intelligence_pipeline' retrieved from /opt/airflow/dags/maritime_intelligence_pipeline.py
[2026-09-09T03:17:46.521+0000] {logging_mixin.py:188} INFO - [2026-09-09T03:17:46.520+0000] {dag.py:3089} INFO - Sync 1 DAGs
[2026-09-09T03:17:46.579+0000] {logging_mixin.py:188} INFO - [2026-09-09T03:17:46.578+0000] {dag.py:3947} INFO - Setting next_dagrun for maritime_intelligence_pipeline to 2026-09-08 00:00:00+00:00, run_after=2026-09-09 00:00:00+00:00
[2026-09-09T03:17:46.618+0000] {processor.py:183} INFO - Processing /opt/airflow/dags/maritime_intelligence_pipeline.py took 0.238 seconds
[2026-09-09T03:18:16.906+0000] {processor.py:161} INFO - Started process (PID=5920) to work on /opt/airflow/dags/maritime_intelligence_pipeline.py
[2026-09-09T03:18:16.909+0000] {processor.py:830} INFO - Processing file /opt/airflow/dags/maritime_intelligence_pipeline.py for tasks to queue
[2026-09-09T03:18:16.915+0000] {logging_mixin.py:188} INFO - [2026-09-09T03:18:16.914+0000] {dagbag.py:545} INFO - Filling up the DagBag from /opt/airflow/dags/maritime_intelligence_pipeline.py
[2026-09-09T03:18:16.966+0000] {processor.py:840} INFO - DAG(s) 'maritime_intelligence_pipeline' retrieved from /opt/airflow/dags/maritime_intelligence_pipeline.py
[2026-09-09T03:18:17.041+0000] {logging_mixin.py:188} INFO - [2026-09-09T03:18:17.041+0000] {dag.py:3089} INFO - Sync 1 DAGs
[2026-09-09T03:18:17.084+0000] {logging_mixin.py:188} INFO - [2026-09-09T03:18:17.084+0000] {dag.py:3947} INFO - Setting next_dagrun for maritime_intelligence_pipeline to 2026-09-08 00:00:00+00:00, run_after=2026-09-09 00:00:00+00:00
[2026-09-09T03:18:17.126+0000] {processor.py:183} INFO - Processing /opt/airflow/dags/maritime_intelligence_pipeline.py took 0.237 seconds
[2026-09-09T03:18:47.374+0000] {processor.py:161} INFO - Started process (PID=5925) to work on /opt/airflow/dags/maritime_intelligence_pipeline.py
[2026-09-09T03:18:47.376+0000] {processor.py:830} INFO - Processing file /opt/airflow/dags/maritime_intelligence_pipeline.py for tasks to queue
[2026-09-09T03:18:47.382+0000] {logging_mixin.py:188} INFO - [2026-09-09T03:18:47.381+0000] {dagbag.py:545} INFO - Filling up the DagBag from /opt/airflow/dags/maritime_intelligence_pipeline.py
[2026-09-09T03:18:47.425+0000] {processor.py:840} INFO - DAG(s) 'maritime_intelligence_pipeline' retrieved from /opt/airflow/dags/maritime_intelligence_pipeline.py
[2026-09-09T03:18:47.484+0000] {logging_mixin.py:188} INFO - [2026-09-09T03:18:47.483+0000] {dag.py:3089} INFO - Sync 1 DAGs
[2026-09-09T03:18:47.527+0000] {logging_mixin.py:188} INFO - [2026-09-09T03:18:47.526+0000] {dag.py:3947} INFO - Setting next_dagrun for maritime_intelligence_pipeline to 2026-09-08 00:00:00+00:00, run_after=2026-09-09 00:00:00+00:00
[2026-09-09T03:18:47.563+0000] {processor.py:183} INFO - Processing /opt/airflow/dags/maritime_intelligence_pipeline.py took 0.205 seconds
[2026-09-09T03:19:17.815+0000] {processor.py:161} INFO - Started process (PID=5930) to work on /opt/airflow/dags/maritime_intelligence_pipeline.py
[2026-09-09T03:19:17.819+0000] {processor.py:830} INFO - Processing file /opt/airflow/dags/maritime_intelligence_pipeline.py for tasks to queue
[2026-09-09T03:19:17.828+0000] {logging_mixin.py:188} INFO - [2026-09-09T03:19:17.827+0000] {dagbag.py:545} INFO - Filling up the DagBag from /opt/airflow/dags/maritime_intelligence_pipeline.py
[2026-09-09T03:19:17.927+0000] {processor.py:840} INFO - DAG(s) 'maritime_intelligence_pipeline' retrieved from /opt/airflow/dags/maritime_intelligence_pipeline.py
[2026-09-09T03:19:18.004+0000] {logging_mixin.py:188} INFO - [2026-09-09T03:19:18.003+0000] {dag.py:3089} INFO - Sync 1 DAGs
[2026-09-09T03:19:18.122+0000] {logging_mixin.py:188} INFO - [2026-09-09T03:19:18.122+0000] {dag.py:3947} INFO - Setting next_dagrun for maritime_intelligence_pipeline to 2026-09-08 00:00:00+00:00, run_after=2026-09-09 00:00:00+00:00
[2026-09-09T03:19:18.245+0000] {processor.py:183} INFO - Processing /opt/airflow/dags/maritime_intelligence_pipeline.py took 0.449 seconds
[2026-09-09T03:19:48.614+0000] {processor.py:161} INFO - Started process (PID=5935) to work on /opt/airflow/dags/maritime_intelligence_pipeline.py
[2026-09-09T03:19:48.618+0000] {processor.py:830} INFO - Processing file /opt/airflow/dags/maritime_intelligence_pipeline.py for tasks to queue
[2026-09-09T03:19:48.624+0000] {logging_mixin.py:188} INFO - [2026-09-09T03:19:48.623+0000] {dagbag.py:545} INFO - Filling up the DagBag from /opt/airflow/dags/maritime_intelligence_pipeline.py
[2026-09-09T03:19:48.662+0000] {processor.py:840} INFO - DAG(s) 'maritime_intelligence_pipeline' retrieved from /opt/airflow/dags/maritime_intelligence_pipeline.py
[2026-09-09T03:19:48.721+0000] {logging_mixin.py:188} INFO - [2026-09-09T03:19:48.721+0000] {dag.py:3089} INFO - Sync 1 DAGs
[2026-09-09T03:19:48.764+0000] {logging_mixin.py:188} INFO - [2026-09-09T03:19:48.764+0000] {dag.py:3947} INFO - Setting next_dagrun for maritime_intelligence_pipeline to 2026-09-08 00:00:00+00:00, run_after=2026-09-09 00:00:00+00:00
[2026-09-09T03:19:48.798+0000] {processor.py:183} INFO - Processing /opt/airflow/dags/maritime_intelligence_pipeline.py took 0.205 seconds
[2026-09-09T03:20:19.037+0000] {processor.py:161} INFO - Started process (PID=5940) to work on /opt/airflow/dags/maritime_intelligence_pipeline.py
[2026-09-09T03:20:19.039+0000] {processor.py:830} INFO - Processing file /opt/airflow/dags/maritime_intelligence_pipeline.py for tasks to queue
[2026-09-09T03:20:19.046+0000] {logging_mixin.py:188} INFO - [2026-09-09T03:20:19.045+0000] {dagbag.py:545} INFO - Filling up the DagBag from /opt/airflow/dags/maritime_intelligence_pipeline.py
[2026-09-09T03:20:19.091+0000] {processor.py:840} INFO - DAG(s) 'maritime_intelligence_pipeline' retrieved from /opt/airflow/dags/maritime_intelligence_pipeline.py
[2026-09-09T03:20:19.145+0000] {logging_mixin.py:188} INFO - [2026-09-09T03:20:19.145+0000] {dag.py:3089} INFO - Sync 1 DAGs
[2026-09-09T03:20:19.246+0000] {logging_mixin.py:188} INFO - [2026-09-09T03:20:19.245+0000] {dag.py:3947} INFO - Setting next_dagrun for maritime_intelligence_pipeline to 2026-09-08 00:00:00+00:00, run_after=2026-09-09 00:00:00+00:00
[2026-09-09T03:20:19.285+0000] {processor.py:183} INFO - Processing /opt/airflow/dags/maritime_intelligence_pipeline.py took 0.264 seconds
[2026-09-09T03:20:49.515+0000] {processor.py:161} INFO - Started process (PID=5945) to work on /opt/airflow/dags/maritime_intelligence_pipeline.py
[2026-09-09T03:20:49.525+0000] {processor.py:830} INFO - Processing file /opt/airflow/dags/maritime_intelligence_pipeline.py for tasks to queue
[2026-09-09T03:20:49.535+0000] {logging_mixin.py:188} INFO - [2026-09-09T03:20:49.534+0000] {dagbag.py:545} INFO - Filling up the DagBag from /opt/airflow/dags/maritime_intelligence_pipeline.py
[2026-09-09T03:20:49.601+0000] {processor.py:840} INFO - DAG(s) 'maritime_intelligence_pipeline' retrieved from /opt/airflow/dags/maritime_intelligence_pipeline.py
[2026-09-09T03:20:49.690+0000] {logging_mixin.py:188} INFO - [2026-09-09T03:20:49.690+0000] {dag.py:3089} INFO - Sync 1 DAGs
[2026-09-09T03:20:49.758+0000] {logging_mixin.py:188} INFO - [2026-09-09T03:20:49.757+0000] {dag.py:3947} INFO - Setting next_dagrun for maritime_intelligence_pipeline to 2026-09-08 00:00:00+00:00, run_after=2026-09-09 00:00:00+00:00
[2026-09-09T03:20:49.802+0000] {processor.py:183} INFO - Processing /opt/airflow/dags/maritime_intelligence_pipeline.py took 0.314 seconds
[2026-09-09T03:21:20.064+0000] {processor.py:161} INFO - Started process (PID=5950) to work on /opt/airflow/dags/maritime_intelligence_pipeline.py
[2026-09-09T03:21:20.067+0000] {processor.py:830} INFO - Processing file /opt/airflow/dags/maritime_intelligence_pipeline.py for tasks to queue
[2026-09-09T03:21:20.073+0000] {logging_mixin.py:188} INFO - [2026-09-09T03:21:20.072+0000] {dagbag.py:545} INFO - Filling up the DagBag from /opt/airflow/dags/maritime_intelligence_pipeline.py
[2026-09-09T03:21:20.116+0000] {processor.py:840} INFO - DAG(s) 'maritime_intelligence_pipeline' retrieved from /opt/airflow/dags/maritime_intelligence_pipeline.py
[2026-09-09T03:21:20.167+0000] {logging_mixin.py:188} INFO - [2026-09-09T03:21:20.167+0000] {dag.py:3089} INFO - Sync 1 DAGs
[2026-09-09T03:21:20.211+0000] {logging_mixin.py:188} INFO - [2026-09-09T03:21:20.211+0000] {dag.py:3947} INFO - Setting next_dagrun for maritime_intelligence_pipeline to 2026-09-08 00:00:00+00:00, run_after=2026-09-09 00:00:00+00:00
[2026-09-09T03:21:20.246+0000] {processor.py:183} INFO - Processing /opt/airflow/dags/maritime_intelligence_pipeline.py took 0.195 seconds
[2026-09-09T03:21:50.539+0000] {processor.py:161} INFO - Started process (PID=5955) to work on /opt/airflow/dags/maritime_intelligence_pipeline.py
[2026-09-09T03:21:50.542+0000] {processor.py:830} INFO - Processing file /opt/airflow/dags/maritime_intelligence_pipeline.py for tasks to queue
[2026-09-09T03:21:50.549+0000] {logging_mixin.py:188} INFO - [2026-09-09T03:21:50.548+0000] {dagbag.py:545} INFO - Filling up the DagBag from /opt/airflow/dags/maritime_intelligence_pipeline.py
[2026-09-09T03:21:50.587+0000] {processor.py:840} INFO - DAG(s) 'maritime_intelligence_pipeline' retrieved from /opt/airflow/dags/maritime_intelligence_pipeline.py
[2026-09-09T03:21:50.636+0000] {logging_mixin.py:188} INFO - [2026-09-09T03:21:50.636+0000] {dag.py:3089} INFO - Sync 1 DAGs
[2026-09-09T03:21:50.679+0000] {logging_mixin.py:188} INFO - [2026-09-09T03:21:50.678+0000] {dag.py:3947} INFO - Setting next_dagrun for maritime_intelligence_pipeline to 2026-09-08 00:00:00+00:00, run_after=2026-09-09 00:00:00+00:00
[2026-09-09T03:21:50.712+0000] {processor.py:183} INFO - Processing /opt/airflow/dags/maritime_intelligence_pipeline.py took 0.186 seconds
[2026-09-09T03:22:20.856+0000] {processor.py:161} INFO - Started process (PID=5960) to work on /opt/airflow/dags/maritime_intelligence_pipeline.py
[2026-09-09T03:22:20.859+0000] {processor.py:830} INFO - Processing file /opt/airflow/dags/maritime_intelligence_pipeline.py for tasks to queue
[2026-09-09T03:22:20.865+0000] {logging_mixin.py:188} INFO - [2026-09-09T03:22:20.864+0000] {dagbag.py:545} INFO - Filling up the DagBag from /opt/airflow/dags/maritime_intelligence_pipeline.py
[2026-09-09T03:22:22.060+0000] {processor.py:840} INFO - DAG(s) 'maritime_intelligence_pipeline' retrieved from /opt/airflow/dags/maritime_intelligence_pipeline.py
[2026-09-09T03:22:22.148+0000] {logging_mixin.py:188} INFO - [2026-09-09T03:22:22.147+0000] {dag.py:3089} INFO - Sync 1 DAGs
[2026-09-09T03:22:22.194+0000] {logging_mixin.py:188} INFO - [2026-09-09T03:22:22.194+0000] {dag.py:3947} INFO - Setting next_dagrun for maritime_intelligence_pipeline to 2026-09-08 00:00:00+00:00, run_after=2026-09-09 00:00:00+00:00
[2026-09-09T03:22:22.229+0000] {processor.py:183} INFO - Processing /opt/airflow/dags/maritime_intelligence_pipeline.py took 1.390 seconds
[2026-09-09T03:22:52.498+0000] {processor.py:161} INFO - Started process (PID=5965) to work on /opt/airflow/dags/maritime_intelligence_pipeline.py
[2026-09-09T03:22:52.501+0000] {processor.py:830} INFO - Processing file /opt/airflow/dags/maritime_intelligence_pipeline.py for tasks to queue
[2026-09-09T03:22:52.507+0000] {logging_mixin.py:188} INFO - [2026-09-09T03:22:52.506+0000] {dagbag.py:545} INFO - Filling up the DagBag from /opt/airflow/dags/maritime_intelligence_pipeline.py
[2026-09-09T03:22:52.557+0000] {processor.py:840} INFO - DAG(s) 'maritime_intelligence_pipeline' retrieved from /opt/airflow/dags/maritime_intelligence_pipeline.py
[2026-09-09T03:22:52.621+0000] {logging_mixin.py:188} INFO - [2026-09-09T03:22:52.620+0000] {dag.py:3089} INFO - Sync 1 DAGs
[2026-09-09T03:22:52.671+0000] {logging_mixin.py:188} INFO - [2026-09-09T03:22:52.670+0000] {dag.py:3947} INFO - Setting next_dagrun for maritime_intelligence_pipeline to 2026-09-08 00:00:00+00:00, run_after=2026-09-09 00:00:00+00:00
[2026-09-09T03:22:52.707+0000] {processor.py:183} INFO - Processing /opt/airflow/dags/maritime_intelligence_pipeline.py took 0.229 seconds
[2026-09-09T03:23:22.947+0000] {processor.py:161} INFO - Started process (PID=5970) to work on /opt/airflow/dags/maritime_intelligence_pipeline.py
[2026-09-09T03:23:22.950+0000] {processor.py:830} INFO - Processing file /opt/airflow/dags/maritime_intelligence_pipeline.py for tasks to queue
[2026-09-09T03:23:22.956+0000] {logging_mixin.py:188} INFO - [2026-09-09T03:23:22.955+0000] {dagbag.py:545} INFO - Filling up the DagBag from /opt/airflow/dags/maritime_intelligence_pipeline.py
[2026-09-09T03:23:22.994+0000] {processor.py:840} INFO - DAG(s) 'maritime_intelligence_pipeline' retrieved from /opt/airflow/dags/maritime_intelligence_pipeline.py
[2026-09-09T03:23:23.054+0000] {logging_mixin.py:188} INFO - [2026-09-09T03:23:23.054+0000] {dag.py:3089} INFO - Sync 1 DAGs
[2026-09-09T03:23:23.095+0000] {logging_mixin.py:188} INFO - [2026-09-09T03:23:23.094+0000] {dag.py:3947} INFO - Setting next_dagrun for maritime_intelligence_pipeline to 2026-09-08 00:00:00+00:00, run_after=2026-09-09 00:00:00+00:00
[2026-09-09T03:23:23.128+0000] {processor.py:183} INFO - Processing /opt/airflow/dags/maritime_intelligence_pipeline.py took 0.198 seconds
[2026-09-09T03:23:53.373+0000] {processor.py:161} INFO - Started process (PID=5975) to work on /opt/airflow/dags/maritime_intelligence_pipeline.py
[2026-09-09T03:23:53.376+0000] {processor.py:830} INFO - Processing file /opt/airflow/dags/maritime_intelligence_pipeline.py for tasks to queue
[2026-09-09T03:23:53.381+0000] {logging_mixin.py:188} INFO - [2026-09-09T03:23:53.380+0000] {dagbag.py:545} INFO - Filling up the DagBag from /opt/airflow/dags/maritime_intelligence_pipeline.py
[2026-09-09T03:23:53.423+0000] {processor.py:840} INFO - DAG(s) 'maritime_intelligence_pipeline' retrieved from /opt/airflow/dags/maritime_intelligence_pipeline.py
[2026-09-09T03:23:53.485+0000] {logging_mixin.py:188} INFO - [2026-09-09T03:23:53.485+0000] {dag.py:3089} INFO - Sync 1 DAGs
[2026-09-09T03:23:53.540+0000] {logging_mixin.py:188} INFO - [2026-09-09T03:23:53.540+0000] {dag.py:3947} INFO - Setting next_dagrun for maritime_intelligence_pipeline to 2026-09-08 00:00:00+00:00, run_after=2026-09-09 00:00:00+00:00
[2026-09-09T03:23:53.575+0000] {processor.py:183} INFO - Processing /opt/airflow/dags/maritime_intelligence_pipeline.py took 0.219 seconds
[2026-09-09T03:24:23.896+0000] {processor.py:161} INFO - Started process (PID=5980) to work on /opt/airflow/dags/maritime_intelligence_pipeline.py
[2026-09-09T03:24:23.899+0000] {processor.py:830} INFO - Processing file /opt/airflow/dags/maritime_intelligence_pipeline.py for tasks to queue
[2026-09-09T03:24:23.904+0000] {logging_mixin.py:188} INFO - [2026-09-09T03:24:23.903+0000] {dagbag.py:545} INFO - Filling up the DagBag from /opt/airflow/dags/maritime_intelligence_pipeline.py
[2026-09-09T03:24:23.946+0000] {processor.py:840} INFO - DAG(s) 'maritime_intelligence_pipeline' retrieved from /opt/airflow/dags/maritime_intelligence_pipeline.py
[2026-09-09T03:24:23.995+0000] {logging_mixin.py:188} INFO - [2026-09-09T03:24:23.995+0000] {dag.py:3089} INFO - Sync 1 DAGs
[2026-09-09T03:24:24.036+0000] {logging_mixin.py:188} INFO - [2026-09-09T03:24:24.036+0000] {dag.py:3947} INFO - Setting next_dagrun for maritime_intelligence_pipeline to 2026-09-08 00:00:00+00:00, run_after=2026-09-09 00:00:00+00:00
[2026-09-09T03:24:24.071+0000] {processor.py:183} INFO - Processing /opt/airflow/dags/maritime_intelligence_pipeline.py took 0.191 seconds
[2026-09-09T03:24:54.258+0000] {processor.py:161} INFO - Started process (PID=5985) to work on /opt/airflow/dags/maritime_intelligence_pipeline.py
[2026-09-09T03:24:54.260+0000] {processor.py:830} INFO - Processing file /opt/airflow/dags/maritime_intelligence_pipeline.py for tasks to queue
[2026-09-09T03:24:54.265+0000] {logging_mixin.py:188} INFO - [2026-09-09T03:24:54.264+0000] {dagbag.py:545} INFO - Filling up the DagBag from /opt/airflow/dags/maritime_intelligence_pipeline.py
[2026-09-09T03:24:54.313+0000] {processor.py:840} INFO - DAG(s) 'maritime_intelligence_pipeline' retrieved from /opt/airflow/dags/maritime_intelligence_pipeline.py
[2026-09-09T03:24:54.372+0000] {logging_mixin.py:188} INFO - [2026-09-09T03:24:54.372+0000] {dag.py:3089} INFO - Sync 1 DAGs
[2026-09-09T03:24:54.421+0000] {logging_mixin.py:188} INFO - [2026-09-09T03:24:54.420+0000] {dag.py:3947} INFO - Setting next_dagrun for maritime_intelligence_pipeline to 2026-09-08 00:00:00+00:00, run_after=2026-09-09 00:00:00+00:00
[2026-09-09T03:24:54.460+0000] {processor.py:183} INFO - Processing /opt/airflow/dags/maritime_intelligence_pipeline.py took 0.218 seconds
[2026-09-09T03:25:24.755+0000] {processor.py:161} INFO - Started process (PID=5990) to work on /opt/airflow/dags/maritime_intelligence_pipeline.py
[2026-09-09T03:25:24.757+0000] {processor.py:830} INFO - Processing file /opt/airflow/dags/maritime_intelligence_pipeline.py for tasks to queue
[2026-09-09T03:25:24.762+0000] {logging_mixin.py:188} INFO - [2026-09-09T03:25:24.761+0000] {dagbag.py:545} INFO - Filling up the DagBag from /opt/airflow/dags/maritime_intelligence_pipeline.py
[2026-09-09T03:25:24.809+0000] {processor.py:840} INFO - DAG(s) 'maritime_intelligence_pipeline' retrieved from /opt/airflow/dags/maritime_intelligence_pipeline.py
[2026-09-09T03:25:24.873+0000] {logging_mixin.py:188} INFO - [2026-09-09T03:25:24.873+0000] {dag.py:3089} INFO - Sync 1 DAGs
[2026-09-09T03:25:24.918+0000] {logging_mixin.py:188} INFO - [2026-09-09T03:25:24.917+0000] {dag.py:3947} INFO - Setting next_dagrun for maritime_intelligence_pipeline to 2026-09-08 00:00:00+00:00, run_after=2026-09-09 00:00:00+00:00
[2026-09-09T03:25:24.949+0000] {processor.py:183} INFO - Processing /opt/airflow/dags/maritime_intelligence_pipeline.py took 0.217 seconds
[2026-09-09T03:25:55.202+0000] {processor.py:161} INFO - Started process (PID=5995) to work on /opt/airflow/dags/maritime_intelligence_pipeline.py
[2026-09-09T03:25:55.205+0000] {processor.py:830} INFO - Processing file /opt/airflow/dags/maritime_intelligence_pipeline.py for tasks to queue
[2026-09-09T03:25:55.210+0000] {logging_mixin.py:188} INFO - [2026-09-09T03:25:55.209+0000] {dagbag.py:545} INFO - Filling up the DagBag from /opt/airflow/dags/maritime_intelligence_pipeline.py
[2026-09-09T03:25:55.254+0000] {processor.py:840} INFO - DAG(s) 'maritime_intelligence_pipeline' retrieved from /opt/airflow/dags/maritime_intelligence_pipeline.py
[2026-09-09T03:25:55.309+0000] {logging_mixin.py:188} INFO - [2026-09-09T03:25:55.309+0000] {dag.py:3089} INFO - Sync 1 DAGs
[2026-09-09T03:25:55.350+0000] {logging_mixin.py:188} INFO - [2026-09-09T03:25:55.350+0000] {dag.py:3947} INFO - Setting next_dagrun for maritime_intelligence_pipeline to 2026-09-08 00:00:00+00:00, run_after=2026-09-09 00:00:00+00:00
[2026-09-09T03:25:55.384+0000] {processor.py:183} INFO - Processing /opt/airflow/dags/maritime_intelligence_pipeline.py took 0.193 seconds
[2026-09-09T03:26:25.645+0000] {processor.py:161} INFO - Started process (PID=6000) to work on /opt/airflow/dags/maritime_intelligence_pipeline.py
[2026-09-09T03:26:25.647+0000] {processor.py:830} INFO - Processing file /opt/airflow/dags/maritime_intelligence_pipeline.py for tasks to queue
[2026-09-09T03:26:25.652+0000] {logging_mixin.py:188} INFO - [2026-09-09T03:26:25.651+0000] {dagbag.py:545} INFO - Filling up the DagBag from /opt/airflow/dags/maritime_intelligence_pipeline.py
[2026-09-09T03:26:25.700+0000] {processor.py:840} INFO - DAG(s) 'maritime_intelligence_pipeline' retrieved from /opt/airflow/dags/maritime_intelligence_pipeline.py
[2026-09-09T03:26:25.758+0000] {logging_mixin.py:188} INFO - [2026-09-09T03:26:25.757+0000] {dag.py:3089} INFO - Sync 1 DAGs
[2026-09-09T03:26:25.801+0000] {logging_mixin.py:188} INFO - [2026-09-09T03:26:25.801+0000] {dag.py:3947} INFO - Setting next_dagrun for maritime_intelligence_pipeline to 2026-09-08 00:00:00+00:00, run_after=2026-09-09 00:00:00+00:00
[2026-09-09T03:26:25.838+0000] {processor.py:183} INFO - Processing /opt/airflow/dags/maritime_intelligence_pipeline.py took 0.205 seconds
[2026-09-09T03:26:56.159+0000] {processor.py:161} INFO - Started process (PID=6005) to work on /opt/airflow/dags/maritime_intelligence_pipeline.py
[2026-09-09T03:26:56.161+0000] {processor.py:830} INFO - Processing file /opt/airflow/dags/maritime_intelligence_pipeline.py for tasks to queue
[2026-09-09T03:26:56.166+0000] {logging_mixin.py:188} INFO - [2026-09-09T03:26:56.165+0000] {dagbag.py:545} INFO - Filling up the DagBag from /opt/airflow/dags/maritime_intelligence_pipeline.py
[2026-09-09T03:26:56.209+0000] {processor.py:840} INFO - DAG(s) 'maritime_intelligence_pipeline' retrieved from /opt/airflow/dags/maritime_intelligence_pipeline.py
[2026-09-09T03:26:56.271+0000] {logging_mixin.py:188} INFO - [2026-09-09T03:26:56.271+0000] {dag.py:3089} INFO - Sync 1 DAGs
[2026-09-09T03:26:56.313+0000] {logging_mixin.py:188} INFO - [2026-09-09T03:26:56.313+0000] {dag.py:3947} INFO - Setting next_dagrun for maritime_intelligence_pipeline to 2026-09-08 00:00:00+00:00, run_after=2026-09-09 00:00:00+00:00
[2026-09-09T03:26:56.342+0000] {processor.py:183} INFO - Processing /opt/airflow/dags/maritime_intelligence_pipeline.py took 0.201 seconds
[2026-09-09T03:27:26.587+0000] {processor.py:161} INFO - Started process (PID=6010) to work on /opt/airflow/dags/maritime_intelligence_pipeline.py
[2026-09-09T03:27:26.590+0000] {processor.py:830} INFO - Processing file /opt/airflow/dags/maritime_intelligence_pipeline.py for tasks to queue
[2026-09-09T03:27:26.595+0000] {logging_mixin.py:188} INFO - [2026-09-09T03:27:26.594+0000] {dagbag.py:545} INFO - Filling up the DagBag from /opt/airflow/dags/maritime_intelligence_pipeline.py
[2026-09-09T03:27:26.643+0000] {processor.py:840} INFO - DAG(s) 'maritime_intelligence_pipeline' retrieved from /opt/airflow/dags/maritime_intelligence_pipeline.py
[2026-09-09T03:27:26.705+0000] {logging_mixin.py:188} INFO - [2026-09-09T03:27:26.704+0000] {dag.py:3089} INFO - Sync 1 DAGs
[2026-09-09T03:27:26.750+0000] {logging_mixin.py:188} INFO - [2026-09-09T03:27:26.750+0000] {dag.py:3947} INFO - Setting next_dagrun for maritime_intelligence_pipeline to 2026-09-08 00:00:00+00:00, run_after=2026-09-09 00:00:00+00:00
[2026-09-09T03:27:26.785+0000] {processor.py:183} INFO - Processing /opt/airflow/dags/maritime_intelligence_pipeline.py took 0.214 seconds
[2026-09-09T03:27:57.505+0000] {processor.py:161} INFO - Started process (PID=6015) to work on /opt/airflow/dags/maritime_intelligence_pipeline.py
[2026-09-09T03:27:57.509+0000] {processor.py:830} INFO - Processing file /opt/airflow/dags/maritime_intelligence_pipeline.py for tasks to queue
[2026-09-09T03:27:57.515+0000] {logging_mixin.py:188} INFO - [2026-09-09T03:27:57.515+0000] {dagbag.py:545} INFO - Filling up the DagBag from /opt/airflow/dags/maritime_intelligence_pipeline.py
[2026-09-09T03:27:57.558+0000] {processor.py:840} INFO - DAG(s) 'maritime_intelligence_pipeline' retrieved from /opt/airflow/dags/maritime_intelligence_pipeline.py
[2026-09-09T03:27:57.759+0000] {logging_mixin.py:188} INFO - [2026-09-09T03:27:57.759+0000] {dag.py:3089} INFO - Sync 1 DAGs
[2026-09-09T03:27:57.796+0000] {logging_mixin.py:188} INFO - [2026-09-09T03:27:57.796+0000] {dag.py:3947} INFO - Setting next_dagrun for maritime_intelligence_pipeline to 2026-09-08 00:00:00+00:00, run_after=2026-09-09 00:00:00+00:00
[2026-09-09T03:27:57.936+0000] {processor.py:183} INFO - Processing /opt/airflow/dags/maritime_intelligence_pipeline.py took 0.900 seconds
[2026-09-09T03:28:28.436+0000] {processor.py:161} INFO - Started process (PID=6020) to work on /opt/airflow/dags/maritime_intelligence_pipeline.py
[2026-09-09T03:28:28.438+0000] {processor.py:830} INFO - Processing file /opt/airflow/dags/maritime_intelligence_pipeline.py for tasks to queue
[2026-09-09T03:28:28.442+0000] {logging_mixin.py:188} INFO - [2026-09-09T03:28:28.442+0000] {dagbag.py:545} INFO - Filling up the DagBag from /opt/airflow/dags/maritime_intelligence_pipeline.py
[2026-09-09T03:28:28.486+0000] {processor.py:840} INFO - DAG(s) 'maritime_intelligence_pipeline' retrieved from /opt/airflow/dags/maritime_intelligence_pipeline.py
[2026-09-09T03:28:28.557+0000] {logging_mixin.py:188} INFO - [2026-09-09T03:28:28.557+0000] {dag.py:3089} INFO - Sync 1 DAGs
[2026-09-09T03:28:28.642+0000] {logging_mixin.py:188} INFO - [2026-09-09T03:28:28.641+0000] {dag.py:3947} INFO - Setting next_dagrun for maritime_intelligence_pipeline to 2026-09-08 00:00:00+00:00, run_after=2026-09-09 00:00:00+00:00
[2026-09-09T03:28:28.725+0000] {processor.py:183} INFO - Processing /opt/airflow/dags/maritime_intelligence_pipeline.py took 0.302 seconds
[2026-09-09T03:28:59.028+0000] {processor.py:161} INFO - Started process (PID=6025) to work on /opt/airflow/dags/maritime_intelligence_pipeline.py
[2026-09-09T03:28:59.031+0000] {processor.py:830} INFO - Processing file /opt/airflow/dags/maritime_intelligence_pipeline.py for tasks to queue
[2026-09-09T03:28:59.041+0000] {logging_mixin.py:188} INFO - [2026-09-09T03:28:59.040+0000] {dagbag.py:545} INFO - Filling up the DagBag from /opt/airflow/dags/maritime_intelligence_pipeline.py
[2026-09-09T03:28:59.086+0000] {processor.py:840} INFO - DAG(s) 'maritime_intelligence_pipeline' retrieved from /opt/airflow/dags/maritime_intelligence_pipeline.py
[2026-09-09T03:28:59.147+0000] {logging_mixin.py:188} INFO - [2026-09-09T03:28:59.147+0000] {dag.py:3089} INFO - Sync 1 DAGs
[2026-09-09T03:28:59.192+0000] {logging_mixin.py:188} INFO - [2026-09-09T03:28:59.191+0000] {dag.py:3947} INFO - Setting next_dagrun for maritime_intelligence_pipeline to 2026-09-08 00:00:00+00:00, run_after=2026-09-09 00:00:00+00:00
[2026-09-09T03:28:59.221+0000] {processor.py:183} INFO - Processing /opt/airflow/dags/maritime_intelligence_pipeline.py took 0.207 seconds
[2026-09-09T03:29:29.669+0000] {processor.py:161} INFO - Started process (PID=6030) to work on /opt/airflow/dags/maritime_intelligence_pipeline.py
[2026-09-09T03:29:29.673+0000] {processor.py:830} INFO - Processing file /opt/airflow/dags/maritime_intelligence_pipeline.py for tasks to queue
[2026-09-09T03:29:29.680+0000] {logging_mixin.py:188} INFO - [2026-09-09T03:29:29.679+0000] {dagbag.py:545} INFO - Filling up the DagBag from /opt/airflow/dags/maritime_intelligence_pipeline.py
[2026-09-09T03:29:29.721+0000] {processor.py:840} INFO - DAG(s) 'maritime_intelligence_pipeline' retrieved from /opt/airflow/dags/maritime_intelligence_pipeline.py
[2026-09-09T03:29:29.841+0000] {logging_mixin.py:188} INFO - [2026-09-09T03:29:29.840+0000] {dag.py:3089} INFO - Sync 1 DAGs
[2026-09-09T03:29:29.892+0000] {logging_mixin.py:188} INFO - [2026-09-09T03:29:29.892+0000] {dag.py:3947} INFO - Setting next_dagrun for maritime_intelligence_pipeline to 2026-09-08 00:00:00+00:00, run_after=2026-09-09 00:00:00+00:00
[2026-09-09T03:29:29.941+0000] {processor.py:183} INFO - Processing /opt/airflow/dags/maritime_intelligence_pipeline.py took 0.448 seconds
[2026-09-09T03:30:00.275+0000] {processor.py:161} INFO - Started process (PID=6035) to work on /opt/airflow/dags/maritime_intelligence_pipeline.py
[2026-09-09T03:30:00.277+0000] {processor.py:830} INFO - Processing file /opt/airflow/dags/maritime_intelligence_pipeline.py for tasks to queue
[2026-09-09T03:30:00.281+0000] {logging_mixin.py:188} INFO - [2026-09-09T03:30:00.280+0000] {dagbag.py:545} INFO - Filling up the DagBag from /opt/airflow/dags/maritime_intelligence_pipeline.py
[2026-09-09T03:30:00.322+0000] {processor.py:840} INFO - DAG(s) 'maritime_intelligence_pipeline' retrieved from /opt/airflow/dags/maritime_intelligence_pipeline.py
[2026-09-09T03:30:00.378+0000] {logging_mixin.py:188} INFO - [2026-09-09T03:30:00.377+0000] {dag.py:3089} INFO - Sync 1 DAGs
[2026-09-09T03:30:00.417+0000] {logging_mixin.py:188} INFO - [2026-09-09T03:30:00.416+0000] {dag.py:3947} INFO - Setting next_dagrun for maritime_intelligence_pipeline to 2026-09-08 00:00:00+00:00, run_after=2026-09-09 00:00:00+00:00
[2026-09-09T03:30:00.658+0000] {processor.py:183} INFO - Processing /opt/airflow/dags/maritime_intelligence_pipeline.py took 0.392 seconds
[2026-09-09T03:30:31.438+0000] {processor.py:161} INFO - Started process (PID=6040) to work on /opt/airflow/dags/maritime_intelligence_pipeline.py
[2026-09-09T03:30:31.441+0000] {processor.py:830} INFO - Processing file /opt/airflow/dags/maritime_intelligence_pipeline.py for tasks to queue
[2026-09-09T03:30:31.446+0000] {logging_mixin.py:188} INFO - [2026-09-09T03:30:31.445+0000] {dagbag.py:545} INFO - Filling up the DagBag from /opt/airflow/dags/maritime_intelligence_pipeline.py
[2026-09-09T03:30:31.493+0000] {processor.py:840} INFO - DAG(s) 'maritime_intelligence_pipeline' retrieved from /opt/airflow/dags/maritime_intelligence_pipeline.py
[2026-09-09T03:30:31.553+0000] {logging_mixin.py:188} INFO - [2026-09-09T03:30:31.553+0000] {dag.py:3089} INFO - Sync 1 DAGs
[2026-09-09T03:30:31.602+0000] {logging_mixin.py:188} INFO - [2026-09-09T03:30:31.602+0000] {dag.py:3947} INFO - Setting next_dagrun for maritime_intelligence_pipeline to 2026-09-08 00:00:00+00:00, run_after=2026-09-09 00:00:00+00:00
[2026-09-09T03:30:31.640+0000] {processor.py:183} INFO - Processing /opt/airflow/dags/maritime_intelligence_pipeline.py took 0.217 seconds
[2026-09-09T03:31:01.984+0000] {processor.py:161} INFO - Started process (PID=6045) to work on /opt/airflow/dags/maritime_intelligence_pipeline.py
[2026-09-09T03:31:01.987+0000] {processor.py:830} INFO - Processing file /opt/airflow/dags/maritime_intelligence_pipeline.py for tasks to queue
[2026-09-09T03:31:01.991+0000] {logging_mixin.py:188} INFO - [2026-09-09T03:31:01.991+0000] {dagbag.py:545} INFO - Filling up the DagBag from /opt/airflow/dags/maritime_intelligence_pipeline.py
[2026-09-09T03:31:02.032+0000] {processor.py:840} INFO - DAG(s) 'maritime_intelligence_pipeline' retrieved from /opt/airflow/dags/maritime_intelligence_pipeline.py
[2026-09-09T03:31:02.084+0000] {logging_mixin.py:188} INFO - [2026-09-09T03:31:02.084+0000] {dag.py:3089} INFO - Sync 1 DAGs
[2026-09-09T03:31:02.130+0000] {logging_mixin.py:188} INFO - [2026-09-09T03:31:02.130+0000] {dag.py:3947} INFO - Setting next_dagrun for maritime_intelligence_pipeline to 2026-09-08 00:00:00+00:00, run_after=2026-09-09 00:00:00+00:00
[2026-09-09T03:31:02.164+0000] {processor.py:183} INFO - Processing /opt/airflow/dags/maritime_intelligence_pipeline.py took 0.197 seconds
[2026-09-09T03:31:32.382+0000] {processor.py:161} INFO - Started process (PID=6050) to work on /opt/airflow/dags/maritime_intelligence_pipeline.py
[2026-09-09T03:31:32.384+0000] {processor.py:830} INFO - Processing file /opt/airflow/dags/maritime_intelligence_pipeline.py for tasks to queue
[2026-09-09T03:31:32.389+0000] {logging_mixin.py:188} INFO - [2026-09-09T03:31:32.388+0000] {dagbag.py:545} INFO - Filling up the DagBag from /opt/airflow/dags/maritime_intelligence_pipeline.py
[2026-09-09T03:31:32.429+0000] {processor.py:840} INFO - DAG(s) 'maritime_intelligence_pipeline' retrieved from /opt/airflow/dags/maritime_intelligence_pipeline.py
[2026-09-09T03:31:32.483+0000] {logging_mixin.py:188} INFO - [2026-09-09T03:31:32.482+0000] {dag.py:3089} INFO - Sync 1 DAGs
[2026-09-09T03:31:32.524+0000] {logging_mixin.py:188} INFO - [2026-09-09T03:31:32.523+0000] {dag.py:3947} INFO - Setting next_dagrun for maritime_intelligence_pipeline to 2026-09-08 00:00:00+00:00, run_after=2026-09-09 00:00:00+00:00
[2026-09-09T03:31:32.560+0000] {processor.py:183} INFO - Processing /opt/airflow/dags/maritime_intelligence_pipeline.py took 0.188 seconds
[2026-09-09T03:32:02.815+0000] {processor.py:161} INFO - Started process (PID=6055) to work on /opt/airflow/dags/maritime_intelligence_pipeline.py
[2026-09-09T03:32:02.817+0000] {processor.py:830} INFO - Processing file /opt/airflow/dags/maritime_intelligence_pipeline.py for tasks to queue
[2026-09-09T03:32:02.824+0000] {logging_mixin.py:188} INFO - [2026-09-09T03:32:02.823+0000] {dagbag.py:545} INFO - Filling up the DagBag from /opt/airflow/dags/maritime_intelligence_pipeline.py
[2026-09-09T03:32:02.873+0000] {processor.py:840} INFO - DAG(s) 'maritime_intelligence_pipeline' retrieved from /opt/airflow/dags/maritime_intelligence_pipeline.py
[2026-09-09T03:32:02.933+0000] {logging_mixin.py:188} INFO - [2026-09-09T03:32:02.932+0000] {dag.py:3089} INFO - Sync 1 DAGs
[2026-09-09T03:32:02.986+0000] {logging_mixin.py:188} INFO - [2026-09-09T03:32:02.986+0000] {dag.py:3947} INFO - Setting next_dagrun for maritime_intelligence_pipeline to 2026-09-08 00:00:00+00:00, run_after=2026-09-09 00:00:00+00:00
[2026-09-09T03:32:03.032+0000] {processor.py:183} INFO - Processing /opt/airflow/dags/maritime_intelligence_pipeline.py took 0.252 seconds
[2026-09-09T03:32:33.370+0000] {processor.py:161} INFO - Started process (PID=6060) to work on /opt/airflow/dags/maritime_intelligence_pipeline.py
[2026-09-09T03:32:33.373+0000] {processor.py:830} INFO - Processing file /opt/airflow/dags/maritime_intelligence_pipeline.py for tasks to queue
[2026-09-09T03:32:33.378+0000] {logging_mixin.py:188} INFO - [2026-09-09T03:32:33.377+0000] {dagbag.py:545} INFO - Filling up the DagBag from /opt/airflow/dags/maritime_intelligence_pipeline.py
[2026-09-09T03:32:33.419+0000] {processor.py:840} INFO - DAG(s) 'maritime_intelligence_pipeline' retrieved from /opt/airflow/dags/maritime_intelligence_pipeline.py
[2026-09-09T03:32:33.474+0000] {logging_mixin.py:188} INFO - [2026-09-09T03:32:33.473+0000] {dag.py:3089} INFO - Sync 1 DAGs
[2026-09-09T03:32:33.543+0000] {logging_mixin.py:188} INFO - [2026-09-09T03:32:33.543+0000] {dag.py:3947} INFO - Setting next_dagrun for maritime_intelligence_pipeline to 2026-09-08 00:00:00+00:00, run_after=2026-09-09 00:00:00+00:00
[2026-09-09T03:32:33.575+0000] {processor.py:183} INFO - Processing /opt/airflow/dags/maritime_intelligence_pipeline.py took 0.217 seconds
[2026-09-09T03:33:03.831+0000] {processor.py:161} INFO - Started process (PID=6065) to work on /opt/airflow/dags/maritime_intelligence_pipeline.py
[2026-09-09T03:33:03.833+0000] {processor.py:830} INFO - Processing file /opt/airflow/dags/maritime_intelligence_pipeline.py for tasks to queue
[2026-09-09T03:33:03.839+0000] {logging_mixin.py:188} INFO - [2026-09-09T03:33:03.838+0000] {dagbag.py:545} INFO - Filling up the DagBag from /opt/airflow/dags/maritime_intelligence_pipeline.py
[2026-09-09T03:33:03.884+0000] {processor.py:840} INFO - DAG(s) 'maritime_intelligence_pipeline' retrieved from /opt/airflow/dags/maritime_intelligence_pipeline.py
[2026-09-09T03:33:03.928+0000] {logging_mixin.py:188} INFO - [2026-09-09T03:33:03.927+0000] {dag.py:3089} INFO - Sync 1 DAGs
[2026-09-09T03:33:03.961+0000] {logging_mixin.py:188} INFO - [2026-09-09T03:33:03.961+0000] {dag.py:3947} INFO - Setting next_dagrun for maritime_intelligence_pipeline to 2026-09-08 00:00:00+00:00, run_after=2026-09-09 00:00:00+00:00
[2026-09-09T03:33:03.992+0000] {processor.py:183} INFO - Processing /opt/airflow/dags/maritime_intelligence_pipeline.py took 0.172 seconds
[2026-09-09T03:33:34.186+0000] {processor.py:161} INFO - Started process (PID=6070) to work on /opt/airflow/dags/maritime_intelligence_pipeline.py
[2026-09-09T03:33:34.188+0000] {processor.py:830} INFO - Processing file /opt/airflow/dags/maritime_intelligence_pipeline.py for tasks to queue
[2026-09-09T03:33:34.193+0000] {logging_mixin.py:188} INFO - [2026-09-09T03:33:34.192+0000] {dagbag.py:545} INFO - Filling up the DagBag from /opt/airflow/dags/maritime_intelligence_pipeline.py
[2026-09-09T03:33:34.229+0000] {processor.py:840} INFO - DAG(s) 'maritime_intelligence_pipeline' retrieved from /opt/airflow/dags/maritime_intelligence_pipeline.py
[2026-09-09T03:33:34.274+0000] {logging_mixin.py:188} INFO - [2026-09-09T03:33:34.273+0000] {dag.py:3089} INFO - Sync 1 DAGs
[2026-09-09T03:33:34.308+0000] {logging_mixin.py:188} INFO - [2026-09-09T03:33:34.307+0000] {dag.py:3947} INFO - Setting next_dagrun for maritime_intelligence_pipeline to 2026-09-08 00:00:00+00:00, run_after=2026-09-09 00:00:00+00:00
[2026-09-09T03:33:34.338+0000] {processor.py:183} INFO - Processing /opt/airflow/dags/maritime_intelligence_pipeline.py took 0.161 seconds
[2026-09-09T03:34:04.578+0000] {processor.py:161} INFO - Started process (PID=6075) to work on /opt/airflow/dags/maritime_intelligence_pipeline.py
[2026-09-09T03:34:04.580+0000] {processor.py:830} INFO - Processing file /opt/airflow/dags/maritime_intelligence_pipeline.py for tasks to queue
[2026-09-09T03:34:04.585+0000] {logging_mixin.py:188} INFO - [2026-09-09T03:34:04.584+0000] {dagbag.py:545} INFO - Filling up the DagBag from /opt/airflow/dags/maritime_intelligence_pipeline.py
[2026-09-09T03:34:04.623+0000] {processor.py:840} INFO - DAG(s) 'maritime_intelligence_pipeline' retrieved from /opt/airflow/dags/maritime_intelligence_pipeline.py
[2026-09-09T03:34:04.664+0000] {logging_mixin.py:188} INFO - [2026-09-09T03:34:04.664+0000] {dag.py:3089} INFO - Sync 1 DAGs
[2026-09-09T03:34:04.699+0000] {logging_mixin.py:188} INFO - [2026-09-09T03:34:04.699+0000] {dag.py:3947} INFO - Setting next_dagrun for maritime_intelligence_pipeline to 2026-09-08 00:00:00+00:00, run_after=2026-09-09 00:00:00+00:00
[2026-09-09T03:34:04.731+0000] {processor.py:183} INFO - Processing /opt/airflow/dags/maritime_intelligence_pipeline.py took 0.164 seconds
[2026-09-09T03:34:34.914+0000] {processor.py:161} INFO - Started process (PID=6080) to work on /opt/airflow/dags/maritime_intelligence_pipeline.py
[2026-09-09T03:34:34.916+0000] {processor.py:830} INFO - Processing file /opt/airflow/dags/maritime_intelligence_pipeline.py for tasks to queue
[2026-09-09T03:34:34.920+0000] {logging_mixin.py:188} INFO - [2026-09-09T03:34:34.919+0000] {dagbag.py:545} INFO - Filling up the DagBag from /opt/airflow/dags/maritime_intelligence_pipeline.py
[2026-09-09T03:34:34.959+0000] {processor.py:840} INFO - DAG(s) 'maritime_intelligence_pipeline' retrieved from /opt/airflow/dags/maritime_intelligence_pipeline.py
[2026-09-09T03:34:35.004+0000] {logging_mixin.py:188} INFO - [2026-09-09T03:34:35.004+0000] {dag.py:3089} INFO - Sync 1 DAGs
[2026-09-09T03:34:35.042+0000] {logging_mixin.py:188} INFO - [2026-09-09T03:34:35.042+0000] {dag.py:3947} INFO - Setting next_dagrun for maritime_intelligence_pipeline to 2026-09-08 00:00:00+00:00, run_after=2026-09-09 00:00:00+00:00
[2026-09-09T03:34:35.077+0000] {processor.py:183} INFO - Processing /opt/airflow/dags/maritime_intelligence_pipeline.py took 0.173 seconds
[2026-09-09T03:35:05.283+0000] {processor.py:161} INFO - Started process (PID=6085) to work on /opt/airflow/dags/maritime_intelligence_pipeline.py
[2026-09-09T03:35:05.285+0000] {processor.py:830} INFO - Processing file /opt/airflow/dags/maritime_intelligence_pipeline.py for tasks to queue
[2026-09-09T03:35:05.289+0000] {logging_mixin.py:188} INFO - [2026-09-09T03:35:05.288+0000] {dagbag.py:545} INFO - Filling up the DagBag from /opt/airflow/dags/maritime_intelligence_pipeline.py
[2026-09-09T03:35:05.327+0000] {processor.py:840} INFO - DAG(s) 'maritime_intelligence_pipeline' retrieved from /opt/airflow/dags/maritime_intelligence_pipeline.py
[2026-09-09T03:35:05.373+0000] {logging_mixin.py:188} INFO - [2026-09-09T03:35:05.373+0000] {dag.py:3089} INFO - Sync 1 DAGs
[2026-09-09T03:35:05.407+0000] {logging_mixin.py:188} INFO - [2026-09-09T03:35:05.407+0000] {dag.py:3947} INFO - Setting next_dagrun for maritime_intelligence_pipeline to 2026-09-08 00:00:00+00:00, run_after=2026-09-09 00:00:00+00:00
[2026-09-09T03:35:05.436+0000] {processor.py:183} INFO - Processing /opt/airflow/dags/maritime_intelligence_pipeline.py took 0.163 seconds
[2026-09-09T03:35:35.687+0000] {processor.py:161} INFO - Started process (PID=6090) to work on /opt/airflow/dags/maritime_intelligence_pipeline.py
[2026-09-09T03:35:35.689+0000] {processor.py:830} INFO - Processing file /opt/airflow/dags/maritime_intelligence_pipeline.py for tasks to queue
[2026-09-09T03:35:35.695+0000] {logging_mixin.py:188} INFO - [2026-09-09T03:35:35.694+0000] {dagbag.py:545} INFO - Filling up the DagBag from /opt/airflow/dags/maritime_intelligence_pipeline.py
[2026-09-09T03:35:35.740+0000] {processor.py:840} INFO - DAG(s) 'maritime_intelligence_pipeline' retrieved from /opt/airflow/dags/maritime_intelligence_pipeline.py
[2026-09-09T03:35:35.786+0000] {logging_mixin.py:188} INFO - [2026-09-09T03:35:35.785+0000] {dag.py:3089} INFO - Sync 1 DAGs
[2026-09-09T03:35:35.824+0000] {logging_mixin.py:188} INFO - [2026-09-09T03:35:35.824+0000] {dag.py:3947} INFO - Setting next_dagrun for maritime_intelligence_pipeline to 2026-09-08 00:00:00+00:00, run_after=2026-09-09 00:00:00+00:00
[2026-09-09T03:35:35.856+0000] {processor.py:183} INFO - Processing /opt/airflow/dags/maritime_intelligence_pipeline.py took 0.181 seconds
[2026-09-09T03:36:06.013+0000] {processor.py:161} INFO - Started process (PID=6095) to work on /opt/airflow/dags/maritime_intelligence_pipeline.py
[2026-09-09T03:36:06.016+0000] {processor.py:830} INFO - Processing file /opt/airflow/dags/maritime_intelligence_pipeline.py for tasks to queue
[2026-09-09T03:36:06.020+0000] {logging_mixin.py:188} INFO - [2026-09-09T03:36:06.020+0000] {dagbag.py:545} INFO - Filling up the DagBag from /opt/airflow/dags/maritime_intelligence_pipeline.py
[2026-09-09T03:36:06.058+0000] {processor.py:840} INFO - DAG(s) 'maritime_intelligence_pipeline' retrieved from /opt/airflow/dags/maritime_intelligence_pipeline.py
[2026-09-09T03:36:06.107+0000] {logging_mixin.py:188} INFO - [2026-09-09T03:36:06.107+0000] {dag.py:3089} INFO - Sync 1 DAGs
[2026-09-09T03:36:06.141+0000] {logging_mixin.py:188} INFO - [2026-09-09T03:36:06.140+0000] {dag.py:3947} INFO - Setting next_dagrun for maritime_intelligence_pipeline to 2026-09-08 00:00:00+00:00, run_after=2026-09-09 00:00:00+00:00
[2026-09-09T03:36:06.172+0000] {processor.py:183} INFO - Processing /opt/airflow/dags/maritime_intelligence_pipeline.py took 0.173 seconds
[2026-09-09T03:36:36.437+0000] {processor.py:161} INFO - Started process (PID=6100) to work on /opt/airflow/dags/maritime_intelligence_pipeline.py
[2026-09-09T03:36:36.440+0000] {processor.py:830} INFO - Processing file /opt/airflow/dags/maritime_intelligence_pipeline.py for tasks to queue
[2026-09-09T03:36:36.443+0000] {logging_mixin.py:188} INFO - [2026-09-09T03:36:36.443+0000] {dagbag.py:545} INFO - Filling up the DagBag from /opt/airflow/dags/maritime_intelligence_pipeline.py
[2026-09-09T03:36:36.482+0000] {processor.py:840} INFO - DAG(s) 'maritime_intelligence_pipeline' retrieved from /opt/airflow/dags/maritime_intelligence_pipeline.py
[2026-09-09T03:36:36.524+0000] {logging_mixin.py:188} INFO - [2026-09-09T03:36:36.523+0000] {dag.py:3089} INFO - Sync 1 DAGs
[2026-09-09T03:36:36.562+0000] {logging_mixin.py:188} INFO - [2026-09-09T03:36:36.561+0000] {dag.py:3947} INFO - Setting next_dagrun for maritime_intelligence_pipeline to 2026-09-08 00:00:00+00:00, run_after=2026-09-09 00:00:00+00:00
[2026-09-09T03:36:36.591+0000] {processor.py:183} INFO - Processing /opt/airflow/dags/maritime_intelligence_pipeline.py took 0.161 seconds
[2026-09-09T03:37:06.731+0000] {processor.py:161} INFO - Started process (PID=6105) to work on /opt/airflow/dags/maritime_intelligence_pipeline.py
[2026-09-09T03:37:06.734+0000] {processor.py:830} INFO - Processing file /opt/airflow/dags/maritime_intelligence_pipeline.py for tasks to queue
[2026-09-09T03:37:06.737+0000] {logging_mixin.py:188} INFO - [2026-09-09T03:37:06.737+0000] {dagbag.py:545} INFO - Filling up the DagBag from /opt/airflow/dags/maritime_intelligence_pipeline.py
[2026-09-09T03:37:06.780+0000] {processor.py:840} INFO - DAG(s) 'maritime_intelligence_pipeline' retrieved from /opt/airflow/dags/maritime_intelligence_pipeline.py
[2026-09-09T03:37:06.828+0000] {logging_mixin.py:188} INFO - [2026-09-09T03:37:06.828+0000] {dag.py:3089} INFO - Sync 1 DAGs
[2026-09-09T03:37:06.866+0000] {logging_mixin.py:188} INFO - [2026-09-09T03:37:06.866+0000] {dag.py:3947} INFO - Setting next_dagrun for maritime_intelligence_pipeline to 2026-09-08 00:00:00+00:00, run_after=2026-09-09 00:00:00+00:00
[2026-09-09T03:37:06.897+0000] {processor.py:183} INFO - Processing /opt/airflow/dags/maritime_intelligence_pipeline.py took 0.176 seconds
[2026-09-09T03:37:37.209+0000] {processor.py:161} INFO - Started process (PID=6110) to work on /opt/airflow/dags/maritime_intelligence_pipeline.py
[2026-09-09T03:37:37.212+0000] {processor.py:830} INFO - Processing file /opt/airflow/dags/maritime_intelligence_pipeline.py for tasks to queue
[2026-09-09T03:37:37.215+0000] {logging_mixin.py:188} INFO - [2026-09-09T03:37:37.215+0000] {dagbag.py:545} INFO - Filling up the DagBag from /opt/airflow/dags/maritime_intelligence_pipeline.py
[2026-09-09T03:37:37.248+0000] {processor.py:840} INFO - DAG(s) 'maritime_intelligence_pipeline' retrieved from /opt/airflow/dags/maritime_intelligence_pipeline.py
[2026-09-09T03:37:37.291+0000] {logging_mixin.py:188} INFO - [2026-09-09T03:37:37.291+0000] {dag.py:3089} INFO - Sync 1 DAGs
[2026-09-09T03:37:37.325+0000] {logging_mixin.py:188} INFO - [2026-09-09T03:37:37.325+0000] {dag.py:3947} INFO - Setting next_dagrun for maritime_intelligence_pipeline to 2026-09-08 00:00:00+00:00, run_after=2026-09-09 00:00:00+00:00
[2026-09-09T03:37:37.357+0000] {processor.py:183} INFO - Processing /opt/airflow/dags/maritime_intelligence_pipeline.py took 0.156 seconds
[2026-09-09T03:38:09.077+0000] {processor.py:161} INFO - Started process (PID=6115) to work on /opt/airflow/dags/maritime_intelligence_pipeline.py
[2026-09-09T03:38:09.083+0000] {processor.py:830} INFO - Processing file /opt/airflow/dags/maritime_intelligence_pipeline.py for tasks to queue
[2026-09-09T03:38:09.090+0000] {logging_mixin.py:188} INFO - [2026-09-09T03:38:09.089+0000] {dagbag.py:545} INFO - Filling up the DagBag from /opt/airflow/dags/maritime_intelligence_pipeline.py
[2026-09-09T03:38:09.272+0000] {processor.py:840} INFO - DAG(s) 'maritime_intelligence_pipeline' retrieved from /opt/airflow/dags/maritime_intelligence_pipeline.py
[2026-09-09T03:38:09.466+0000] {logging_mixin.py:188} INFO - [2026-09-09T03:38:09.466+0000] {dag.py:3089} INFO - Sync 1 DAGs
[2026-09-09T03:38:09.660+0000] {logging_mixin.py:188} INFO - [2026-09-09T03:38:09.652+0000] {dag.py:3947} INFO - Setting next_dagrun for maritime_intelligence_pipeline to 2026-09-08 00:00:00+00:00, run_after=2026-09-09 00:00:00+00:00
[2026-09-09T03:38:09.837+0000] {processor.py:183} INFO - Processing /opt/airflow/dags/maritime_intelligence_pipeline.py took 0.800 seconds
[2026-09-09T03:38:40.295+0000] {processor.py:161} INFO - Started process (PID=6120) to work on /opt/airflow/dags/maritime_intelligence_pipeline.py
[2026-09-09T03:38:40.298+0000] {processor.py:830} INFO - Processing file /opt/airflow/dags/maritime_intelligence_pipeline.py for tasks to queue
[2026-09-09T03:38:40.302+0000] {logging_mixin.py:188} INFO - [2026-09-09T03:38:40.301+0000] {dagbag.py:545} INFO - Filling up the DagBag from /opt/airflow/dags/maritime_intelligence_pipeline.py
[2026-09-09T03:38:40.346+0000] {processor.py:840} INFO - DAG(s) 'maritime_intelligence_pipeline' retrieved from /opt/airflow/dags/maritime_intelligence_pipeline.py
[2026-09-09T03:38:40.402+0000] {logging_mixin.py:188} INFO - [2026-09-09T03:38:40.402+0000] {dag.py:3089} INFO - Sync 1 DAGs
[2026-09-09T03:38:40.441+0000] {logging_mixin.py:188} INFO - [2026-09-09T03:38:40.441+0000] {dag.py:3947} INFO - Setting next_dagrun for maritime_intelligence_pipeline to 2026-09-08 00:00:00+00:00, run_after=2026-09-09 00:00:00+00:00
[2026-09-09T03:38:40.470+0000] {processor.py:183} INFO - Processing /opt/airflow/dags/maritime_intelligence_pipeline.py took 0.188 seconds
[2026-09-09T03:39:10.598+0000] {processor.py:161} INFO - Started process (PID=6125) to work on /opt/airflow/dags/maritime_intelligence_pipeline.py
[2026-09-09T03:39:10.601+0000] {processor.py:830} INFO - Processing file /opt/airflow/dags/maritime_intelligence_pipeline.py for tasks to queue
[2026-09-09T03:39:10.605+0000] {logging_mixin.py:188} INFO - [2026-09-09T03:39:10.605+0000] {dagbag.py:545} INFO - Filling up the DagBag from /opt/airflow/dags/maritime_intelligence_pipeline.py
[2026-09-09T03:39:10.645+0000] {processor.py:840} INFO - DAG(s) 'maritime_intelligence_pipeline' retrieved from /opt/airflow/dags/maritime_intelligence_pipeline.py
[2026-09-09T03:39:10.691+0000] {logging_mixin.py:188} INFO - [2026-09-09T03:39:10.691+0000] {dag.py:3089} INFO - Sync 1 DAGs
[2026-09-09T03:39:10.725+0000] {logging_mixin.py:188} INFO - [2026-09-09T03:39:10.725+0000] {dag.py:3947} INFO - Setting next_dagrun for maritime_intelligence_pipeline to 2026-09-08 00:00:00+00:00, run_after=2026-09-09 00:00:00+00:00
[2026-09-09T03:39:10.758+0000] {processor.py:183} INFO - Processing /opt/airflow/dags/maritime_intelligence_pipeline.py took 0.171 seconds
[2026-09-09T03:39:41.135+0000] {processor.py:161} INFO - Started process (PID=6130) to work on /opt/airflow/dags/maritime_intelligence_pipeline.py
[2026-09-09T03:39:41.138+0000] {processor.py:830} INFO - Processing file /opt/airflow/dags/maritime_intelligence_pipeline.py for tasks to queue
[2026-09-09T03:39:41.144+0000] {logging_mixin.py:188} INFO - [2026-09-09T03:39:41.143+0000] {dagbag.py:545} INFO - Filling up the DagBag from /opt/airflow/dags/maritime_intelligence_pipeline.py
[2026-09-09T03:39:41.192+0000] {processor.py:840} INFO - DAG(s) 'maritime_intelligence_pipeline' retrieved from /opt/airflow/dags/maritime_intelligence_pipeline.py
[2026-09-09T03:39:41.245+0000] {logging_mixin.py:188} INFO - [2026-09-09T03:39:41.244+0000] {dag.py:3089} INFO - Sync 1 DAGs
[2026-09-09T03:39:41.285+0000] {logging_mixin.py:188} INFO - [2026-09-09T03:39:41.284+0000] {dag.py:3947} INFO - Setting next_dagrun for maritime_intelligence_pipeline to 2026-09-08 00:00:00+00:00, run_after=2026-09-09 00:00:00+00:00
[2026-09-09T03:39:41.322+0000] {processor.py:183} INFO - Processing /opt/airflow/dags/maritime_intelligence_pipeline.py took 0.202 seconds
[2026-09-09T03:40:11.622+0000] {processor.py:161} INFO - Started process (PID=6135) to work on /opt/airflow/dags/maritime_intelligence_pipeline.py
[2026-09-09T03:40:11.625+0000] {processor.py:830} INFO - Processing file /opt/airflow/dags/maritime_intelligence_pipeline.py for tasks to queue
[2026-09-09T03:40:11.630+0000] {logging_mixin.py:188} INFO - [2026-09-09T03:40:11.629+0000] {dagbag.py:545} INFO - Filling up the DagBag from /opt/airflow/dags/maritime_intelligence_pipeline.py
[2026-09-09T03:40:11.668+0000] {processor.py:840} INFO - DAG(s) 'maritime_intelligence_pipeline' retrieved from /opt/airflow/dags/maritime_intelligence_pipeline.py
[2026-09-09T03:40:11.721+0000] {logging_mixin.py:188} INFO - [2026-09-09T03:40:11.720+0000] {dag.py:3089} INFO - Sync 1 DAGs
[2026-09-09T03:40:11.763+0000] {logging_mixin.py:188} INFO - [2026-09-09T03:40:11.763+0000] {dag.py:3947} INFO - Setting next_dagrun for maritime_intelligence_pipeline to 2026-09-08 00:00:00+00:00, run_after=2026-09-09 00:00:00+00:00
[2026-09-09T03:40:11.800+0000] {processor.py:183} INFO - Processing /opt/airflow/dags/maritime_intelligence_pipeline.py took 0.193 seconds
[2026-09-09T03:40:42.123+0000] {processor.py:161} INFO - Started process (PID=6140) to work on /opt/airflow/dags/maritime_intelligence_pipeline.py
[2026-09-09T03:40:42.126+0000] {processor.py:830} INFO - Processing file /opt/airflow/dags/maritime_intelligence_pipeline.py for tasks to queue
[2026-09-09T03:40:42.130+0000] {logging_mixin.py:188} INFO - [2026-09-09T03:40:42.129+0000] {dagbag.py:545} INFO - Filling up the DagBag from /opt/airflow/dags/maritime_intelligence_pipeline.py
[2026-09-09T03:40:42.168+0000] {processor.py:840} INFO - DAG(s) 'maritime_intelligence_pipeline' retrieved from /opt/airflow/dags/maritime_intelligence_pipeline.py
[2026-09-09T03:40:42.223+0000] {logging_mixin.py:188} INFO - [2026-09-09T03:40:42.223+0000] {dag.py:3089} INFO - Sync 1 DAGs
[2026-09-09T03:40:42.267+0000] {logging_mixin.py:188} INFO - [2026-09-09T03:40:42.266+0000] {dag.py:3947} INFO - Setting next_dagrun for maritime_intelligence_pipeline to 2026-09-08 00:00:00+00:00, run_after=2026-09-09 00:00:00+00:00
[2026-09-09T03:40:42.301+0000] {processor.py:183} INFO - Processing /opt/airflow/dags/maritime_intelligence_pipeline.py took 0.191 seconds
[2026-09-09T03:41:12.393+0000] {processor.py:161} INFO - Started process (PID=6145) to work on /opt/airflow/dags/maritime_intelligence_pipeline.py
[2026-09-09T03:41:12.395+0000] {processor.py:830} INFO - Processing file /opt/airflow/dags/maritime_intelligence_pipeline.py for tasks to queue
[2026-09-09T03:41:12.401+0000] {logging_mixin.py:188} INFO - [2026-09-09T03:41:12.400+0000] {dagbag.py:545} INFO - Filling up the DagBag from /opt/airflow/dags/maritime_intelligence_pipeline.py
[2026-09-09T03:41:12.442+0000] {processor.py:840} INFO - DAG(s) 'maritime_intelligence_pipeline' retrieved from /opt/airflow/dags/maritime_intelligence_pipeline.py
[2026-09-09T03:41:12.784+0000] {logging_mixin.py:188} INFO - [2026-09-09T03:41:12.784+0000] {dag.py:3089} INFO - Sync 1 DAGs
[2026-09-09T03:41:12.837+0000] {logging_mixin.py:188} INFO - [2026-09-09T03:41:12.837+0000] {dag.py:3947} INFO - Setting next_dagrun for maritime_intelligence_pipeline to 2026-09-08 00:00:00+00:00, run_after=2026-09-09 00:00:00+00:00
[2026-09-09T03:41:12.881+0000] {processor.py:183} INFO - Processing /opt/airflow/dags/maritime_intelligence_pipeline.py took 0.499 seconds
[2026-09-09T03:41:43.160+0000] {processor.py:161} INFO - Started process (PID=6150) to work on /opt/airflow/dags/maritime_intelligence_pipeline.py
[2026-09-09T03:41:43.162+0000] {processor.py:830} INFO - Processing file /opt/airflow/dags/maritime_intelligence_pipeline.py for tasks to queue
[2026-09-09T03:41:43.166+0000] {logging_mixin.py:188} INFO - [2026-09-09T03:41:43.166+0000] {dagbag.py:545} INFO - Filling up the DagBag from /opt/airflow/dags/maritime_intelligence_pipeline.py
[2026-09-09T03:41:43.206+0000] {processor.py:840} INFO - DAG(s) 'maritime_intelligence_pipeline' retrieved from /opt/airflow/dags/maritime_intelligence_pipeline.py
[2026-09-09T03:41:43.251+0000] {logging_mixin.py:188} INFO - [2026-09-09T03:41:43.251+0000] {dag.py:3089} INFO - Sync 1 DAGs
[2026-09-09T03:41:43.285+0000] {logging_mixin.py:188} INFO - [2026-09-09T03:41:43.284+0000] {dag.py:3947} INFO - Setting next_dagrun for maritime_intelligence_pipeline to 2026-09-08 00:00:00+00:00, run_after=2026-09-09 00:00:00+00:00
[2026-09-09T03:41:43.313+0000] {processor.py:183} INFO - Processing /opt/airflow/dags/maritime_intelligence_pipeline.py took 0.163 seconds
[2026-09-09T03:42:13.554+0000] {processor.py:161} INFO - Started process (PID=6155) to work on /opt/airflow/dags/maritime_intelligence_pipeline.py
[2026-09-09T03:42:13.556+0000] {processor.py:830} INFO - Processing file /opt/airflow/dags/maritime_intelligence_pipeline.py for tasks to queue
[2026-09-09T03:42:13.561+0000] {logging_mixin.py:188} INFO - [2026-09-09T03:42:13.560+0000] {dagbag.py:545} INFO - Filling up the DagBag from /opt/airflow/dags/maritime_intelligence_pipeline.py
[2026-09-09T03:42:13.604+0000] {processor.py:840} INFO - DAG(s) 'maritime_intelligence_pipeline' retrieved from /opt/airflow/dags/maritime_intelligence_pipeline.py
[2026-09-09T03:42:13.656+0000] {logging_mixin.py:188} INFO - [2026-09-09T03:42:13.656+0000] {dag.py:3089} INFO - Sync 1 DAGs
[2026-09-09T03:42:13.693+0000] {logging_mixin.py:188} INFO - [2026-09-09T03:42:13.693+0000] {dag.py:3947} INFO - Setting next_dagrun for maritime_intelligence_pipeline to 2026-09-08 00:00:00+00:00, run_after=2026-09-09 00:00:00+00:00
[2026-09-09T03:42:13.729+0000] {processor.py:183} INFO - Processing /opt/airflow/dags/maritime_intelligence_pipeline.py took 0.188 seconds
[2026-09-09T03:42:44.758+0000] {processor.py:161} INFO - Started process (PID=6160) to work on /opt/airflow/dags/maritime_intelligence_pipeline.py
[2026-09-09T03:42:44.761+0000] {processor.py:830} INFO - Processing file /opt/airflow/dags/maritime_intelligence_pipeline.py for tasks to queue
[2026-09-09T03:42:44.781+0000] {logging_mixin.py:188} INFO - [2026-09-09T03:42:44.779+0000] {dagbag.py:545} INFO - Filling up the DagBag from /opt/airflow/dags/maritime_intelligence_pipeline.py
[2026-09-09T03:42:44.907+0000] {processor.py:840} INFO - DAG(s) 'maritime_intelligence_pipeline' retrieved from /opt/airflow/dags/maritime_intelligence_pipeline.py
[2026-09-09T03:42:46.687+0000] {logging_mixin.py:188} INFO - [2026-09-09T03:42:46.687+0000] {dag.py:3089} INFO - Sync 1 DAGs
[2026-09-09T03:42:47.746+0000] {logging_mixin.py:188} INFO - [2026-09-09T03:42:47.745+0000] {dag.py:3947} INFO - Setting next_dagrun for maritime_intelligence_pipeline to 2026-09-08 00:00:00+00:00, run_after=2026-09-09 00:00:00+00:00
[2026-09-09T03:42:47.945+0000] {processor.py:183} INFO - Processing /opt/airflow/dags/maritime_intelligence_pipeline.py took 3.632 seconds
[2026-09-09T03:43:18.440+0000] {processor.py:161} INFO - Started process (PID=6165) to work on /opt/airflow/dags/maritime_intelligence_pipeline.py
[2026-09-09T03:43:18.442+0000] {processor.py:830} INFO - Processing file /opt/airflow/dags/maritime_intelligence_pipeline.py for tasks to queue
[2026-09-09T03:43:18.448+0000] {logging_mixin.py:188} INFO - [2026-09-09T03:43:18.447+0000] {dagbag.py:545} INFO - Filling up the DagBag from /opt/airflow/dags/maritime_intelligence_pipeline.py
[2026-09-09T03:43:18.495+0000] {processor.py:840} INFO - DAG(s) 'maritime_intelligence_pipeline' retrieved from /opt/airflow/dags/maritime_intelligence_pipeline.py
[2026-09-09T03:43:18.543+0000] {logging_mixin.py:188} INFO - [2026-09-09T03:43:18.543+0000] {dag.py:3089} INFO - Sync 1 DAGs
[2026-09-09T03:43:18.582+0000] {logging_mixin.py:188} INFO - [2026-09-09T03:43:18.581+0000] {dag.py:3947} INFO - Setting next_dagrun for maritime_intelligence_pipeline to 2026-09-08 00:00:00+00:00, run_after=2026-09-09 00:00:00+00:00
[2026-09-09T03:43:18.615+0000] {processor.py:183} INFO - Processing /opt/airflow/dags/maritime_intelligence_pipeline.py took 0.191 seconds
[2026-09-09T03:43:48.706+0000] {processor.py:161} INFO - Started process (PID=6170) to work on /opt/airflow/dags/maritime_intelligence_pipeline.py
[2026-09-09T03:43:48.708+0000] {processor.py:830} INFO - Processing file /opt/airflow/dags/maritime_intelligence_pipeline.py for tasks to queue
[2026-09-09T03:43:48.712+0000] {logging_mixin.py:188} INFO - [2026-09-09T03:43:48.712+0000] {dagbag.py:545} INFO - Filling up the DagBag from /opt/airflow/dags/maritime_intelligence_pipeline.py
[2026-09-09T03:43:48.752+0000] {processor.py:840} INFO - DAG(s) 'maritime_intelligence_pipeline' retrieved from /opt/airflow/dags/maritime_intelligence_pipeline.py
[2026-09-09T03:43:48.801+0000] {logging_mixin.py:188} INFO - [2026-09-09T03:43:48.801+0000] {dag.py:3089} INFO - Sync 1 DAGs
[2026-09-09T03:43:48.838+0000] {logging_mixin.py:188} INFO - [2026-09-09T03:43:48.838+0000] {dag.py:3947} INFO - Setting next_dagrun for maritime_intelligence_pipeline to 2026-09-08 00:00:00+00:00, run_after=2026-09-09 00:00:00+00:00
[2026-09-09T03:43:48.872+0000] {processor.py:183} INFO - Processing /opt/airflow/dags/maritime_intelligence_pipeline.py took 0.177 seconds
[2026-09-09T03:44:19.176+0000] {processor.py:161} INFO - Started process (PID=6175) to work on /opt/airflow/dags/maritime_intelligence_pipeline.py
[2026-09-09T03:44:19.180+0000] {processor.py:830} INFO - Processing file /opt/airflow/dags/maritime_intelligence_pipeline.py for tasks to queue
[2026-09-09T03:44:19.185+0000] {logging_mixin.py:188} INFO - [2026-09-09T03:44:19.184+0000] {dagbag.py:545} INFO - Filling up the DagBag from /opt/airflow/dags/maritime_intelligence_pipeline.py
[2026-09-09T03:44:19.229+0000] {processor.py:840} INFO - DAG(s) 'maritime_intelligence_pipeline' retrieved from /opt/airflow/dags/maritime_intelligence_pipeline.py
[2026-09-09T03:44:19.283+0000] {logging_mixin.py:188} INFO - [2026-09-09T03:44:19.283+0000] {dag.py:3089} INFO - Sync 1 DAGs
[2026-09-09T03:44:19.321+0000] {logging_mixin.py:188} INFO - [2026-09-09T03:44:19.321+0000] {dag.py:3947} INFO - Setting next_dagrun for maritime_intelligence_pipeline to 2026-09-08 00:00:00+00:00, run_after=2026-09-09 00:00:00+00:00
[2026-09-09T03:44:19.353+0000] {processor.py:183} INFO - Processing /opt/airflow/dags/maritime_intelligence_pipeline.py took 0.195 seconds
[2026-09-09T03:44:49.652+0000] {processor.py:161} INFO - Started process (PID=6180) to work on /opt/airflow/dags/maritime_intelligence_pipeline.py
[2026-09-09T03:44:49.656+0000] {processor.py:830} INFO - Processing file /opt/airflow/dags/maritime_intelligence_pipeline.py for tasks to queue
[2026-09-09T03:44:49.663+0000] {logging_mixin.py:188} INFO - [2026-09-09T03:44:49.662+0000] {dagbag.py:545} INFO - Filling up the DagBag from /opt/airflow/dags/maritime_intelligence_pipeline.py
[2026-09-09T03:44:49.735+0000] {processor.py:840} INFO - DAG(s) 'maritime_intelligence_pipeline' retrieved from /opt/airflow/dags/maritime_intelligence_pipeline.py
[2026-09-09T03:44:49.836+0000] {logging_mixin.py:188} INFO - [2026-09-09T03:44:49.834+0000] {dag.py:3089} INFO - Sync 1 DAGs
[2026-09-09T03:44:49.884+0000] {logging_mixin.py:188} INFO - [2026-09-09T03:44:49.883+0000] {dag.py:3947} INFO - Setting next_dagrun for maritime_intelligence_pipeline to 2026-09-08 00:00:00+00:00, run_after=2026-09-09 00:00:00+00:00
[2026-09-09T03:44:49.922+0000] {processor.py:183} INFO - Processing /opt/airflow/dags/maritime_intelligence_pipeline.py took 0.295 seconds
[2026-09-09T03:45:20.180+0000] {processor.py:161} INFO - Started process (PID=6185) to work on /opt/airflow/dags/maritime_intelligence_pipeline.py
[2026-09-09T03:45:20.183+0000] {processor.py:830} INFO - Processing file /opt/airflow/dags/maritime_intelligence_pipeline.py for tasks to queue
[2026-09-09T03:45:20.190+0000] {logging_mixin.py:188} INFO - [2026-09-09T03:45:20.189+0000] {dagbag.py:545} INFO - Filling up the DagBag from /opt/airflow/dags/maritime_intelligence_pipeline.py
[2026-09-09T03:45:20.235+0000] {processor.py:840} INFO - DAG(s) 'maritime_intelligence_pipeline' retrieved from /opt/airflow/dags/maritime_intelligence_pipeline.py
[2026-09-09T03:45:20.368+0000] {logging_mixin.py:188} INFO - [2026-09-09T03:45:20.368+0000] {dag.py:3089} INFO - Sync 1 DAGs
[2026-09-09T03:45:20.408+0000] {logging_mixin.py:188} INFO - [2026-09-09T03:45:20.407+0000] {dag.py:3947} INFO - Setting next_dagrun for maritime_intelligence_pipeline to 2026-09-08 00:00:00+00:00, run_after=2026-09-09 00:00:00+00:00
[2026-09-09T03:45:20.443+0000] {processor.py:183} INFO - Processing /opt/airflow/dags/maritime_intelligence_pipeline.py took 0.277 seconds
[2026-09-09T03:45:50.710+0000] {processor.py:161} INFO - Started process (PID=6190) to work on /opt/airflow/dags/maritime_intelligence_pipeline.py
[2026-09-09T03:45:50.713+0000] {processor.py:830} INFO - Processing file /opt/airflow/dags/maritime_intelligence_pipeline.py for tasks to queue
[2026-09-09T03:45:50.719+0000] {logging_mixin.py:188} INFO - [2026-09-09T03:45:50.718+0000] {dagbag.py:545} INFO - Filling up the DagBag from /opt/airflow/dags/maritime_intelligence_pipeline.py
[2026-09-09T03:45:50.776+0000] {processor.py:840} INFO - DAG(s) 'maritime_intelligence_pipeline' retrieved from /opt/airflow/dags/maritime_intelligence_pipeline.py
[2026-09-09T03:45:50.824+0000] {logging_mixin.py:188} INFO - [2026-09-09T03:45:50.823+0000] {dag.py:3089} INFO - Sync 1 DAGs
[2026-09-09T03:45:50.861+0000] {logging_mixin.py:188} INFO - [2026-09-09T03:45:50.861+0000] {dag.py:3947} INFO - Setting next_dagrun for maritime_intelligence_pipeline to 2026-09-08 00:00:00+00:00, run_after=2026-09-09 00:00:00+00:00
[2026-09-09T03:45:50.894+0000] {processor.py:183} INFO - Processing /opt/airflow/dags/maritime_intelligence_pipeline.py took 0.198 seconds
[2026-09-09T03:46:21.217+0000] {processor.py:161} INFO - Started process (PID=6195) to work on /opt/airflow/dags/maritime_intelligence_pipeline.py
[2026-09-09T03:46:21.219+0000] {processor.py:830} INFO - Processing file /opt/airflow/dags/maritime_intelligence_pipeline.py for tasks to queue
[2026-09-09T03:46:21.223+0000] {logging_mixin.py:188} INFO - [2026-09-09T03:46:21.222+0000] {dagbag.py:545} INFO - Filling up the DagBag from /opt/airflow/dags/maritime_intelligence_pipeline.py
[2026-09-09T03:46:21.278+0000] {processor.py:840} INFO - DAG(s) 'maritime_intelligence_pipeline' retrieved from /opt/airflow/dags/maritime_intelligence_pipeline.py
[2026-09-09T03:46:21.339+0000] {logging_mixin.py:188} INFO - [2026-09-09T03:46:21.338+0000] {dag.py:3089} INFO - Sync 1 DAGs
[2026-09-09T03:46:21.379+0000] {logging_mixin.py:188} INFO - [2026-09-09T03:46:21.378+0000] {dag.py:3947} INFO - Setting next_dagrun for maritime_intelligence_pipeline to 2026-09-08 00:00:00+00:00, run_after=2026-09-09 00:00:00+00:00
[2026-09-09T03:46:21.409+0000] {processor.py:183} INFO - Processing /opt/airflow/dags/maritime_intelligence_pipeline.py took 0.204 seconds
[2026-09-09T03:46:51.674+0000] {processor.py:161} INFO - Started process (PID=6200) to work on /opt/airflow/dags/maritime_intelligence_pipeline.py
[2026-09-09T03:46:51.676+0000] {processor.py:830} INFO - Processing file /opt/airflow/dags/maritime_intelligence_pipeline.py for tasks to queue
[2026-09-09T03:46:51.680+0000] {logging_mixin.py:188} INFO - [2026-09-09T03:46:51.679+0000] {dagbag.py:545} INFO - Filling up the DagBag from /opt/airflow/dags/maritime_intelligence_pipeline.py
[2026-09-09T03:46:51.717+0000] {processor.py:840} INFO - DAG(s) 'maritime_intelligence_pipeline' retrieved from /opt/airflow/dags/maritime_intelligence_pipeline.py
[2026-09-09T03:46:51.762+0000] {logging_mixin.py:188} INFO - [2026-09-09T03:46:51.762+0000] {dag.py:3089} INFO - Sync 1 DAGs
[2026-09-09T03:46:51.797+0000] {logging_mixin.py:188} INFO - [2026-09-09T03:46:51.797+0000] {dag.py:3947} INFO - Setting next_dagrun for maritime_intelligence_pipeline to 2026-09-08 00:00:00+00:00, run_after=2026-09-09 00:00:00+00:00
[2026-09-09T03:46:51.849+0000] {processor.py:183} INFO - Processing /opt/airflow/dags/maritime_intelligence_pipeline.py took 0.186 seconds
[2026-09-09T03:47:22.212+0000] {processor.py:161} INFO - Started process (PID=6205) to work on /opt/airflow/dags/maritime_intelligence_pipeline.py
[2026-09-09T03:47:22.214+0000] {processor.py:830} INFO - Processing file /opt/airflow/dags/maritime_intelligence_pipeline.py for tasks to queue
[2026-09-09T03:47:22.219+0000] {logging_mixin.py:188} INFO - [2026-09-09T03:47:22.218+0000] {dagbag.py:545} INFO - Filling up the DagBag from /opt/airflow/dags/maritime_intelligence_pipeline.py
[2026-09-09T03:47:22.262+0000] {processor.py:840} INFO - DAG(s) 'maritime_intelligence_pipeline' retrieved from /opt/airflow/dags/maritime_intelligence_pipeline.py
[2026-09-09T03:47:22.314+0000] {logging_mixin.py:188} INFO - [2026-09-09T03:47:22.313+0000] {dag.py:3089} INFO - Sync 1 DAGs
[2026-09-09T03:47:22.351+0000] {logging_mixin.py:188} INFO - [2026-09-09T03:47:22.351+0000] {dag.py:3947} INFO - Setting next_dagrun for maritime_intelligence_pipeline to 2026-09-08 00:00:00+00:00, run_after=2026-09-09 00:00:00+00:00
[2026-09-09T03:47:22.384+0000] {processor.py:183} INFO - Processing /opt/airflow/dags/maritime_intelligence_pipeline.py took 0.184 seconds
[2026-09-09T03:47:52.622+0000] {processor.py:161} INFO - Started process (PID=6210) to work on /opt/airflow/dags/maritime_intelligence_pipeline.py
[2026-09-09T03:47:52.625+0000] {processor.py:830} INFO - Processing file /opt/airflow/dags/maritime_intelligence_pipeline.py for tasks to queue
[2026-09-09T03:47:52.629+0000] {logging_mixin.py:188} INFO - [2026-09-09T03:47:52.629+0000] {dagbag.py:545} INFO - Filling up the DagBag from /opt/airflow/dags/maritime_intelligence_pipeline.py
[2026-09-09T03:47:52.669+0000] {processor.py:840} INFO - DAG(s) 'maritime_intelligence_pipeline' retrieved from /opt/airflow/dags/maritime_intelligence_pipeline.py
[2026-09-09T03:47:52.730+0000] {logging_mixin.py:188} INFO - [2026-09-09T03:47:52.730+0000] {dag.py:3089} INFO - Sync 1 DAGs
[2026-09-09T03:47:52.775+0000] {logging_mixin.py:188} INFO - [2026-09-09T03:47:52.775+0000] {dag.py:3947} INFO - Setting next_dagrun for maritime_intelligence_pipeline to 2026-09-08 00:00:00+00:00, run_after=2026-09-09 00:00:00+00:00
[2026-09-09T03:47:52.817+0000] {processor.py:183} INFO - Processing /opt/airflow/dags/maritime_intelligence_pipeline.py took 0.208 seconds
[2026-09-09T03:48:23.069+0000] {processor.py:161} INFO - Started process (PID=6215) to work on /opt/airflow/dags/maritime_intelligence_pipeline.py
[2026-09-09T03:48:23.072+0000] {processor.py:830} INFO - Processing file /opt/airflow/dags/maritime_intelligence_pipeline.py for tasks to queue
[2026-09-09T03:48:23.076+0000] {logging_mixin.py:188} INFO - [2026-09-09T03:48:23.075+0000] {dagbag.py:545} INFO - Filling up the DagBag from /opt/airflow/dags/maritime_intelligence_pipeline.py
[2026-09-09T03:48:23.115+0000] {processor.py:840} INFO - DAG(s) 'maritime_intelligence_pipeline' retrieved from /opt/airflow/dags/maritime_intelligence_pipeline.py
[2026-09-09T03:48:23.168+0000] {logging_mixin.py:188} INFO - [2026-09-09T03:48:23.168+0000] {dag.py:3089} INFO - Sync 1 DAGs
[2026-09-09T03:48:23.204+0000] {logging_mixin.py:188} INFO - [2026-09-09T03:48:23.204+0000] {dag.py:3947} INFO - Setting next_dagrun for maritime_intelligence_pipeline to 2026-09-08 00:00:00+00:00, run_after=2026-09-09 00:00:00+00:00
[2026-09-09T03:48:23.237+0000] {processor.py:183} INFO - Processing /opt/airflow/dags/maritime_intelligence_pipeline.py took 0.177 seconds
[2026-09-09T03:48:53.488+0000] {processor.py:161} INFO - Started process (PID=6220) to work on /opt/airflow/dags/maritime_intelligence_pipeline.py
[2026-09-09T03:48:53.490+0000] {processor.py:830} INFO - Processing file /opt/airflow/dags/maritime_intelligence_pipeline.py for tasks to queue
[2026-09-09T03:48:53.494+0000] {logging_mixin.py:188} INFO - [2026-09-09T03:48:53.493+0000] {dagbag.py:545} INFO - Filling up the DagBag from /opt/airflow/dags/maritime_intelligence_pipeline.py
[2026-09-09T03:48:53.530+0000] {processor.py:840} INFO - DAG(s) 'maritime_intelligence_pipeline' retrieved from /opt/airflow/dags/maritime_intelligence_pipeline.py
[2026-09-09T03:48:53.577+0000] {logging_mixin.py:188} INFO - [2026-09-09T03:48:53.576+0000] {dag.py:3089} INFO - Sync 1 DAGs
[2026-09-09T03:48:53.615+0000] {logging_mixin.py:188} INFO - [2026-09-09T03:48:53.615+0000] {dag.py:3947} INFO - Setting next_dagrun for maritime_intelligence_pipeline to 2026-09-08 00:00:00+00:00, run_after=2026-09-09 00:00:00+00:00
[2026-09-09T03:48:53.645+0000] {processor.py:183} INFO - Processing /opt/airflow/dags/maritime_intelligence_pipeline.py took 0.167 seconds
[2026-09-09T03:49:23.766+0000] {processor.py:161} INFO - Started process (PID=6225) to work on /opt/airflow/dags/maritime_intelligence_pipeline.py
[2026-09-09T03:49:23.769+0000] {processor.py:830} INFO - Processing file /opt/airflow/dags/maritime_intelligence_pipeline.py for tasks to queue
[2026-09-09T03:49:23.772+0000] {logging_mixin.py:188} INFO - [2026-09-09T03:49:23.772+0000] {dagbag.py:545} INFO - Filling up the DagBag from /opt/airflow/dags/maritime_intelligence_pipeline.py
[2026-09-09T03:49:23.808+0000] {processor.py:840} INFO - DAG(s) 'maritime_intelligence_pipeline' retrieved from /opt/airflow/dags/maritime_intelligence_pipeline.py
[2026-09-09T03:49:23.858+0000] {logging_mixin.py:188} INFO - [2026-09-09T03:49:23.857+0000] {dag.py:3089} INFO - Sync 1 DAGs
[2026-09-09T03:49:23.898+0000] {logging_mixin.py:188} INFO - [2026-09-09T03:49:23.897+0000] {dag.py:3947} INFO - Setting next_dagrun for maritime_intelligence_pipeline to 2026-09-08 00:00:00+00:00, run_after=2026-09-09 00:00:00+00:00
[2026-09-09T03:49:23.935+0000] {processor.py:183} INFO - Processing /opt/airflow/dags/maritime_intelligence_pipeline.py took 0.178 seconds
[2026-09-09T03:49:54.157+0000] {processor.py:161} INFO - Started process (PID=6230) to work on /opt/airflow/dags/maritime_intelligence_pipeline.py
[2026-09-09T03:49:54.160+0000] {processor.py:830} INFO - Processing file /opt/airflow/dags/maritime_intelligence_pipeline.py for tasks to queue
[2026-09-09T03:49:54.166+0000] {logging_mixin.py:188} INFO - [2026-09-09T03:49:54.165+0000] {dagbag.py:545} INFO - Filling up the DagBag from /opt/airflow/dags/maritime_intelligence_pipeline.py
[2026-09-09T03:49:54.212+0000] {processor.py:840} INFO - DAG(s) 'maritime_intelligence_pipeline' retrieved from /opt/airflow/dags/maritime_intelligence_pipeline.py
[2026-09-09T03:49:54.272+0000] {logging_mixin.py:188} INFO - [2026-09-09T03:49:54.271+0000] {dag.py:3089} INFO - Sync 1 DAGs
[2026-09-09T03:49:54.315+0000] {logging_mixin.py:188} INFO - [2026-09-09T03:49:54.314+0000] {dag.py:3947} INFO - Setting next_dagrun for maritime_intelligence_pipeline to 2026-09-08 00:00:00+00:00, run_after=2026-09-09 00:00:00+00:00
[2026-09-09T03:49:54.344+0000] {processor.py:183} INFO - Processing /opt/airflow/dags/maritime_intelligence_pipeline.py took 0.206 seconds
[2026-09-09T03:50:24.456+0000] {processor.py:161} INFO - Started process (PID=6235) to work on /opt/airflow/dags/maritime_intelligence_pipeline.py
[2026-09-09T03:50:24.459+0000] {processor.py:830} INFO - Processing file /opt/airflow/dags/maritime_intelligence_pipeline.py for tasks to queue
[2026-09-09T03:50:24.464+0000] {logging_mixin.py:188} INFO - [2026-09-09T03:50:24.463+0000] {dagbag.py:545} INFO - Filling up the DagBag from /opt/airflow/dags/maritime_intelligence_pipeline.py
[2026-09-09T03:50:24.504+0000] {processor.py:840} INFO - DAG(s) 'maritime_intelligence_pipeline' retrieved from /opt/airflow/dags/maritime_intelligence_pipeline.py
[2026-09-09T03:50:24.568+0000] {logging_mixin.py:188} INFO - [2026-09-09T03:50:24.568+0000] {dag.py:3089} INFO - Sync 1 DAGs
[2026-09-09T03:50:24.608+0000] {logging_mixin.py:188} INFO - [2026-09-09T03:50:24.608+0000] {dag.py:3947} INFO - Setting next_dagrun for maritime_intelligence_pipeline to 2026-09-08 00:00:00+00:00, run_after=2026-09-09 00:00:00+00:00
[2026-09-09T03:50:24.637+0000] {processor.py:183} INFO - Processing /opt/airflow/dags/maritime_intelligence_pipeline.py took 0.199 seconds
[2026-09-09T03:50:54.874+0000] {processor.py:161} INFO - Started process (PID=6240) to work on /opt/airflow/dags/maritime_intelligence_pipeline.py
[2026-09-09T03:50:54.877+0000] {processor.py:830} INFO - Processing file /opt/airflow/dags/maritime_intelligence_pipeline.py for tasks to queue
[2026-09-09T03:50:54.882+0000] {logging_mixin.py:188} INFO - [2026-09-09T03:50:54.881+0000] {dagbag.py:545} INFO - Filling up the DagBag from /opt/airflow/dags/maritime_intelligence_pipeline.py
[2026-09-09T03:50:54.924+0000] {processor.py:840} INFO - DAG(s) 'maritime_intelligence_pipeline' retrieved from /opt/airflow/dags/maritime_intelligence_pipeline.py
[2026-09-09T03:50:54.977+0000] {logging_mixin.py:188} INFO - [2026-09-09T03:50:54.976+0000] {dag.py:3089} INFO - Sync 1 DAGs
[2026-09-09T03:50:55.025+0000] {logging_mixin.py:188} INFO - [2026-09-09T03:50:55.025+0000] {dag.py:3947} INFO - Setting next_dagrun for maritime_intelligence_pipeline to 2026-09-08 00:00:00+00:00, run_after=2026-09-09 00:00:00+00:00
[2026-09-09T03:50:55.062+0000] {processor.py:183} INFO - Processing /opt/airflow/dags/maritime_intelligence_pipeline.py took 0.201 seconds
[2026-09-09T03:51:25.151+0000] {processor.py:161} INFO - Started process (PID=6245) to work on /opt/airflow/dags/maritime_intelligence_pipeline.py
[2026-09-09T03:51:25.154+0000] {processor.py:830} INFO - Processing file /opt/airflow/dags/maritime_intelligence_pipeline.py for tasks to queue
[2026-09-09T03:51:25.157+0000] {logging_mixin.py:188} INFO - [2026-09-09T03:51:25.157+0000] {dagbag.py:545} INFO - Filling up the DagBag from /opt/airflow/dags/maritime_intelligence_pipeline.py
[2026-09-09T03:51:25.199+0000] {processor.py:840} INFO - DAG(s) 'maritime_intelligence_pipeline' retrieved from /opt/airflow/dags/maritime_intelligence_pipeline.py
[2026-09-09T03:51:25.247+0000] {logging_mixin.py:188} INFO - [2026-09-09T03:51:25.247+0000] {dag.py:3089} INFO - Sync 1 DAGs
[2026-09-09T03:51:25.284+0000] {logging_mixin.py:188} INFO - [2026-09-09T03:51:25.284+0000] {dag.py:3947} INFO - Setting next_dagrun for maritime_intelligence_pipeline to 2026-09-08 00:00:00+00:00, run_after=2026-09-09 00:00:00+00:00
[2026-09-09T03:51:25.318+0000] {processor.py:183} INFO - Processing /opt/airflow/dags/maritime_intelligence_pipeline.py took 0.176 seconds
[2026-09-09T03:51:55.617+0000] {processor.py:161} INFO - Started process (PID=6250) to work on /opt/airflow/dags/maritime_intelligence_pipeline.py
[2026-09-09T03:51:55.620+0000] {processor.py:830} INFO - Processing file /opt/airflow/dags/maritime_intelligence_pipeline.py for tasks to queue
[2026-09-09T03:51:55.625+0000] {logging_mixin.py:188} INFO - [2026-09-09T03:51:55.624+0000] {dagbag.py:545} INFO - Filling up the DagBag from /opt/airflow/dags/maritime_intelligence_pipeline.py
[2026-09-09T03:51:55.677+0000] {processor.py:840} INFO - DAG(s) 'maritime_intelligence_pipeline' retrieved from /opt/airflow/dags/maritime_intelligence_pipeline.py
[2026-09-09T03:51:55.735+0000] {logging_mixin.py:188} INFO - [2026-09-09T03:51:55.734+0000] {dag.py:3089} INFO - Sync 1 DAGs
[2026-09-09T03:51:55.775+0000] {logging_mixin.py:188} INFO - [2026-09-09T03:51:55.775+0000] {dag.py:3947} INFO - Setting next_dagrun for maritime_intelligence_pipeline to 2026-09-08 00:00:00+00:00, run_after=2026-09-09 00:00:00+00:00
[2026-09-09T03:51:55.808+0000] {processor.py:183} INFO - Processing /opt/airflow/dags/maritime_intelligence_pipeline.py took 0.207 seconds
[2026-09-09T03:52:26.045+0000] {processor.py:161} INFO - Started process (PID=6255) to work on /opt/airflow/dags/maritime_intelligence_pipeline.py
[2026-09-09T03:52:26.048+0000] {processor.py:830} INFO - Processing file /opt/airflow/dags/maritime_intelligence_pipeline.py for tasks to queue
[2026-09-09T03:52:26.051+0000] {logging_mixin.py:188} INFO - [2026-09-09T03:52:26.051+0000] {dagbag.py:545} INFO - Filling up the DagBag from /opt/airflow/dags/maritime_intelligence_pipeline.py
[2026-09-09T03:52:26.088+0000] {processor.py:840} INFO - DAG(s) 'maritime_intelligence_pipeline' retrieved from /opt/airflow/dags/maritime_intelligence_pipeline.py
[2026-09-09T03:52:26.134+0000] {logging_mixin.py:188} INFO - [2026-09-09T03:52:26.133+0000] {dag.py:3089} INFO - Sync 1 DAGs
[2026-09-09T03:52:26.168+0000] {logging_mixin.py:188} INFO - [2026-09-09T03:52:26.167+0000] {dag.py:3947} INFO - Setting next_dagrun for maritime_intelligence_pipeline to 2026-09-08 00:00:00+00:00, run_after=2026-09-09 00:00:00+00:00
[2026-09-09T03:52:26.203+0000] {processor.py:183} INFO - Processing /opt/airflow/dags/maritime_intelligence_pipeline.py took 0.168 seconds
[2026-09-09T03:52:56.485+0000] {processor.py:161} INFO - Started process (PID=6260) to work on /opt/airflow/dags/maritime_intelligence_pipeline.py
[2026-09-09T03:52:56.488+0000] {processor.py:830} INFO - Processing file /opt/airflow/dags/maritime_intelligence_pipeline.py for tasks to queue
[2026-09-09T03:52:56.493+0000] {logging_mixin.py:188} INFO - [2026-09-09T03:52:56.492+0000] {dagbag.py:545} INFO - Filling up the DagBag from /opt/airflow/dags/maritime_intelligence_pipeline.py
[2026-09-09T03:52:56.536+0000] {processor.py:840} INFO - DAG(s) 'maritime_intelligence_pipeline' retrieved from /opt/airflow/dags/maritime_intelligence_pipeline.py
[2026-09-09T03:52:56.588+0000] {logging_mixin.py:188} INFO - [2026-09-09T03:52:56.588+0000] {dag.py:3089} INFO - Sync 1 DAGs
[2026-09-09T03:52:56.626+0000] {logging_mixin.py:188} INFO - [2026-09-09T03:52:56.626+0000] {dag.py:3947} INFO - Setting next_dagrun for maritime_intelligence_pipeline to 2026-09-08 00:00:00+00:00, run_after=2026-09-09 00:00:00+00:00
[2026-09-09T03:52:56.660+0000] {processor.py:183} INFO - Processing /opt/airflow/dags/maritime_intelligence_pipeline.py took 0.189 seconds
[2026-09-09T03:53:26.959+0000] {processor.py:161} INFO - Started process (PID=6265) to work on /opt/airflow/dags/maritime_intelligence_pipeline.py
[2026-09-09T03:53:26.961+0000] {processor.py:830} INFO - Processing file /opt/airflow/dags/maritime_intelligence_pipeline.py for tasks to queue
[2026-09-09T03:53:26.965+0000] {logging_mixin.py:188} INFO - [2026-09-09T03:53:26.964+0000] {dagbag.py:545} INFO - Filling up the DagBag from /opt/airflow/dags/maritime_intelligence_pipeline.py
[2026-09-09T03:53:27.003+0000] {processor.py:840} INFO - DAG(s) 'maritime_intelligence_pipeline' retrieved from /opt/airflow/dags/maritime_intelligence_pipeline.py
[2026-09-09T03:53:27.051+0000] {logging_mixin.py:188} INFO - [2026-09-09T03:53:27.051+0000] {dag.py:3089} INFO - Sync 1 DAGs
[2026-09-09T03:53:27.084+0000] {logging_mixin.py:188} INFO - [2026-09-09T03:53:27.084+0000] {dag.py:3947} INFO - Setting next_dagrun for maritime_intelligence_pipeline to 2026-09-08 00:00:00+00:00, run_after=2026-09-09 00:00:00+00:00
[2026-09-09T03:53:27.117+0000] {processor.py:183} INFO - Processing /opt/airflow/dags/maritime_intelligence_pipeline.py took 0.168 seconds
[2026-09-09T03:53:57.204+0000] {processor.py:161} INFO - Started process (PID=6270) to work on /opt/airflow/dags/maritime_intelligence_pipeline.py
[2026-09-09T03:53:57.207+0000] {processor.py:830} INFO - Processing file /opt/airflow/dags/maritime_intelligence_pipeline.py for tasks to queue
[2026-09-09T03:53:57.212+0000] {logging_mixin.py:188} INFO - [2026-09-09T03:53:57.211+0000] {dagbag.py:545} INFO - Filling up the DagBag from /opt/airflow/dags/maritime_intelligence_pipeline.py
[2026-09-09T03:53:57.261+0000] {processor.py:840} INFO - DAG(s) 'maritime_intelligence_pipeline' retrieved from /opt/airflow/dags/maritime_intelligence_pipeline.py
[2026-09-09T03:53:57.314+0000] {logging_mixin.py:188} INFO - [2026-09-09T03:53:57.314+0000] {dag.py:3089} INFO - Sync 1 DAGs
[2026-09-09T03:53:57.356+0000] {logging_mixin.py:188} INFO - [2026-09-09T03:53:57.355+0000] {dag.py:3947} INFO - Setting next_dagrun for maritime_intelligence_pipeline to 2026-09-08 00:00:00+00:00, run_after=2026-09-09 00:00:00+00:00
[2026-09-09T03:53:57.390+0000] {processor.py:183} INFO - Processing /opt/airflow/dags/maritime_intelligence_pipeline.py took 0.198 seconds
[2026-09-09T03:54:27.612+0000] {processor.py:161} INFO - Started process (PID=6275) to work on /opt/airflow/dags/maritime_intelligence_pipeline.py
[2026-09-09T03:54:27.614+0000] {processor.py:830} INFO - Processing file /opt/airflow/dags/maritime_intelligence_pipeline.py for tasks to queue
[2026-09-09T03:54:27.618+0000] {logging_mixin.py:188} INFO - [2026-09-09T03:54:27.617+0000] {dagbag.py:545} INFO - Filling up the DagBag from /opt/airflow/dags/maritime_intelligence_pipeline.py
[2026-09-09T03:54:27.655+0000] {processor.py:840} INFO - DAG(s) 'maritime_intelligence_pipeline' retrieved from /opt/airflow/dags/maritime_intelligence_pipeline.py
[2026-09-09T03:54:27.704+0000] {logging_mixin.py:188} INFO - [2026-09-09T03:54:27.704+0000] {dag.py:3089} INFO - Sync 1 DAGs
[2026-09-09T03:54:27.741+0000] {logging_mixin.py:188} INFO - [2026-09-09T03:54:27.740+0000] {dag.py:3947} INFO - Setting next_dagrun for maritime_intelligence_pipeline to 2026-09-08 00:00:00+00:00, run_after=2026-09-09 00:00:00+00:00
[2026-09-09T03:54:27.774+0000] {processor.py:183} INFO - Processing /opt/airflow/dags/maritime_intelligence_pipeline.py took 0.172 seconds
[2026-09-09T03:54:57.857+0000] {processor.py:161} INFO - Started process (PID=6280) to work on /opt/airflow/dags/maritime_intelligence_pipeline.py
[2026-09-09T03:54:57.860+0000] {processor.py:830} INFO - Processing file /opt/airflow/dags/maritime_intelligence_pipeline.py for tasks to queue
[2026-09-09T03:54:57.864+0000] {logging_mixin.py:188} INFO - [2026-09-09T03:54:57.863+0000] {dagbag.py:545} INFO - Filling up the DagBag from /opt/airflow/dags/maritime_intelligence_pipeline.py
[2026-09-09T03:54:57.902+0000] {processor.py:840} INFO - DAG(s) 'maritime_intelligence_pipeline' retrieved from /opt/airflow/dags/maritime_intelligence_pipeline.py
[2026-09-09T03:54:57.952+0000] {logging_mixin.py:188} INFO - [2026-09-09T03:54:57.951+0000] {dag.py:3089} INFO - Sync 1 DAGs
[2026-09-09T03:54:57.995+0000] {logging_mixin.py:188} INFO - [2026-09-09T03:54:57.995+0000] {dag.py:3947} INFO - Setting next_dagrun for maritime_intelligence_pipeline to 2026-09-08 00:00:00+00:00, run_after=2026-09-09 00:00:00+00:00
[2026-09-09T03:54:58.025+0000] {processor.py:183} INFO - Processing /opt/airflow/dags/maritime_intelligence_pipeline.py took 0.178 seconds
[2026-09-09T03:55:28.294+0000] {processor.py:161} INFO - Started process (PID=6285) to work on /opt/airflow/dags/maritime_intelligence_pipeline.py
[2026-09-09T03:55:28.298+0000] {processor.py:830} INFO - Processing file /opt/airflow/dags/maritime_intelligence_pipeline.py for tasks to queue
[2026-09-09T03:55:28.305+0000] {logging_mixin.py:188} INFO - [2026-09-09T03:55:28.304+0000] {dagbag.py:545} INFO - Filling up the DagBag from /opt/airflow/dags/maritime_intelligence_pipeline.py
[2026-09-09T03:55:28.351+0000] {processor.py:840} INFO - DAG(s) 'maritime_intelligence_pipeline' retrieved from /opt/airflow/dags/maritime_intelligence_pipeline.py
[2026-09-09T03:55:28.412+0000] {logging_mixin.py:188} INFO - [2026-09-09T03:55:28.412+0000] {dag.py:3089} INFO - Sync 1 DAGs
[2026-09-09T03:55:28.465+0000] {logging_mixin.py:188} INFO - [2026-09-09T03:55:28.465+0000] {dag.py:3947} INFO - Setting next_dagrun for maritime_intelligence_pipeline to 2026-09-08 00:00:00+00:00, run_after=2026-09-09 00:00:00+00:00
[2026-09-09T03:55:28.505+0000] {processor.py:183} INFO - Processing /opt/airflow/dags/maritime_intelligence_pipeline.py took 0.226 seconds
[2026-09-09T03:55:58.741+0000] {processor.py:161} INFO - Started process (PID=6290) to work on /opt/airflow/dags/maritime_intelligence_pipeline.py
[2026-09-09T03:55:58.744+0000] {processor.py:830} INFO - Processing file /opt/airflow/dags/maritime_intelligence_pipeline.py for tasks to queue
[2026-09-09T03:55:58.749+0000] {logging_mixin.py:188} INFO - [2026-09-09T03:55:58.749+0000] {dagbag.py:545} INFO - Filling up the DagBag from /opt/airflow/dags/maritime_intelligence_pipeline.py
[2026-09-09T03:55:58.786+0000] {processor.py:840} INFO - DAG(s) 'maritime_intelligence_pipeline' retrieved from /opt/airflow/dags/maritime_intelligence_pipeline.py
[2026-09-09T03:55:58.830+0000] {logging_mixin.py:188} INFO - [2026-09-09T03:55:58.830+0000] {dag.py:3089} INFO - Sync 1 DAGs
[2026-09-09T03:55:58.866+0000] {logging_mixin.py:188} INFO - [2026-09-09T03:55:58.866+0000] {dag.py:3947} INFO - Setting next_dagrun for maritime_intelligence_pipeline to 2026-09-08 00:00:00+00:00, run_after=2026-09-09 00:00:00+00:00
[2026-09-09T03:55:58.897+0000] {processor.py:183} INFO - Processing /opt/airflow/dags/maritime_intelligence_pipeline.py took 0.166 seconds
[2026-09-09T03:56:29.151+0000] {processor.py:161} INFO - Started process (PID=6295) to work on /opt/airflow/dags/maritime_intelligence_pipeline.py
[2026-09-09T03:56:29.153+0000] {processor.py:830} INFO - Processing file /opt/airflow/dags/maritime_intelligence_pipeline.py for tasks to queue
[2026-09-09T03:56:29.159+0000] {logging_mixin.py:188} INFO - [2026-09-09T03:56:29.158+0000] {dagbag.py:545} INFO - Filling up the DagBag from /opt/airflow/dags/maritime_intelligence_pipeline.py
[2026-09-09T03:56:29.196+0000] {processor.py:840} INFO - DAG(s) 'maritime_intelligence_pipeline' retrieved from /opt/airflow/dags/maritime_intelligence_pipeline.py
[2026-09-09T03:56:29.245+0000] {logging_mixin.py:188} INFO - [2026-09-09T03:56:29.245+0000] {dag.py:3089} INFO - Sync 1 DAGs
[2026-09-09T03:56:29.282+0000] {logging_mixin.py:188} INFO - [2026-09-09T03:56:29.282+0000] {dag.py:3947} INFO - Setting next_dagrun for maritime_intelligence_pipeline to 2026-09-08 00:00:00+00:00, run_after=2026-09-09 00:00:00+00:00
[2026-09-09T03:56:29.315+0000] {processor.py:183} INFO - Processing /opt/airflow/dags/maritime_intelligence_pipeline.py took 0.173 seconds
[2026-09-09T03:56:59.572+0000] {processor.py:161} INFO - Started process (PID=6300) to work on /opt/airflow/dags/maritime_intelligence_pipeline.py
[2026-09-09T03:56:59.574+0000] {processor.py:830} INFO - Processing file /opt/airflow/dags/maritime_intelligence_pipeline.py for tasks to queue
[2026-09-09T03:56:59.578+0000] {logging_mixin.py:188} INFO - [2026-09-09T03:56:59.578+0000] {dagbag.py:545} INFO - Filling up the DagBag from /opt/airflow/dags/maritime_intelligence_pipeline.py
[2026-09-09T03:56:59.620+0000] {processor.py:840} INFO - DAG(s) 'maritime_intelligence_pipeline' retrieved from /opt/airflow/dags/maritime_intelligence_pipeline.py
[2026-09-09T03:56:59.675+0000] {logging_mixin.py:188} INFO - [2026-09-09T03:56:59.675+0000] {dag.py:3089} INFO - Sync 1 DAGs
[2026-09-09T03:56:59.713+0000] {logging_mixin.py:188} INFO - [2026-09-09T03:56:59.712+0000] {dag.py:3947} INFO - Setting next_dagrun for maritime_intelligence_pipeline to 2026-09-08 00:00:00+00:00, run_after=2026-09-09 00:00:00+00:00
[2026-09-09T03:56:59.745+0000] {processor.py:183} INFO - Processing /opt/airflow/dags/maritime_intelligence_pipeline.py took 0.183 seconds
[2026-09-09T03:57:30.003+0000] {processor.py:161} INFO - Started process (PID=6305) to work on /opt/airflow/dags/maritime_intelligence_pipeline.py
[2026-09-09T03:57:30.006+0000] {processor.py:830} INFO - Processing file /opt/airflow/dags/maritime_intelligence_pipeline.py for tasks to queue
[2026-09-09T03:57:30.012+0000] {logging_mixin.py:188} INFO - [2026-09-09T03:57:30.011+0000] {dagbag.py:545} INFO - Filling up the DagBag from /opt/airflow/dags/maritime_intelligence_pipeline.py
[2026-09-09T03:57:30.108+0000] {processor.py:840} INFO - DAG(s) 'maritime_intelligence_pipeline' retrieved from /opt/airflow/dags/maritime_intelligence_pipeline.py
[2026-09-09T03:57:30.246+0000] {logging_mixin.py:188} INFO - [2026-09-09T03:57:30.246+0000] {dag.py:3089} INFO - Sync 1 DAGs
[2026-09-09T03:57:30.344+0000] {logging_mixin.py:188} INFO - [2026-09-09T03:57:30.343+0000] {dag.py:3947} INFO - Setting next_dagrun for maritime_intelligence_pipeline to 2026-09-08 00:00:00+00:00, run_after=2026-09-09 00:00:00+00:00
[2026-09-09T03:57:30.441+0000] {processor.py:183} INFO - Processing /opt/airflow/dags/maritime_intelligence_pipeline.py took 0.459 seconds
[2026-09-09T03:58:00.787+0000] {processor.py:161} INFO - Started process (PID=6310) to work on /opt/airflow/dags/maritime_intelligence_pipeline.py
[2026-09-09T03:58:00.790+0000] {processor.py:830} INFO - Processing file /opt/airflow/dags/maritime_intelligence_pipeline.py for tasks to queue
[2026-09-09T03:58:00.795+0000] {logging_mixin.py:188} INFO - [2026-09-09T03:58:00.795+0000] {dagbag.py:545} INFO - Filling up the DagBag from /opt/airflow/dags/maritime_intelligence_pipeline.py
[2026-09-09T03:58:00.830+0000] {processor.py:840} INFO - DAG(s) 'maritime_intelligence_pipeline' retrieved from /opt/airflow/dags/maritime_intelligence_pipeline.py
[2026-09-09T03:58:00.874+0000] {logging_mixin.py:188} INFO - [2026-09-09T03:58:00.874+0000] {dag.py:3089} INFO - Sync 1 DAGs
[2026-09-09T03:58:00.912+0000] {logging_mixin.py:188} INFO - [2026-09-09T03:58:00.912+0000] {dag.py:3947} INFO - Setting next_dagrun for maritime_intelligence_pipeline to 2026-09-08 00:00:00+00:00, run_after=2026-09-09 00:00:00+00:00
[2026-09-09T03:58:00.955+0000] {processor.py:183} INFO - Processing /opt/airflow/dags/maritime_intelligence_pipeline.py took 0.183 seconds
[2026-09-09T03:58:31.245+0000] {processor.py:161} INFO - Started process (PID=6315) to work on /opt/airflow/dags/maritime_intelligence_pipeline.py
[2026-09-09T03:58:31.247+0000] {processor.py:830} INFO - Processing file /opt/airflow/dags/maritime_intelligence_pipeline.py for tasks to queue
[2026-09-09T03:58:31.254+0000] {logging_mixin.py:188} INFO - [2026-09-09T03:58:31.253+0000] {dagbag.py:545} INFO - Filling up the DagBag from /opt/airflow/dags/maritime_intelligence_pipeline.py
[2026-09-09T03:58:31.294+0000] {processor.py:840} INFO - DAG(s) 'maritime_intelligence_pipeline' retrieved from /opt/airflow/dags/maritime_intelligence_pipeline.py
[2026-09-09T03:58:31.362+0000] {logging_mixin.py:188} INFO - [2026-09-09T03:58:31.361+0000] {dag.py:3089} INFO - Sync 1 DAGs
[2026-09-09T03:58:31.398+0000] {logging_mixin.py:188} INFO - [2026-09-09T03:58:31.398+0000] {dag.py:3947} INFO - Setting next_dagrun for maritime_intelligence_pipeline to 2026-09-08 00:00:00+00:00, run_after=2026-09-09 00:00:00+00:00
[2026-09-09T03:58:31.429+0000] {processor.py:183} INFO - Processing /opt/airflow/dags/maritime_intelligence_pipeline.py took 0.196 seconds
[2026-09-09T03:59:01.684+0000] {processor.py:161} INFO - Started process (PID=6320) to work on /opt/airflow/dags/maritime_intelligence_pipeline.py
[2026-09-09T03:59:01.687+0000] {processor.py:830} INFO - Processing file /opt/airflow/dags/maritime_intelligence_pipeline.py for tasks to queue
[2026-09-09T03:59:01.690+0000] {logging_mixin.py:188} INFO - [2026-09-09T03:59:01.689+0000] {dagbag.py:545} INFO - Filling up the DagBag from /opt/airflow/dags/maritime_intelligence_pipeline.py
[2026-09-09T03:59:01.731+0000] {processor.py:840} INFO - DAG(s) 'maritime_intelligence_pipeline' retrieved from /opt/airflow/dags/maritime_intelligence_pipeline.py
[2026-09-09T03:59:01.778+0000] {logging_mixin.py:188} INFO - [2026-09-09T03:59:01.778+0000] {dag.py:3089} INFO - Sync 1 DAGs
[2026-09-09T03:59:01.814+0000] {logging_mixin.py:188} INFO - [2026-09-09T03:59:01.813+0000] {dag.py:3947} INFO - Setting next_dagrun for maritime_intelligence_pipeline to 2026-09-08 00:00:00+00:00, run_after=2026-09-09 00:00:00+00:00
[2026-09-09T03:59:01.844+0000] {processor.py:183} INFO - Processing /opt/airflow/dags/maritime_intelligence_pipeline.py took 0.171 seconds
[2026-09-09T03:59:31.964+0000] {processor.py:161} INFO - Started process (PID=6325) to work on /opt/airflow/dags/maritime_intelligence_pipeline.py
[2026-09-09T03:59:31.967+0000] {processor.py:830} INFO - Processing file /opt/airflow/dags/maritime_intelligence_pipeline.py for tasks to queue
[2026-09-09T03:59:31.971+0000] {logging_mixin.py:188} INFO - [2026-09-09T03:59:31.970+0000] {dagbag.py:545} INFO - Filling up the DagBag from /opt/airflow/dags/maritime_intelligence_pipeline.py
[2026-09-09T03:59:32.022+0000] {processor.py:840} INFO - DAG(s) 'maritime_intelligence_pipeline' retrieved from /opt/airflow/dags/maritime_intelligence_pipeline.py
[2026-09-09T03:59:32.090+0000] {logging_mixin.py:188} INFO - [2026-09-09T03:59:32.090+0000] {dag.py:3089} INFO - Sync 1 DAGs
[2026-09-09T03:59:32.143+0000] {logging_mixin.py:188} INFO - [2026-09-09T03:59:32.143+0000] {dag.py:3947} INFO - Setting next_dagrun for maritime_intelligence_pipeline to 2026-09-08 00:00:00+00:00, run_after=2026-09-09 00:00:00+00:00
[2026-09-09T03:59:32.188+0000] {processor.py:183} INFO - Processing /opt/airflow/dags/maritime_intelligence_pipeline.py took 0.237 seconds
[2026-09-09T04:00:02.287+0000] {processor.py:161} INFO - Started process (PID=6330) to work on /opt/airflow/dags/maritime_intelligence_pipeline.py
[2026-09-09T04:00:02.290+0000] {processor.py:830} INFO - Processing file /opt/airflow/dags/maritime_intelligence_pipeline.py for tasks to queue
[2026-09-09T04:00:02.294+0000] {logging_mixin.py:188} INFO - [2026-09-09T04:00:02.294+0000] {dagbag.py:545} INFO - Filling up the DagBag from /opt/airflow/dags/maritime_intelligence_pipeline.py
[2026-09-09T04:00:02.364+0000] {processor.py:840} INFO - DAG(s) 'maritime_intelligence_pipeline' retrieved from /opt/airflow/dags/maritime_intelligence_pipeline.py
[2026-09-09T04:00:02.455+0000] {logging_mixin.py:188} INFO - [2026-09-09T04:00:02.454+0000] {dag.py:3089} INFO - Sync 1 DAGs
[2026-09-09T04:00:02.521+0000] {logging_mixin.py:188} INFO - [2026-09-09T04:00:02.521+0000] {dag.py:3947} INFO - Setting next_dagrun for maritime_intelligence_pipeline to 2026-09-08 00:00:00+00:00, run_after=2026-09-09 00:00:00+00:00
[2026-09-09T04:00:02.573+0000] {processor.py:183} INFO - Processing /opt/airflow/dags/maritime_intelligence_pipeline.py took 0.296 seconds
[2026-09-09T04:00:32.817+0000] {processor.py:161} INFO - Started process (PID=6335) to work on /opt/airflow/dags/maritime_intelligence_pipeline.py
[2026-09-09T04:00:32.819+0000] {processor.py:830} INFO - Processing file /opt/airflow/dags/maritime_intelligence_pipeline.py for tasks to queue
[2026-09-09T04:00:32.824+0000] {logging_mixin.py:188} INFO - [2026-09-09T04:00:32.823+0000] {dagbag.py:545} INFO - Filling up the DagBag from /opt/airflow/dags/maritime_intelligence_pipeline.py
[2026-09-09T04:00:32.881+0000] {processor.py:840} INFO - DAG(s) 'maritime_intelligence_pipeline' retrieved from /opt/airflow/dags/maritime_intelligence_pipeline.py
[2026-09-09T04:00:32.956+0000] {logging_mixin.py:188} INFO - [2026-09-09T04:00:32.955+0000] {dag.py:3089} INFO - Sync 1 DAGs
[2026-09-09T04:00:33.040+0000] {logging_mixin.py:188} INFO - [2026-09-09T04:00:33.039+0000] {dag.py:3947} INFO - Setting next_dagrun for maritime_intelligence_pipeline to 2026-09-08 00:00:00+00:00, run_after=2026-09-09 00:00:00+00:00
[2026-09-09T04:00:33.091+0000] {processor.py:183} INFO - Processing /opt/airflow/dags/maritime_intelligence_pipeline.py took 0.293 seconds
[2026-09-09T04:01:03.450+0000] {processor.py:161} INFO - Started process (PID=6340) to work on /opt/airflow/dags/maritime_intelligence_pipeline.py
[2026-09-09T04:01:03.454+0000] {processor.py:830} INFO - Processing file /opt/airflow/dags/maritime_intelligence_pipeline.py for tasks to queue
[2026-09-09T04:01:03.460+0000] {logging_mixin.py:188} INFO - [2026-09-09T04:01:03.459+0000] {dagbag.py:545} INFO - Filling up the DagBag from /opt/airflow/dags/maritime_intelligence_pipeline.py
[2026-09-09T04:01:03.508+0000] {processor.py:840} INFO - DAG(s) 'maritime_intelligence_pipeline' retrieved from /opt/airflow/dags/maritime_intelligence_pipeline.py
[2026-09-09T04:01:03.573+0000] {logging_mixin.py:188} INFO - [2026-09-09T04:01:03.572+0000] {dag.py:3089} INFO - Sync 1 DAGs
[2026-09-09T04:01:03.624+0000] {logging_mixin.py:188} INFO - [2026-09-09T04:01:03.624+0000] {dag.py:3947} INFO - Setting next_dagrun for maritime_intelligence_pipeline to 2026-09-08 00:00:00+00:00, run_after=2026-09-09 00:00:00+00:00
[2026-09-09T04:01:03.673+0000] {processor.py:183} INFO - Processing /opt/airflow/dags/maritime_intelligence_pipeline.py took 0.241 seconds
[2026-09-09T04:01:34.056+0000] {processor.py:161} INFO - Started process (PID=6345) to work on /opt/airflow/dags/maritime_intelligence_pipeline.py
[2026-09-09T04:01:34.059+0000] {processor.py:830} INFO - Processing file /opt/airflow/dags/maritime_intelligence_pipeline.py for tasks to queue
[2026-09-09T04:01:34.064+0000] {logging_mixin.py:188} INFO - [2026-09-09T04:01:34.063+0000] {dagbag.py:545} INFO - Filling up the DagBag from /opt/airflow/dags/maritime_intelligence_pipeline.py
[2026-09-09T04:01:34.100+0000] {processor.py:840} INFO - DAG(s) 'maritime_intelligence_pipeline' retrieved from /opt/airflow/dags/maritime_intelligence_pipeline.py
[2026-09-09T04:01:34.155+0000] {logging_mixin.py:188} INFO - [2026-09-09T04:01:34.155+0000] {dag.py:3089} INFO - Sync 1 DAGs
[2026-09-09T04:01:34.196+0000] {logging_mixin.py:188} INFO - [2026-09-09T04:01:34.196+0000] {dag.py:3947} INFO - Setting next_dagrun for maritime_intelligence_pipeline to 2026-09-08 00:00:00+00:00, run_after=2026-09-09 00:00:00+00:00
[2026-09-09T04:01:34.227+0000] {processor.py:183} INFO - Processing /opt/airflow/dags/maritime_intelligence_pipeline.py took 0.186 seconds
[2026-09-09T04:02:04.489+0000] {processor.py:161} INFO - Started process (PID=6350) to work on /opt/airflow/dags/maritime_intelligence_pipeline.py
[2026-09-09T04:02:04.491+0000] {processor.py:830} INFO - Processing file /opt/airflow/dags/maritime_intelligence_pipeline.py for tasks to queue
[2026-09-09T04:02:04.496+0000] {logging_mixin.py:188} INFO - [2026-09-09T04:02:04.495+0000] {dagbag.py:545} INFO - Filling up the DagBag from /opt/airflow/dags/maritime_intelligence_pipeline.py
[2026-09-09T04:02:04.543+0000] {processor.py:840} INFO - DAG(s) 'maritime_intelligence_pipeline' retrieved from /opt/airflow/dags/maritime_intelligence_pipeline.py
[2026-09-09T04:02:04.602+0000] {logging_mixin.py:188} INFO - [2026-09-09T04:02:04.602+0000] {dag.py:3089} INFO - Sync 1 DAGs
[2026-09-09T04:02:04.647+0000] {logging_mixin.py:188} INFO - [2026-09-09T04:02:04.647+0000] {dag.py:3947} INFO - Setting next_dagrun for maritime_intelligence_pipeline to 2026-09-08 00:00:00+00:00, run_after=2026-09-09 00:00:00+00:00
[2026-09-09T04:02:04.681+0000] {processor.py:183} INFO - Processing /opt/airflow/dags/maritime_intelligence_pipeline.py took 0.202 seconds
[2026-09-09T04:02:34.960+0000] {processor.py:161} INFO - Started process (PID=6355) to work on /opt/airflow/dags/maritime_intelligence_pipeline.py
[2026-09-09T04:02:34.963+0000] {processor.py:830} INFO - Processing file /opt/airflow/dags/maritime_intelligence_pipeline.py for tasks to queue
[2026-09-09T04:02:34.966+0000] {logging_mixin.py:188} INFO - [2026-09-09T04:02:34.966+0000] {dagbag.py:545} INFO - Filling up the DagBag from /opt/airflow/dags/maritime_intelligence_pipeline.py
[2026-09-09T04:02:35.005+0000] {processor.py:840} INFO - DAG(s) 'maritime_intelligence_pipeline' retrieved from /opt/airflow/dags/maritime_intelligence_pipeline.py
[2026-09-09T04:02:35.053+0000] {logging_mixin.py:188} INFO - [2026-09-09T04:02:35.053+0000] {dag.py:3089} INFO - Sync 1 DAGs
[2026-09-09T04:02:35.088+0000] {logging_mixin.py:188} INFO - [2026-09-09T04:02:35.088+0000] {dag.py:3947} INFO - Setting next_dagrun for maritime_intelligence_pipeline to 2026-09-08 00:00:00+00:00, run_after=2026-09-09 00:00:00+00:00
[2026-09-09T04:02:35.122+0000] {processor.py:183} INFO - Processing /opt/airflow/dags/maritime_intelligence_pipeline.py took 0.171 seconds
[2026-09-09T04:03:05.274+0000] {processor.py:161} INFO - Started process (PID=6360) to work on /opt/airflow/dags/maritime_intelligence_pipeline.py
[2026-09-09T04:03:05.277+0000] {processor.py:830} INFO - Processing file /opt/airflow/dags/maritime_intelligence_pipeline.py for tasks to queue
[2026-09-09T04:03:05.282+0000] {logging_mixin.py:188} INFO - [2026-09-09T04:03:05.282+0000] {dagbag.py:545} INFO - Filling up the DagBag from /opt/airflow/dags/maritime_intelligence_pipeline.py
[2026-09-09T04:03:05.350+0000] {processor.py:840} INFO - DAG(s) 'maritime_intelligence_pipeline' retrieved from /opt/airflow/dags/maritime_intelligence_pipeline.py
[2026-09-09T04:03:05.424+0000] {logging_mixin.py:188} INFO - [2026-09-09T04:03:05.423+0000] {dag.py:3089} INFO - Sync 1 DAGs
[2026-09-09T04:03:05.501+0000] {logging_mixin.py:188} INFO - [2026-09-09T04:03:05.500+0000] {dag.py:3947} INFO - Setting next_dagrun for maritime_intelligence_pipeline to 2026-09-08 00:00:00+00:00, run_after=2026-09-09 00:00:00+00:00
[2026-09-09T04:03:05.538+0000] {processor.py:183} INFO - Processing /opt/airflow/dags/maritime_intelligence_pipeline.py took 0.279 seconds
[2026-09-09T04:03:35.635+0000] {processor.py:161} INFO - Started process (PID=6365) to work on /opt/airflow/dags/maritime_intelligence_pipeline.py
[2026-09-09T04:03:35.637+0000] {processor.py:830} INFO - Processing file /opt/airflow/dags/maritime_intelligence_pipeline.py for tasks to queue
[2026-09-09T04:03:35.641+0000] {logging_mixin.py:188} INFO - [2026-09-09T04:03:35.641+0000] {dagbag.py:545} INFO - Filling up the DagBag from /opt/airflow/dags/maritime_intelligence_pipeline.py
[2026-09-09T04:03:35.681+0000] {processor.py:840} INFO - DAG(s) 'maritime_intelligence_pipeline' retrieved from /opt/airflow/dags/maritime_intelligence_pipeline.py
[2026-09-09T04:03:35.730+0000] {logging_mixin.py:188} INFO - [2026-09-09T04:03:35.730+0000] {dag.py:3089} INFO - Sync 1 DAGs
[2026-09-09T04:03:35.768+0000] {logging_mixin.py:188} INFO - [2026-09-09T04:03:35.768+0000] {dag.py:3947} INFO - Setting next_dagrun for maritime_intelligence_pipeline to 2026-09-08 00:00:00+00:00, run_after=2026-09-09 00:00:00+00:00
[2026-09-09T04:03:35.800+0000] {processor.py:183} INFO - Processing /opt/airflow/dags/maritime_intelligence_pipeline.py took 0.176 seconds
[2026-09-09T04:04:05.886+0000] {processor.py:161} INFO - Started process (PID=6370) to work on /opt/airflow/dags/maritime_intelligence_pipeline.py
[2026-09-09T04:04:05.888+0000] {processor.py:830} INFO - Processing file /opt/airflow/dags/maritime_intelligence_pipeline.py for tasks to queue
[2026-09-09T04:04:05.893+0000] {logging_mixin.py:188} INFO - [2026-09-09T04:04:05.892+0000] {dagbag.py:545} INFO - Filling up the DagBag from /opt/airflow/dags/maritime_intelligence_pipeline.py
[2026-09-09T04:04:05.933+0000] {processor.py:840} INFO - DAG(s) 'maritime_intelligence_pipeline' retrieved from /opt/airflow/dags/maritime_intelligence_pipeline.py
[2026-09-09T04:04:05.978+0000] {logging_mixin.py:188} INFO - [2026-09-09T04:04:05.978+0000] {dag.py:3089} INFO - Sync 1 DAGs
[2026-09-09T04:04:06.015+0000] {logging_mixin.py:188} INFO - [2026-09-09T04:04:06.015+0000] {dag.py:3947} INFO - Setting next_dagrun for maritime_intelligence_pipeline to 2026-09-08 00:00:00+00:00, run_after=2026-09-09 00:00:00+00:00
[2026-09-09T04:04:06.048+0000] {processor.py:183} INFO - Processing /opt/airflow/dags/maritime_intelligence_pipeline.py took 0.172 seconds
[2026-09-09T04:04:36.158+0000] {processor.py:161} INFO - Started process (PID=6375) to work on /opt/airflow/dags/maritime_intelligence_pipeline.py
[2026-09-09T04:04:36.161+0000] {processor.py:830} INFO - Processing file /opt/airflow/dags/maritime_intelligence_pipeline.py for tasks to queue
[2026-09-09T04:04:36.167+0000] {logging_mixin.py:188} INFO - [2026-09-09T04:04:36.166+0000] {dagbag.py:545} INFO - Filling up the DagBag from /opt/airflow/dags/maritime_intelligence_pipeline.py
[2026-09-09T04:04:36.220+0000] {processor.py:840} INFO - DAG(s) 'maritime_intelligence_pipeline' retrieved from /opt/airflow/dags/maritime_intelligence_pipeline.py
[2026-09-09T04:04:36.278+0000] {logging_mixin.py:188} INFO - [2026-09-09T04:04:36.278+0000] {dag.py:3089} INFO - Sync 1 DAGs
[2026-09-09T04:04:36.318+0000] {logging_mixin.py:188} INFO - [2026-09-09T04:04:36.318+0000] {dag.py:3947} INFO - Setting next_dagrun for maritime_intelligence_pipeline to 2026-09-08 00:00:00+00:00, run_after=2026-09-09 00:00:00+00:00
[2026-09-09T04:04:36.358+0000] {processor.py:183} INFO - Processing /opt/airflow/dags/maritime_intelligence_pipeline.py took 0.212 seconds
[2026-09-09T04:05:06.654+0000] {processor.py:161} INFO - Started process (PID=6380) to work on /opt/airflow/dags/maritime_intelligence_pipeline.py
[2026-09-09T04:05:06.657+0000] {processor.py:830} INFO - Processing file /opt/airflow/dags/maritime_intelligence_pipeline.py for tasks to queue
[2026-09-09T04:05:06.662+0000] {logging_mixin.py:188} INFO - [2026-09-09T04:05:06.661+0000] {dagbag.py:545} INFO - Filling up the DagBag from /opt/airflow/dags/maritime_intelligence_pipeline.py
[2026-09-09T04:05:06.711+0000] {processor.py:840} INFO - DAG(s) 'maritime_intelligence_pipeline' retrieved from /opt/airflow/dags/maritime_intelligence_pipeline.py
[2026-09-09T04:05:06.769+0000] {logging_mixin.py:188} INFO - [2026-09-09T04:05:06.769+0000] {dag.py:3089} INFO - Sync 1 DAGs
[2026-09-09T04:05:06.812+0000] {logging_mixin.py:188} INFO - [2026-09-09T04:05:06.811+0000] {dag.py:3947} INFO - Setting next_dagrun for maritime_intelligence_pipeline to 2026-09-08 00:00:00+00:00, run_after=2026-09-09 00:00:00+00:00
[2026-09-09T04:05:06.847+0000] {processor.py:183} INFO - Processing /opt/airflow/dags/maritime_intelligence_pipeline.py took 0.212 seconds
[2026-09-09T04:05:37.140+0000] {processor.py:161} INFO - Started process (PID=6385) to work on /opt/airflow/dags/maritime_intelligence_pipeline.py
[2026-09-09T04:05:37.142+0000] {processor.py:830} INFO - Processing file /opt/airflow/dags/maritime_intelligence_pipeline.py for tasks to queue
[2026-09-09T04:05:37.146+0000] {logging_mixin.py:188} INFO - [2026-09-09T04:05:37.145+0000] {dagbag.py:545} INFO - Filling up the DagBag from /opt/airflow/dags/maritime_intelligence_pipeline.py
[2026-09-09T04:05:37.193+0000] {processor.py:840} INFO - DAG(s) 'maritime_intelligence_pipeline' retrieved from /opt/airflow/dags/maritime_intelligence_pipeline.py
[2026-09-09T04:05:37.244+0000] {logging_mixin.py:188} INFO - [2026-09-09T04:05:37.244+0000] {dag.py:3089} INFO - Sync 1 DAGs
[2026-09-09T04:05:37.282+0000] {logging_mixin.py:188} INFO - [2026-09-09T04:05:37.282+0000] {dag.py:3947} INFO - Setting next_dagrun for maritime_intelligence_pipeline to 2026-09-08 00:00:00+00:00, run_after=2026-09-09 00:00:00+00:00
[2026-09-09T04:05:37.314+0000] {processor.py:183} INFO - Processing /opt/airflow/dags/maritime_intelligence_pipeline.py took 0.184 seconds
[2026-09-09T04:06:07.664+0000] {processor.py:161} INFO - Started process (PID=6390) to work on /opt/airflow/dags/maritime_intelligence_pipeline.py
[2026-09-09T04:06:07.668+0000] {processor.py:830} INFO - Processing file /opt/airflow/dags/maritime_intelligence_pipeline.py for tasks to queue
[2026-09-09T04:06:07.675+0000] {logging_mixin.py:188} INFO - [2026-09-09T04:06:07.674+0000] {dagbag.py:545} INFO - Filling up the DagBag from /opt/airflow/dags/maritime_intelligence_pipeline.py
[2026-09-09T04:06:07.747+0000] {processor.py:840} INFO - DAG(s) 'maritime_intelligence_pipeline' retrieved from /opt/airflow/dags/maritime_intelligence_pipeline.py
[2026-09-09T04:06:08.367+0000] {logging_mixin.py:188} INFO - [2026-09-09T04:06:08.366+0000] {dag.py:3089} INFO - Sync 1 DAGs
[2026-09-09T04:06:08.448+0000] {logging_mixin.py:188} INFO - [2026-09-09T04:06:08.447+0000] {dag.py:3947} INFO - Setting next_dagrun for maritime_intelligence_pipeline to 2026-09-08 00:00:00+00:00, run_after=2026-09-09 00:00:00+00:00
[2026-09-09T04:06:08.528+0000] {processor.py:183} INFO - Processing /opt/airflow/dags/maritime_intelligence_pipeline.py took 0.893 seconds
[2026-09-09T04:06:39.362+0000] {processor.py:161} INFO - Started process (PID=6395) to work on /opt/airflow/dags/maritime_intelligence_pipeline.py
[2026-09-09T04:06:39.594+0000] {processor.py:830} INFO - Processing file /opt/airflow/dags/maritime_intelligence_pipeline.py for tasks to queue
[2026-09-09T04:06:39.797+0000] {logging_mixin.py:188} INFO - [2026-09-09T04:06:39.795+0000] {dagbag.py:545} INFO - Filling up the DagBag from /opt/airflow/dags/maritime_intelligence_pipeline.py
[2026-09-09T04:06:39.903+0000] {processor.py:840} INFO - DAG(s) 'maritime_intelligence_pipeline' retrieved from /opt/airflow/dags/maritime_intelligence_pipeline.py
[2026-09-09T04:06:40.002+0000] {logging_mixin.py:188} INFO - [2026-09-09T04:06:40.002+0000] {dag.py:3089} INFO - Sync 1 DAGs
[2026-09-09T04:06:40.058+0000] {logging_mixin.py:188} INFO - [2026-09-09T04:06:40.057+0000] {dag.py:3947} INFO - Setting next_dagrun for maritime_intelligence_pipeline to 2026-09-08 00:00:00+00:00, run_after=2026-09-09 00:00:00+00:00
[2026-09-09T04:06:40.098+0000] {processor.py:183} INFO - Processing /opt/airflow/dags/maritime_intelligence_pipeline.py took 1.204 seconds
[2026-09-09T04:07:10.484+0000] {processor.py:161} INFO - Started process (PID=6400) to work on /opt/airflow/dags/maritime_intelligence_pipeline.py
[2026-09-09T04:07:10.488+0000] {processor.py:830} INFO - Processing file /opt/airflow/dags/maritime_intelligence_pipeline.py for tasks to queue
[2026-09-09T04:07:10.497+0000] {logging_mixin.py:188} INFO - [2026-09-09T04:07:10.496+0000] {dagbag.py:545} INFO - Filling up the DagBag from /opt/airflow/dags/maritime_intelligence_pipeline.py
[2026-09-09T04:07:10.599+0000] {processor.py:840} INFO - DAG(s) 'maritime_intelligence_pipeline' retrieved from /opt/airflow/dags/maritime_intelligence_pipeline.py
[2026-09-09T04:07:10.717+0000] {logging_mixin.py:188} INFO - [2026-09-09T04:07:10.715+0000] {dag.py:3089} INFO - Sync 1 DAGs
[2026-09-09T04:07:10.824+0000] {logging_mixin.py:188} INFO - [2026-09-09T04:07:10.823+0000] {dag.py:3947} INFO - Setting next_dagrun for maritime_intelligence_pipeline to 2026-09-08 00:00:00+00:00, run_after=2026-09-09 00:00:00+00:00
[2026-09-09T04:07:10.904+0000] {processor.py:183} INFO - Processing /opt/airflow/dags/maritime_intelligence_pipeline.py took 0.436 seconds
[2026-09-09T04:07:41.195+0000] {processor.py:161} INFO - Started process (PID=6405) to work on /opt/airflow/dags/maritime_intelligence_pipeline.py
[2026-09-09T04:07:41.199+0000] {processor.py:830} INFO - Processing file /opt/airflow/dags/maritime_intelligence_pipeline.py for tasks to queue
[2026-09-09T04:07:41.207+0000] {logging_mixin.py:188} INFO - [2026-09-09T04:07:41.205+0000] {dagbag.py:545} INFO - Filling up the DagBag from /opt/airflow/dags/maritime_intelligence_pipeline.py
[2026-09-09T04:07:41.271+0000] {processor.py:840} INFO - DAG(s) 'maritime_intelligence_pipeline' retrieved from /opt/airflow/dags/maritime_intelligence_pipeline.py
[2026-09-09T04:07:41.356+0000] {logging_mixin.py:188} INFO - [2026-09-09T04:07:41.355+0000] {dag.py:3089} INFO - Sync 1 DAGs
[2026-09-09T04:07:41.508+0000] {logging_mixin.py:188} INFO - [2026-09-09T04:07:41.507+0000] {dag.py:3947} INFO - Setting next_dagrun for maritime_intelligence_pipeline to 2026-09-08 00:00:00+00:00, run_after=2026-09-09 00:00:00+00:00
[2026-09-09T04:07:41.543+0000] {processor.py:183} INFO - Processing /opt/airflow/dags/maritime_intelligence_pipeline.py took 0.366 seconds
[2026-09-09T04:08:11.820+0000] {processor.py:161} INFO - Started process (PID=6410) to work on /opt/airflow/dags/maritime_intelligence_pipeline.py
[2026-09-09T04:08:11.823+0000] {processor.py:830} INFO - Processing file /opt/airflow/dags/maritime_intelligence_pipeline.py for tasks to queue
[2026-09-09T04:08:11.828+0000] {logging_mixin.py:188} INFO - [2026-09-09T04:08:11.828+0000] {dagbag.py:545} INFO - Filling up the DagBag from /opt/airflow/dags/maritime_intelligence_pipeline.py
[2026-09-09T04:08:11.881+0000] {processor.py:840} INFO - DAG(s) 'maritime_intelligence_pipeline' retrieved from /opt/airflow/dags/maritime_intelligence_pipeline.py
[2026-09-09T04:08:11.930+0000] {logging_mixin.py:188} INFO - [2026-09-09T04:08:11.930+0000] {dag.py:3089} INFO - Sync 1 DAGs
[2026-09-09T04:08:11.974+0000] {logging_mixin.py:188} INFO - [2026-09-09T04:08:11.973+0000] {dag.py:3947} INFO - Setting next_dagrun for maritime_intelligence_pipeline to 2026-09-08 00:00:00+00:00, run_after=2026-09-09 00:00:00+00:00
[2026-09-09T04:08:12.016+0000] {processor.py:183} INFO - Processing /opt/airflow/dags/maritime_intelligence_pipeline.py took 0.214 seconds
[2026-09-09T04:08:42.142+0000] {processor.py:161} INFO - Started process (PID=6415) to work on /opt/airflow/dags/maritime_intelligence_pipeline.py
[2026-09-09T04:08:42.145+0000] {processor.py:830} INFO - Processing file /opt/airflow/dags/maritime_intelligence_pipeline.py for tasks to queue
[2026-09-09T04:08:42.152+0000] {logging_mixin.py:188} INFO - [2026-09-09T04:08:42.151+0000] {dagbag.py:545} INFO - Filling up the DagBag from /opt/airflow/dags/maritime_intelligence_pipeline.py
[2026-09-09T04:08:42.201+0000] {processor.py:840} INFO - DAG(s) 'maritime_intelligence_pipeline' retrieved from /opt/airflow/dags/maritime_intelligence_pipeline.py
[2026-09-09T04:08:42.266+0000] {logging_mixin.py:188} INFO - [2026-09-09T04:08:42.266+0000] {dag.py:3089} INFO - Sync 1 DAGs
[2026-09-09T04:08:42.316+0000] {logging_mixin.py:188} INFO - [2026-09-09T04:08:42.316+0000] {dag.py:3947} INFO - Setting next_dagrun for maritime_intelligence_pipeline to 2026-09-08 00:00:00+00:00, run_after=2026-09-09 00:00:00+00:00
[2026-09-09T04:08:42.383+0000] {processor.py:183} INFO - Processing /opt/airflow/dags/maritime_intelligence_pipeline.py took 0.256 seconds
[2026-09-09T04:09:12.532+0000] {processor.py:161} INFO - Started process (PID=6420) to work on /opt/airflow/dags/maritime_intelligence_pipeline.py
[2026-09-09T04:09:12.535+0000] {processor.py:830} INFO - Processing file /opt/airflow/dags/maritime_intelligence_pipeline.py for tasks to queue
[2026-09-09T04:09:12.540+0000] {logging_mixin.py:188} INFO - [2026-09-09T04:09:12.539+0000] {dagbag.py:545} INFO - Filling up the DagBag from /opt/airflow/dags/maritime_intelligence_pipeline.py
[2026-09-09T04:09:12.598+0000] {processor.py:840} INFO - DAG(s) 'maritime_intelligence_pipeline' retrieved from /opt/airflow/dags/maritime_intelligence_pipeline.py
[2026-09-09T04:09:12.672+0000] {logging_mixin.py:188} INFO - [2026-09-09T04:09:12.672+0000] {dag.py:3089} INFO - Sync 1 DAGs
[2026-09-09T04:09:12.738+0000] {logging_mixin.py:188} INFO - [2026-09-09T04:09:12.737+0000] {dag.py:3947} INFO - Setting next_dagrun for maritime_intelligence_pipeline to 2026-09-08 00:00:00+00:00, run_after=2026-09-09 00:00:00+00:00
[2026-09-09T04:09:12.794+0000] {processor.py:183} INFO - Processing /opt/airflow/dags/maritime_intelligence_pipeline.py took 0.280 seconds
[2026-09-09T04:09:42.916+0000] {processor.py:161} INFO - Started process (PID=6425) to work on /opt/airflow/dags/maritime_intelligence_pipeline.py
[2026-09-09T04:09:42.920+0000] {processor.py:830} INFO - Processing file /opt/airflow/dags/maritime_intelligence_pipeline.py for tasks to queue
[2026-09-09T04:09:42.928+0000] {logging_mixin.py:188} INFO - [2026-09-09T04:09:42.927+0000] {dagbag.py:545} INFO - Filling up the DagBag from /opt/airflow/dags/maritime_intelligence_pipeline.py
[2026-09-09T04:09:43.054+0000] {processor.py:840} INFO - DAG(s) 'maritime_intelligence_pipeline' retrieved from /opt/airflow/dags/maritime_intelligence_pipeline.py
[2026-09-09T04:09:43.179+0000] {logging_mixin.py:188} INFO - [2026-09-09T04:09:43.178+0000] {dag.py:3089} INFO - Sync 1 DAGs
[2026-09-09T04:09:43.250+0000] {logging_mixin.py:188} INFO - [2026-09-09T04:09:43.249+0000] {dag.py:3947} INFO - Setting next_dagrun for maritime_intelligence_pipeline to 2026-09-08 00:00:00+00:00, run_after=2026-09-09 00:00:00+00:00
[2026-09-09T04:09:43.295+0000] {processor.py:183} INFO - Processing /opt/airflow/dags/maritime_intelligence_pipeline.py took 0.401 seconds
[2026-09-09T04:10:13.587+0000] {processor.py:161} INFO - Started process (PID=6430) to work on /opt/airflow/dags/maritime_intelligence_pipeline.py
[2026-09-09T04:10:13.590+0000] {processor.py:830} INFO - Processing file /opt/airflow/dags/maritime_intelligence_pipeline.py for tasks to queue
[2026-09-09T04:10:13.598+0000] {logging_mixin.py:188} INFO - [2026-09-09T04:10:13.597+0000] {dagbag.py:545} INFO - Filling up the DagBag from /opt/airflow/dags/maritime_intelligence_pipeline.py
[2026-09-09T04:10:13.642+0000] {processor.py:840} INFO - DAG(s) 'maritime_intelligence_pipeline' retrieved from /opt/airflow/dags/maritime_intelligence_pipeline.py
[2026-09-09T04:10:13.702+0000] {logging_mixin.py:188} INFO - [2026-09-09T04:10:13.702+0000] {dag.py:3089} INFO - Sync 1 DAGs
[2026-09-09T04:10:13.747+0000] {logging_mixin.py:188} INFO - [2026-09-09T04:10:13.747+0000] {dag.py:3947} INFO - Setting next_dagrun for maritime_intelligence_pipeline to 2026-09-08 00:00:00+00:00, run_after=2026-09-09 00:00:00+00:00
[2026-09-09T04:10:13.782+0000] {processor.py:183} INFO - Processing /opt/airflow/dags/maritime_intelligence_pipeline.py took 0.216 seconds
[2026-09-09T04:10:44.607+0000] {processor.py:161} INFO - Started process (PID=6435) to work on /opt/airflow/dags/maritime_intelligence_pipeline.py
[2026-09-09T04:10:44.638+0000] {processor.py:830} INFO - Processing file /opt/airflow/dags/maritime_intelligence_pipeline.py for tasks to queue
[2026-09-09T04:10:44.645+0000] {logging_mixin.py:188} INFO - [2026-09-09T04:10:44.644+0000] {dagbag.py:545} INFO - Filling up the DagBag from /opt/airflow/dags/maritime_intelligence_pipeline.py
[2026-09-09T04:10:44.710+0000] {processor.py:840} INFO - DAG(s) 'maritime_intelligence_pipeline' retrieved from /opt/airflow/dags/maritime_intelligence_pipeline.py
[2026-09-09T04:10:45.209+0000] {logging_mixin.py:188} INFO - [2026-09-09T04:10:45.208+0000] {dag.py:3089} INFO - Sync 1 DAGs
[2026-09-09T04:10:45.383+0000] {logging_mixin.py:188} INFO - [2026-09-09T04:10:45.383+0000] {dag.py:3947} INFO - Setting next_dagrun for maritime_intelligence_pipeline to 2026-09-08 00:00:00+00:00, run_after=2026-09-09 00:00:00+00:00
[2026-09-09T04:10:45.501+0000] {processor.py:183} INFO - Processing /opt/airflow/dags/maritime_intelligence_pipeline.py took 0.942 seconds
[2026-09-09T04:11:15.990+0000] {processor.py:161} INFO - Started process (PID=6440) to work on /opt/airflow/dags/maritime_intelligence_pipeline.py
[2026-09-09T04:11:15.995+0000] {processor.py:830} INFO - Processing file /opt/airflow/dags/maritime_intelligence_pipeline.py for tasks to queue
[2026-09-09T04:11:16.002+0000] {logging_mixin.py:188} INFO - [2026-09-09T04:11:16.001+0000] {dagbag.py:545} INFO - Filling up the DagBag from /opt/airflow/dags/maritime_intelligence_pipeline.py
[2026-09-09T04:11:16.068+0000] {processor.py:840} INFO - DAG(s) 'maritime_intelligence_pipeline' retrieved from /opt/airflow/dags/maritime_intelligence_pipeline.py
[2026-09-09T04:11:16.137+0000] {logging_mixin.py:188} INFO - [2026-09-09T04:11:16.136+0000] {dag.py:3089} INFO - Sync 1 DAGs
[2026-09-09T04:11:16.244+0000] {logging_mixin.py:188} INFO - [2026-09-09T04:11:16.243+0000] {dag.py:3947} INFO - Setting next_dagrun for maritime_intelligence_pipeline to 2026-09-08 00:00:00+00:00, run_after=2026-09-09 00:00:00+00:00
[2026-09-09T04:11:16.462+0000] {processor.py:183} INFO - Processing /opt/airflow/dags/maritime_intelligence_pipeline.py took 0.497 seconds
[2026-09-09T04:11:47.718+0000] {processor.py:161} INFO - Started process (PID=6445) to work on /opt/airflow/dags/maritime_intelligence_pipeline.py
[2026-09-09T04:11:47.768+0000] {processor.py:830} INFO - Processing file /opt/airflow/dags/maritime_intelligence_pipeline.py for tasks to queue
[2026-09-09T04:11:47.783+0000] {logging_mixin.py:188} INFO - [2026-09-09T04:11:47.780+0000] {dagbag.py:545} INFO - Filling up the DagBag from /opt/airflow/dags/maritime_intelligence_pipeline.py
[2026-09-09T04:11:47.970+0000] {processor.py:840} INFO - DAG(s) 'maritime_intelligence_pipeline' retrieved from /opt/airflow/dags/maritime_intelligence_pipeline.py
[2026-09-09T04:11:49.054+0000] {logging_mixin.py:188} INFO - [2026-09-09T04:11:49.054+0000] {dag.py:3089} INFO - Sync 1 DAGs
[2026-09-09T04:11:49.856+0000] {logging_mixin.py:188} INFO - [2026-09-09T04:11:49.855+0000] {dag.py:3947} INFO - Setting next_dagrun for maritime_intelligence_pipeline to 2026-09-08 00:00:00+00:00, run_after=2026-09-09 00:00:00+00:00
[2026-09-09T04:11:49.965+0000] {processor.py:183} INFO - Processing /opt/airflow/dags/maritime_intelligence_pipeline.py took 2.410 seconds
[2026-09-09T04:12:21.106+0000] {processor.py:161} INFO - Started process (PID=6450) to work on /opt/airflow/dags/maritime_intelligence_pipeline.py
[2026-09-09T04:12:21.111+0000] {processor.py:830} INFO - Processing file /opt/airflow/dags/maritime_intelligence_pipeline.py for tasks to queue
[2026-09-09T04:12:21.136+0000] {logging_mixin.py:188} INFO - [2026-09-09T04:12:21.135+0000] {dagbag.py:545} INFO - Filling up the DagBag from /opt/airflow/dags/maritime_intelligence_pipeline.py
[2026-09-09T04:12:21.487+0000] {processor.py:840} INFO - DAG(s) 'maritime_intelligence_pipeline' retrieved from /opt/airflow/dags/maritime_intelligence_pipeline.py
[2026-09-09T04:12:21.583+0000] {logging_mixin.py:188} INFO - [2026-09-09T04:12:21.581+0000] {dag.py:3089} INFO - Sync 1 DAGs
[2026-09-09T04:12:21.693+0000] {logging_mixin.py:188} INFO - [2026-09-09T04:12:21.692+0000] {dag.py:3947} INFO - Setting next_dagrun for maritime_intelligence_pipeline to 2026-09-08 00:00:00+00:00, run_after=2026-09-09 00:00:00+00:00
[2026-09-09T04:12:21.883+0000] {processor.py:183} INFO - Processing /opt/airflow/dags/maritime_intelligence_pipeline.py took 0.799 seconds
[2026-09-09T04:12:52.359+0000] {processor.py:161} INFO - Started process (PID=6455) to work on /opt/airflow/dags/maritime_intelligence_pipeline.py
[2026-09-09T04:12:52.362+0000] {processor.py:830} INFO - Processing file /opt/airflow/dags/maritime_intelligence_pipeline.py for tasks to queue
[2026-09-09T04:12:52.367+0000] {logging_mixin.py:188} INFO - [2026-09-09T04:12:52.366+0000] {dagbag.py:545} INFO - Filling up the DagBag from /opt/airflow/dags/maritime_intelligence_pipeline.py
[2026-09-09T04:12:52.415+0000] {processor.py:840} INFO - DAG(s) 'maritime_intelligence_pipeline' retrieved from /opt/airflow/dags/maritime_intelligence_pipeline.py
[2026-09-09T04:12:52.496+0000] {logging_mixin.py:188} INFO - [2026-09-09T04:12:52.496+0000] {dag.py:3089} INFO - Sync 1 DAGs
[2026-09-09T04:12:52.564+0000] {logging_mixin.py:188} INFO - [2026-09-09T04:12:52.563+0000] {dag.py:3947} INFO - Setting next_dagrun for maritime_intelligence_pipeline to 2026-09-08 00:00:00+00:00, run_after=2026-09-09 00:00:00+00:00
[2026-09-09T04:12:52.612+0000] {processor.py:183} INFO - Processing /opt/airflow/dags/maritime_intelligence_pipeline.py took 0.268 seconds
[2026-09-09T04:13:23.130+0000] {processor.py:161} INFO - Started process (PID=6460) to work on /opt/airflow/dags/maritime_intelligence_pipeline.py
[2026-09-09T04:13:23.132+0000] {processor.py:830} INFO - Processing file /opt/airflow/dags/maritime_intelligence_pipeline.py for tasks to queue
[2026-09-09T04:13:23.135+0000] {logging_mixin.py:188} INFO - [2026-09-09T04:13:23.135+0000] {dagbag.py:545} INFO - Filling up the DagBag from /opt/airflow/dags/maritime_intelligence_pipeline.py
[2026-09-09T04:13:23.225+0000] {processor.py:840} INFO - DAG(s) 'maritime_intelligence_pipeline' retrieved from /opt/airflow/dags/maritime_intelligence_pipeline.py
[2026-09-09T04:13:23.472+0000] {logging_mixin.py:188} INFO - [2026-09-09T04:13:23.472+0000] {dag.py:3089} INFO - Sync 1 DAGs
[2026-09-09T04:13:23.847+0000] {logging_mixin.py:188} INFO - [2026-09-09T04:13:23.846+0000] {dag.py:3947} INFO - Setting next_dagrun for maritime_intelligence_pipeline to 2026-09-08 00:00:00+00:00, run_after=2026-09-09 00:00:00+00:00
[2026-09-09T04:13:23.886+0000] {processor.py:183} INFO - Processing /opt/airflow/dags/maritime_intelligence_pipeline.py took 0.768 seconds
[2026-09-09T04:13:54.358+0000] {processor.py:161} INFO - Started process (PID=6465) to work on /opt/airflow/dags/maritime_intelligence_pipeline.py
[2026-09-09T04:13:54.380+0000] {processor.py:830} INFO - Processing file /opt/airflow/dags/maritime_intelligence_pipeline.py for tasks to queue
[2026-09-09T04:13:54.390+0000] {logging_mixin.py:188} INFO - [2026-09-09T04:13:54.389+0000] {dagbag.py:545} INFO - Filling up the DagBag from /opt/airflow/dags/maritime_intelligence_pipeline.py
[2026-09-09T04:13:54.553+0000] {processor.py:840} INFO - DAG(s) 'maritime_intelligence_pipeline' retrieved from /opt/airflow/dags/maritime_intelligence_pipeline.py
[2026-09-09T04:13:54.966+0000] {logging_mixin.py:188} INFO - [2026-09-09T04:13:54.965+0000] {dag.py:3089} INFO - Sync 1 DAGs
[2026-09-09T04:13:55.110+0000] {logging_mixin.py:188} INFO - [2026-09-09T04:13:55.110+0000] {dag.py:3947} INFO - Setting next_dagrun for maritime_intelligence_pipeline to 2026-09-08 00:00:00+00:00, run_after=2026-09-09 00:00:00+00:00
[2026-09-09T04:13:55.150+0000] {processor.py:183} INFO - Processing /opt/airflow/dags/maritime_intelligence_pipeline.py took 1.022 seconds
[2026-09-09T04:14:26.178+0000] {processor.py:161} INFO - Started process (PID=6470) to work on /opt/airflow/dags/maritime_intelligence_pipeline.py
[2026-09-09T04:14:26.227+0000] {processor.py:830} INFO - Processing file /opt/airflow/dags/maritime_intelligence_pipeline.py for tasks to queue
[2026-09-09T04:14:26.232+0000] {logging_mixin.py:188} INFO - [2026-09-09T04:14:26.231+0000] {dagbag.py:545} INFO - Filling up the DagBag from /opt/airflow/dags/maritime_intelligence_pipeline.py
[2026-09-09T04:14:26.277+0000] {processor.py:840} INFO - DAG(s) 'maritime_intelligence_pipeline' retrieved from /opt/airflow/dags/maritime_intelligence_pipeline.py
[2026-09-09T04:14:26.446+0000] {logging_mixin.py:188} INFO - [2026-09-09T04:14:26.445+0000] {dag.py:3089} INFO - Sync 1 DAGs
[2026-09-09T04:14:26.627+0000] {logging_mixin.py:188} INFO - [2026-09-09T04:14:26.626+0000] {dag.py:3947} INFO - Setting next_dagrun for maritime_intelligence_pipeline to 2026-09-08 00:00:00+00:00, run_after=2026-09-09 00:00:00+00:00
[2026-09-09T04:14:26.669+0000] {processor.py:183} INFO - Processing /opt/airflow/dags/maritime_intelligence_pipeline.py took 0.820 seconds
[2026-09-09T04:14:57.784+0000] {processor.py:161} INFO - Started process (PID=6475) to work on /opt/airflow/dags/maritime_intelligence_pipeline.py
[2026-09-09T04:14:57.786+0000] {processor.py:830} INFO - Processing file /opt/airflow/dags/maritime_intelligence_pipeline.py for tasks to queue
[2026-09-09T04:14:57.791+0000] {logging_mixin.py:188} INFO - [2026-09-09T04:14:57.790+0000] {dagbag.py:545} INFO - Filling up the DagBag from /opt/airflow/dags/maritime_intelligence_pipeline.py
[2026-09-09T04:14:57.920+0000] {processor.py:840} INFO - DAG(s) 'maritime_intelligence_pipeline' retrieved from /opt/airflow/dags/maritime_intelligence_pipeline.py
[2026-09-09T04:14:58.648+0000] {logging_mixin.py:188} INFO - [2026-09-09T04:14:58.648+0000] {dag.py:3089} INFO - Sync 1 DAGs
[2026-09-09T04:14:59.193+0000] {logging_mixin.py:188} INFO - [2026-09-09T04:14:59.193+0000] {dag.py:3947} INFO - Setting next_dagrun for maritime_intelligence_pipeline to 2026-09-08 00:00:00+00:00, run_after=2026-09-09 00:00:00+00:00
[2026-09-09T04:14:59.235+0000] {processor.py:183} INFO - Processing /opt/airflow/dags/maritime_intelligence_pipeline.py took 1.537 seconds
[2026-09-09T04:15:29.594+0000] {processor.py:161} INFO - Started process (PID=6480) to work on /opt/airflow/dags/maritime_intelligence_pipeline.py
[2026-09-09T04:15:29.597+0000] {processor.py:830} INFO - Processing file /opt/airflow/dags/maritime_intelligence_pipeline.py for tasks to queue
[2026-09-09T04:15:29.602+0000] {logging_mixin.py:188} INFO - [2026-09-09T04:15:29.602+0000] {dagbag.py:545} INFO - Filling up the DagBag from /opt/airflow/dags/maritime_intelligence_pipeline.py
[2026-09-09T04:15:29.680+0000] {processor.py:840} INFO - DAG(s) 'maritime_intelligence_pipeline' retrieved from /opt/airflow/dags/maritime_intelligence_pipeline.py
[2026-09-09T04:15:29.756+0000] {logging_mixin.py:188} INFO - [2026-09-09T04:15:29.755+0000] {dag.py:3089} INFO - Sync 1 DAGs
[2026-09-09T04:15:29.815+0000] {logging_mixin.py:188} INFO - [2026-09-09T04:15:29.815+0000] {dag.py:3947} INFO - Setting next_dagrun for maritime_intelligence_pipeline to 2026-09-08 00:00:00+00:00, run_after=2026-09-09 00:00:00+00:00
[2026-09-09T04:15:29.863+0000] {processor.py:183} INFO - Processing /opt/airflow/dags/maritime_intelligence_pipeline.py took 0.290 seconds
[2026-09-09T04:16:00.216+0000] {processor.py:161} INFO - Started process (PID=6485) to work on /opt/airflow/dags/maritime_intelligence_pipeline.py
[2026-09-09T04:16:00.219+0000] {processor.py:830} INFO - Processing file /opt/airflow/dags/maritime_intelligence_pipeline.py for tasks to queue
[2026-09-09T04:16:00.226+0000] {logging_mixin.py:188} INFO - [2026-09-09T04:16:00.225+0000] {dagbag.py:545} INFO - Filling up the DagBag from /opt/airflow/dags/maritime_intelligence_pipeline.py
[2026-09-09T04:16:00.344+0000] {processor.py:840} INFO - DAG(s) 'maritime_intelligence_pipeline' retrieved from /opt/airflow/dags/maritime_intelligence_pipeline.py
[2026-09-09T04:16:00.988+0000] {logging_mixin.py:188} INFO - [2026-09-09T04:16:00.987+0000] {dag.py:3089} INFO - Sync 1 DAGs
[2026-09-09T04:16:01.139+0000] {logging_mixin.py:188} INFO - [2026-09-09T04:16:01.139+0000] {dag.py:3947} INFO - Setting next_dagrun for maritime_intelligence_pipeline to 2026-09-08 00:00:00+00:00, run_after=2026-09-09 00:00:00+00:00
[2026-09-09T04:16:01.231+0000] {processor.py:183} INFO - Processing /opt/airflow/dags/maritime_intelligence_pipeline.py took 1.054 seconds
[2026-09-09T04:16:32.132+0000] {processor.py:161} INFO - Started process (PID=6490) to work on /opt/airflow/dags/maritime_intelligence_pipeline.py
[2026-09-09T04:16:32.198+0000] {processor.py:830} INFO - Processing file /opt/airflow/dags/maritime_intelligence_pipeline.py for tasks to queue
[2026-09-09T04:16:32.204+0000] {logging_mixin.py:188} INFO - [2026-09-09T04:16:32.203+0000] {dagbag.py:545} INFO - Filling up the DagBag from /opt/airflow/dags/maritime_intelligence_pipeline.py
[2026-09-09T04:16:32.606+0000] {processor.py:840} INFO - DAG(s) 'maritime_intelligence_pipeline' retrieved from /opt/airflow/dags/maritime_intelligence_pipeline.py
[2026-09-09T04:16:32.682+0000] {logging_mixin.py:188} INFO - [2026-09-09T04:16:32.681+0000] {dag.py:3089} INFO - Sync 1 DAGs
[2026-09-09T04:16:32.781+0000] {logging_mixin.py:188} INFO - [2026-09-09T04:16:32.780+0000] {dag.py:3947} INFO - Setting next_dagrun for maritime_intelligence_pipeline to 2026-09-08 00:00:00+00:00, run_after=2026-09-09 00:00:00+00:00
[2026-09-09T04:16:32.835+0000] {processor.py:183} INFO - Processing /opt/airflow/dags/maritime_intelligence_pipeline.py took 1.211 seconds
[2026-09-09T04:17:04.140+0000] {processor.py:161} INFO - Started process (PID=6495) to work on /opt/airflow/dags/maritime_intelligence_pipeline.py
[2026-09-09T04:17:04.154+0000] {processor.py:830} INFO - Processing file /opt/airflow/dags/maritime_intelligence_pipeline.py for tasks to queue
[2026-09-09T04:17:04.251+0000] {logging_mixin.py:188} INFO - [2026-09-09T04:17:04.250+0000] {dagbag.py:545} INFO - Filling up the DagBag from /opt/airflow/dags/maritime_intelligence_pipeline.py
[2026-09-09T04:17:05.291+0000] {processor.py:840} INFO - DAG(s) 'maritime_intelligence_pipeline' retrieved from /opt/airflow/dags/maritime_intelligence_pipeline.py
[2026-09-09T04:17:05.675+0000] {logging_mixin.py:188} INFO - [2026-09-09T04:17:05.674+0000] {dag.py:3089} INFO - Sync 1 DAGs
[2026-09-09T04:17:05.821+0000] {logging_mixin.py:188} INFO - [2026-09-09T04:17:05.821+0000] {dag.py:3947} INFO - Setting next_dagrun for maritime_intelligence_pipeline to 2026-09-08 00:00:00+00:00, run_after=2026-09-09 00:00:00+00:00
[2026-09-09T04:17:05.874+0000] {processor.py:183} INFO - Processing /opt/airflow/dags/maritime_intelligence_pipeline.py took 2.111 seconds
[2026-09-09T04:17:36.430+0000] {processor.py:161} INFO - Started process (PID=6500) to work on /opt/airflow/dags/maritime_intelligence_pipeline.py
[2026-09-09T04:17:36.433+0000] {processor.py:830} INFO - Processing file /opt/airflow/dags/maritime_intelligence_pipeline.py for tasks to queue
[2026-09-09T04:17:36.513+0000] {logging_mixin.py:188} INFO - [2026-09-09T04:17:36.441+0000] {dagbag.py:545} INFO - Filling up the DagBag from /opt/airflow/dags/maritime_intelligence_pipeline.py
[2026-09-09T04:17:37.099+0000] {processor.py:840} INFO - DAG(s) 'maritime_intelligence_pipeline' retrieved from /opt/airflow/dags/maritime_intelligence_pipeline.py
[2026-09-09T04:17:37.248+0000] {logging_mixin.py:188} INFO - [2026-09-09T04:17:37.248+0000] {dag.py:3089} INFO - Sync 1 DAGs
[2026-09-09T04:17:37.637+0000] {logging_mixin.py:188} INFO - [2026-09-09T04:17:37.637+0000] {dag.py:3947} INFO - Setting next_dagrun for maritime_intelligence_pipeline to 2026-09-08 00:00:00+00:00, run_after=2026-09-09 00:00:00+00:00
[2026-09-09T04:17:37.823+0000] {processor.py:183} INFO - Processing /opt/airflow/dags/maritime_intelligence_pipeline.py took 1.410 seconds
[2026-09-09T04:18:09.312+0000] {processor.py:161} INFO - Started process (PID=6505) to work on /opt/airflow/dags/maritime_intelligence_pipeline.py
[2026-09-09T04:18:09.315+0000] {processor.py:830} INFO - Processing file /opt/airflow/dags/maritime_intelligence_pipeline.py for tasks to queue
[2026-09-09T04:18:09.322+0000] {logging_mixin.py:188} INFO - [2026-09-09T04:18:09.322+0000] {dagbag.py:545} INFO - Filling up the DagBag from /opt/airflow/dags/maritime_intelligence_pipeline.py
[2026-09-09T04:18:09.529+0000] {processor.py:840} INFO - DAG(s) 'maritime_intelligence_pipeline' retrieved from /opt/airflow/dags/maritime_intelligence_pipeline.py
[2026-09-09T04:18:09.787+0000] {logging_mixin.py:188} INFO - [2026-09-09T04:18:09.787+0000] {dag.py:3089} INFO - Sync 1 DAGs
[2026-09-09T04:18:09.887+0000] {logging_mixin.py:188} INFO - [2026-09-09T04:18:09.887+0000] {dag.py:3947} INFO - Setting next_dagrun for maritime_intelligence_pipeline to 2026-09-08 00:00:00+00:00, run_after=2026-09-09 00:00:00+00:00
[2026-09-09T04:18:09.941+0000] {processor.py:183} INFO - Processing /opt/airflow/dags/maritime_intelligence_pipeline.py took 0.647 seconds
[2026-09-09T04:18:40.284+0000] {processor.py:161} INFO - Started process (PID=6510) to work on /opt/airflow/dags/maritime_intelligence_pipeline.py
[2026-09-09T04:18:40.287+0000] {processor.py:830} INFO - Processing file /opt/airflow/dags/maritime_intelligence_pipeline.py for tasks to queue
[2026-09-09T04:18:40.295+0000] {logging_mixin.py:188} INFO - [2026-09-09T04:18:40.294+0000] {dagbag.py:545} INFO - Filling up the DagBag from /opt/airflow/dags/maritime_intelligence_pipeline.py
[2026-09-09T04:18:40.538+0000] {processor.py:840} INFO - DAG(s) 'maritime_intelligence_pipeline' retrieved from /opt/airflow/dags/maritime_intelligence_pipeline.py
[2026-09-09T04:18:40.610+0000] {logging_mixin.py:188} INFO - [2026-09-09T04:18:40.610+0000] {dag.py:3089} INFO - Sync 1 DAGs
[2026-09-09T04:18:40.669+0000] {logging_mixin.py:188} INFO - [2026-09-09T04:18:40.668+0000] {dag.py:3947} INFO - Setting next_dagrun for maritime_intelligence_pipeline to 2026-09-08 00:00:00+00:00, run_after=2026-09-09 00:00:00+00:00
[2026-09-09T04:18:40.714+0000] {processor.py:183} INFO - Processing /opt/airflow/dags/maritime_intelligence_pipeline.py took 0.445 seconds
[2026-09-09T04:19:11.398+0000] {processor.py:161} INFO - Started process (PID=6515) to work on /opt/airflow/dags/maritime_intelligence_pipeline.py
[2026-09-09T04:19:11.580+0000] {processor.py:830} INFO - Processing file /opt/airflow/dags/maritime_intelligence_pipeline.py for tasks to queue
[2026-09-09T04:19:11.875+0000] {logging_mixin.py:188} INFO - [2026-09-09T04:19:11.871+0000] {dagbag.py:545} INFO - Filling up the DagBag from /opt/airflow/dags/maritime_intelligence_pipeline.py
[2026-09-09T04:19:11.985+0000] {processor.py:840} INFO - DAG(s) 'maritime_intelligence_pipeline' retrieved from /opt/airflow/dags/maritime_intelligence_pipeline.py
[2026-09-09T04:19:12.048+0000] {logging_mixin.py:188} INFO - [2026-09-09T04:19:12.048+0000] {dag.py:3089} INFO - Sync 1 DAGs
[2026-09-09T04:19:12.128+0000] {logging_mixin.py:188} INFO - [2026-09-09T04:19:12.127+0000] {dag.py:3947} INFO - Setting next_dagrun for maritime_intelligence_pipeline to 2026-09-08 00:00:00+00:00, run_after=2026-09-09 00:00:00+00:00
[2026-09-09T04:19:12.283+0000] {processor.py:183} INFO - Processing /opt/airflow/dags/maritime_intelligence_pipeline.py took 1.142 seconds
[2026-09-09T04:19:42.455+0000] {processor.py:161} INFO - Started process (PID=6520) to work on /opt/airflow/dags/maritime_intelligence_pipeline.py
[2026-09-09T04:19:42.488+0000] {processor.py:830} INFO - Processing file /opt/airflow/dags/maritime_intelligence_pipeline.py for tasks to queue
[2026-09-09T04:19:42.493+0000] {logging_mixin.py:188} INFO - [2026-09-09T04:19:42.492+0000] {dagbag.py:545} INFO - Filling up the DagBag from /opt/airflow/dags/maritime_intelligence_pipeline.py
[2026-09-09T04:19:42.566+0000] {processor.py:840} INFO - DAG(s) 'maritime_intelligence_pipeline' retrieved from /opt/airflow/dags/maritime_intelligence_pipeline.py
[2026-09-09T04:19:43.207+0000] {logging_mixin.py:188} INFO - [2026-09-09T04:19:43.207+0000] {dag.py:3089} INFO - Sync 1 DAGs
[2026-09-09T04:19:43.448+0000] {logging_mixin.py:188} INFO - [2026-09-09T04:19:43.448+0000] {dag.py:3947} INFO - Setting next_dagrun for maritime_intelligence_pipeline to 2026-09-08 00:00:00+00:00, run_after=2026-09-09 00:00:00+00:00
[2026-09-09T04:19:43.486+0000] {processor.py:183} INFO - Processing /opt/airflow/dags/maritime_intelligence_pipeline.py took 1.049 seconds
[2026-09-09T04:20:13.998+0000] {processor.py:161} INFO - Started process (PID=6525) to work on /opt/airflow/dags/maritime_intelligence_pipeline.py
[2026-09-09T04:20:14.002+0000] {processor.py:830} INFO - Processing file /opt/airflow/dags/maritime_intelligence_pipeline.py for tasks to queue
[2026-09-09T04:20:14.318+0000] {logging_mixin.py:188} INFO - [2026-09-09T04:20:14.317+0000] {dagbag.py:545} INFO - Filling up the DagBag from /opt/airflow/dags/maritime_intelligence_pipeline.py
[2026-09-09T04:20:14.413+0000] {processor.py:840} INFO - DAG(s) 'maritime_intelligence_pipeline' retrieved from /opt/airflow/dags/maritime_intelligence_pipeline.py
[2026-09-09T04:20:14.638+0000] {logging_mixin.py:188} INFO - [2026-09-09T04:20:14.638+0000] {dag.py:3089} INFO - Sync 1 DAGs
[2026-09-09T04:20:14.713+0000] {logging_mixin.py:188} INFO - [2026-09-09T04:20:14.713+0000] {dag.py:3947} INFO - Setting next_dagrun for maritime_intelligence_pipeline to 2026-09-08 00:00:00+00:00, run_after=2026-09-09 00:00:00+00:00
[2026-09-09T04:20:14.784+0000] {processor.py:183} INFO - Processing /opt/airflow/dags/maritime_intelligence_pipeline.py took 0.835 seconds
[2026-09-09T04:20:45.693+0000] {processor.py:161} INFO - Started process (PID=6530) to work on /opt/airflow/dags/maritime_intelligence_pipeline.py
[2026-09-09T04:20:45.696+0000] {processor.py:830} INFO - Processing file /opt/airflow/dags/maritime_intelligence_pipeline.py for tasks to queue
[2026-09-09T04:20:45.700+0000] {logging_mixin.py:188} INFO - [2026-09-09T04:20:45.699+0000] {dagbag.py:545} INFO - Filling up the DagBag from /opt/airflow/dags/maritime_intelligence_pipeline.py
[2026-09-09T04:20:45.741+0000] {processor.py:840} INFO - DAG(s) 'maritime_intelligence_pipeline' retrieved from /opt/airflow/dags/maritime_intelligence_pipeline.py
[2026-09-09T04:20:45.786+0000] {logging_mixin.py:188} INFO - [2026-09-09T04:20:45.786+0000] {dag.py:3089} INFO - Sync 1 DAGs
[2026-09-09T04:20:45.819+0000] {logging_mixin.py:188} INFO - [2026-09-09T04:20:45.819+0000] {dag.py:3947} INFO - Setting next_dagrun for maritime_intelligence_pipeline to 2026-09-08 00:00:00+00:00, run_after=2026-09-09 00:00:00+00:00
[2026-09-09T04:20:45.849+0000] {processor.py:183} INFO - Processing /opt/airflow/dags/maritime_intelligence_pipeline.py took 0.164 seconds
[2026-09-09T04:21:16.307+0000] {processor.py:161} INFO - Started process (PID=6535) to work on /opt/airflow/dags/maritime_intelligence_pipeline.py
[2026-09-09T04:21:16.310+0000] {processor.py:830} INFO - Processing file /opt/airflow/dags/maritime_intelligence_pipeline.py for tasks to queue
[2026-09-09T04:21:16.315+0000] {logging_mixin.py:188} INFO - [2026-09-09T04:21:16.315+0000] {dagbag.py:545} INFO - Filling up the DagBag from /opt/airflow/dags/maritime_intelligence_pipeline.py
[2026-09-09T04:21:16.368+0000] {processor.py:840} INFO - DAG(s) 'maritime_intelligence_pipeline' retrieved from /opt/airflow/dags/maritime_intelligence_pipeline.py
[2026-09-09T04:21:16.428+0000] {logging_mixin.py:188} INFO - [2026-09-09T04:21:16.428+0000] {dag.py:3089} INFO - Sync 1 DAGs
[2026-09-09T04:21:16.470+0000] {logging_mixin.py:188} INFO - [2026-09-09T04:21:16.470+0000] {dag.py:3947} INFO - Setting next_dagrun for maritime_intelligence_pipeline to 2026-09-08 00:00:00+00:00, run_after=2026-09-09 00:00:00+00:00
[2026-09-09T04:21:16.510+0000] {processor.py:183} INFO - Processing /opt/airflow/dags/maritime_intelligence_pipeline.py took 0.220 seconds
[2026-09-09T04:21:47.235+0000] {processor.py:161} INFO - Started process (PID=6540) to work on /opt/airflow/dags/maritime_intelligence_pipeline.py
[2026-09-09T04:21:47.239+0000] {processor.py:830} INFO - Processing file /opt/airflow/dags/maritime_intelligence_pipeline.py for tasks to queue
[2026-09-09T04:21:47.246+0000] {logging_mixin.py:188} INFO - [2026-09-09T04:21:47.245+0000] {dagbag.py:545} INFO - Filling up the DagBag from /opt/airflow/dags/maritime_intelligence_pipeline.py
[2026-09-09T04:21:47.296+0000] {processor.py:840} INFO - DAG(s) 'maritime_intelligence_pipeline' retrieved from /opt/airflow/dags/maritime_intelligence_pipeline.py
[2026-09-09T04:21:47.351+0000] {logging_mixin.py:188} INFO - [2026-09-09T04:21:47.351+0000] {dag.py:3089} INFO - Sync 1 DAGs
[2026-09-09T04:21:47.400+0000] {logging_mixin.py:188} INFO - [2026-09-09T04:21:47.399+0000] {dag.py:3947} INFO - Setting next_dagrun for maritime_intelligence_pipeline to 2026-09-08 00:00:00+00:00, run_after=2026-09-09 00:00:00+00:00
[2026-09-09T04:21:47.444+0000] {processor.py:183} INFO - Processing /opt/airflow/dags/maritime_intelligence_pipeline.py took 0.224 seconds
[2026-09-09T04:22:17.547+0000] {processor.py:161} INFO - Started process (PID=6545) to work on /opt/airflow/dags/maritime_intelligence_pipeline.py
[2026-09-09T04:22:17.549+0000] {processor.py:830} INFO - Processing file /opt/airflow/dags/maritime_intelligence_pipeline.py for tasks to queue
[2026-09-09T04:22:17.553+0000] {logging_mixin.py:188} INFO - [2026-09-09T04:22:17.552+0000] {dagbag.py:545} INFO - Filling up the DagBag from /opt/airflow/dags/maritime_intelligence_pipeline.py
[2026-09-09T04:22:17.592+0000] {processor.py:840} INFO - DAG(s) 'maritime_intelligence_pipeline' retrieved from /opt/airflow/dags/maritime_intelligence_pipeline.py
[2026-09-09T04:22:17.636+0000] {logging_mixin.py:188} INFO - [2026-09-09T04:22:17.636+0000] {dag.py:3089} INFO - Sync 1 DAGs
[2026-09-09T04:22:17.673+0000] {logging_mixin.py:188} INFO - [2026-09-09T04:22:17.673+0000] {dag.py:3947} INFO - Setting next_dagrun for maritime_intelligence_pipeline to 2026-09-08 00:00:00+00:00, run_after=2026-09-09 00:00:00+00:00
[2026-09-09T04:22:17.703+0000] {processor.py:183} INFO - Processing /opt/airflow/dags/maritime_intelligence_pipeline.py took 0.166 seconds
[2026-09-09T04:22:48.002+0000] {processor.py:161} INFO - Started process (PID=6550) to work on /opt/airflow/dags/maritime_intelligence_pipeline.py
[2026-09-09T04:22:48.005+0000] {processor.py:830} INFO - Processing file /opt/airflow/dags/maritime_intelligence_pipeline.py for tasks to queue
[2026-09-09T04:22:48.009+0000] {logging_mixin.py:188} INFO - [2026-09-09T04:22:48.008+0000] {dagbag.py:545} INFO - Filling up the DagBag from /opt/airflow/dags/maritime_intelligence_pipeline.py
[2026-09-09T04:22:48.049+0000] {processor.py:840} INFO - DAG(s) 'maritime_intelligence_pipeline' retrieved from /opt/airflow/dags/maritime_intelligence_pipeline.py
[2026-09-09T04:22:48.095+0000] {logging_mixin.py:188} INFO - [2026-09-09T04:22:48.095+0000] {dag.py:3089} INFO - Sync 1 DAGs
[2026-09-09T04:22:48.130+0000] {logging_mixin.py:188} INFO - [2026-09-09T04:22:48.130+0000] {dag.py:3947} INFO - Setting next_dagrun for maritime_intelligence_pipeline to 2026-09-08 00:00:00+00:00, run_after=2026-09-09 00:00:00+00:00
[2026-09-09T04:22:48.162+0000] {processor.py:183} INFO - Processing /opt/airflow/dags/maritime_intelligence_pipeline.py took 0.169 seconds
[2026-09-09T04:23:18.560+0000] {processor.py:161} INFO - Started process (PID=6555) to work on /opt/airflow/dags/maritime_intelligence_pipeline.py
[2026-09-09T04:23:18.563+0000] {processor.py:830} INFO - Processing file /opt/airflow/dags/maritime_intelligence_pipeline.py for tasks to queue
[2026-09-09T04:23:18.567+0000] {logging_mixin.py:188} INFO - [2026-09-09T04:23:18.566+0000] {dagbag.py:545} INFO - Filling up the DagBag from /opt/airflow/dags/maritime_intelligence_pipeline.py
[2026-09-09T04:23:18.612+0000] {processor.py:840} INFO - DAG(s) 'maritime_intelligence_pipeline' retrieved from /opt/airflow/dags/maritime_intelligence_pipeline.py
[2026-09-09T04:23:18.672+0000] {logging_mixin.py:188} INFO - [2026-09-09T04:23:18.672+0000] {dag.py:3089} INFO - Sync 1 DAGs
[2026-09-09T04:23:18.725+0000] {logging_mixin.py:188} INFO - [2026-09-09T04:23:18.724+0000] {dag.py:3947} INFO - Setting next_dagrun for maritime_intelligence_pipeline to 2026-09-08 00:00:00+00:00, run_after=2026-09-09 00:00:00+00:00
[2026-09-09T04:23:18.763+0000] {processor.py:183} INFO - Processing /opt/airflow/dags/maritime_intelligence_pipeline.py took 0.217 seconds
[2026-09-09T04:23:49.059+0000] {processor.py:161} INFO - Started process (PID=6560) to work on /opt/airflow/dags/maritime_intelligence_pipeline.py
[2026-09-09T04:23:49.061+0000] {processor.py:830} INFO - Processing file /opt/airflow/dags/maritime_intelligence_pipeline.py for tasks to queue
[2026-09-09T04:23:49.065+0000] {logging_mixin.py:188} INFO - [2026-09-09T04:23:49.065+0000] {dagbag.py:545} INFO - Filling up the DagBag from /opt/airflow/dags/maritime_intelligence_pipeline.py
[2026-09-09T04:23:49.104+0000] {processor.py:840} INFO - DAG(s) 'maritime_intelligence_pipeline' retrieved from /opt/airflow/dags/maritime_intelligence_pipeline.py
[2026-09-09T04:23:49.157+0000] {logging_mixin.py:188} INFO - [2026-09-09T04:23:49.156+0000] {dag.py:3089} INFO - Sync 1 DAGs
[2026-09-09T04:23:49.204+0000] {logging_mixin.py:188} INFO - [2026-09-09T04:23:49.204+0000] {dag.py:3947} INFO - Setting next_dagrun for maritime_intelligence_pipeline to 2026-09-08 00:00:00+00:00, run_after=2026-09-09 00:00:00+00:00
[2026-09-09T04:23:49.239+0000] {processor.py:183} INFO - Processing /opt/airflow/dags/maritime_intelligence_pipeline.py took 0.193 seconds
[2026-09-09T04:24:19.378+0000] {processor.py:161} INFO - Started process (PID=6565) to work on /opt/airflow/dags/maritime_intelligence_pipeline.py
[2026-09-09T04:24:19.380+0000] {processor.py:830} INFO - Processing file /opt/airflow/dags/maritime_intelligence_pipeline.py for tasks to queue
[2026-09-09T04:24:19.386+0000] {logging_mixin.py:188} INFO - [2026-09-09T04:24:19.385+0000] {dagbag.py:545} INFO - Filling up the DagBag from /opt/airflow/dags/maritime_intelligence_pipeline.py
[2026-09-09T04:24:19.447+0000] {processor.py:840} INFO - DAG(s) 'maritime_intelligence_pipeline' retrieved from /opt/airflow/dags/maritime_intelligence_pipeline.py
[2026-09-09T04:24:19.497+0000] {logging_mixin.py:188} INFO - [2026-09-09T04:24:19.497+0000] {dag.py:3089} INFO - Sync 1 DAGs
[2026-09-09T04:24:19.550+0000] {logging_mixin.py:188} INFO - [2026-09-09T04:24:19.550+0000] {dag.py:3947} INFO - Setting next_dagrun for maritime_intelligence_pipeline to 2026-09-08 00:00:00+00:00, run_after=2026-09-09 00:00:00+00:00
[2026-09-09T04:24:19.590+0000] {processor.py:183} INFO - Processing /opt/airflow/dags/maritime_intelligence_pipeline.py took 0.232 seconds
[2026-09-09T04:24:50.473+0000] {processor.py:161} INFO - Started process (PID=6570) to work on /opt/airflow/dags/maritime_intelligence_pipeline.py
[2026-09-09T04:24:50.533+0000] {processor.py:830} INFO - Processing file /opt/airflow/dags/maritime_intelligence_pipeline.py for tasks to queue
[2026-09-09T04:24:50.543+0000] {logging_mixin.py:188} INFO - [2026-09-09T04:24:50.542+0000] {dagbag.py:545} INFO - Filling up the DagBag from /opt/airflow/dags/maritime_intelligence_pipeline.py
[2026-09-09T04:24:50.639+0000] {processor.py:840} INFO - DAG(s) 'maritime_intelligence_pipeline' retrieved from /opt/airflow/dags/maritime_intelligence_pipeline.py
[2026-09-09T04:24:50.908+0000] {logging_mixin.py:188} INFO - [2026-09-09T04:24:50.907+0000] {dag.py:3089} INFO - Sync 1 DAGs
[2026-09-09T04:24:51.031+0000] {logging_mixin.py:188} INFO - [2026-09-09T04:24:51.030+0000] {dag.py:3947} INFO - Setting next_dagrun for maritime_intelligence_pipeline to 2026-09-08 00:00:00+00:00, run_after=2026-09-09 00:00:00+00:00
[2026-09-09T04:24:51.149+0000] {processor.py:183} INFO - Processing /opt/airflow/dags/maritime_intelligence_pipeline.py took 0.738 seconds
[2026-09-09T04:25:22.261+0000] {processor.py:161} INFO - Started process (PID=6575) to work on /opt/airflow/dags/maritime_intelligence_pipeline.py
[2026-09-09T04:25:22.264+0000] {processor.py:830} INFO - Processing file /opt/airflow/dags/maritime_intelligence_pipeline.py for tasks to queue
[2026-09-09T04:25:22.270+0000] {logging_mixin.py:188} INFO - [2026-09-09T04:25:22.270+0000] {dagbag.py:545} INFO - Filling up the DagBag from /opt/airflow/dags/maritime_intelligence_pipeline.py
[2026-09-09T04:25:22.453+0000] {processor.py:840} INFO - DAG(s) 'maritime_intelligence_pipeline' retrieved from /opt/airflow/dags/maritime_intelligence_pipeline.py
[2026-09-09T04:25:22.659+0000] {logging_mixin.py:188} INFO - [2026-09-09T04:25:22.658+0000] {dag.py:3089} INFO - Sync 1 DAGs
[2026-09-09T04:25:22.765+0000] {logging_mixin.py:188} INFO - [2026-09-09T04:25:22.763+0000] {dag.py:3947} INFO - Setting next_dagrun for maritime_intelligence_pipeline to 2026-09-08 00:00:00+00:00, run_after=2026-09-09 00:00:00+00:00
[2026-09-09T04:25:22.848+0000] {processor.py:183} INFO - Processing /opt/airflow/dags/maritime_intelligence_pipeline.py took 0.716 seconds
[2026-09-09T04:25:53.430+0000] {processor.py:161} INFO - Started process (PID=6580) to work on /opt/airflow/dags/maritime_intelligence_pipeline.py
[2026-09-09T04:25:53.435+0000] {processor.py:830} INFO - Processing file /opt/airflow/dags/maritime_intelligence_pipeline.py for tasks to queue
[2026-09-09T04:25:53.446+0000] {logging_mixin.py:188} INFO - [2026-09-09T04:25:53.446+0000] {dagbag.py:545} INFO - Filling up the DagBag from /opt/airflow/dags/maritime_intelligence_pipeline.py
[2026-09-09T04:25:53.544+0000] {processor.py:840} INFO - DAG(s) 'maritime_intelligence_pipeline' retrieved from /opt/airflow/dags/maritime_intelligence_pipeline.py
[2026-09-09T04:25:53.655+0000] {logging_mixin.py:188} INFO - [2026-09-09T04:25:53.654+0000] {dag.py:3089} INFO - Sync 1 DAGs
[2026-09-09T04:25:53.942+0000] {logging_mixin.py:188} INFO - [2026-09-09T04:25:53.941+0000] {dag.py:3947} INFO - Setting next_dagrun for maritime_intelligence_pipeline to 2026-09-08 00:00:00+00:00, run_after=2026-09-09 00:00:00+00:00
[2026-09-09T04:25:54.018+0000] {processor.py:183} INFO - Processing /opt/airflow/dags/maritime_intelligence_pipeline.py took 0.717 seconds
[2026-09-09T04:26:24.313+0000] {processor.py:161} INFO - Started process (PID=6585) to work on /opt/airflow/dags/maritime_intelligence_pipeline.py
[2026-09-09T04:26:24.316+0000] {processor.py:830} INFO - Processing file /opt/airflow/dags/maritime_intelligence_pipeline.py for tasks to queue
[2026-09-09T04:26:24.321+0000] {logging_mixin.py:188} INFO - [2026-09-09T04:26:24.320+0000] {dagbag.py:545} INFO - Filling up the DagBag from /opt/airflow/dags/maritime_intelligence_pipeline.py
[2026-09-09T04:26:24.359+0000] {processor.py:840} INFO - DAG(s) 'maritime_intelligence_pipeline' retrieved from /opt/airflow/dags/maritime_intelligence_pipeline.py
[2026-09-09T04:26:24.440+0000] {logging_mixin.py:188} INFO - [2026-09-09T04:26:24.440+0000] {dag.py:3089} INFO - Sync 1 DAGs
[2026-09-09T04:26:24.522+0000] {logging_mixin.py:188} INFO - [2026-09-09T04:26:24.522+0000] {dag.py:3947} INFO - Setting next_dagrun for maritime_intelligence_pipeline to 2026-09-08 00:00:00+00:00, run_after=2026-09-09 00:00:00+00:00
[2026-09-09T04:26:24.559+0000] {processor.py:183} INFO - Processing /opt/airflow/dags/maritime_intelligence_pipeline.py took 0.261 seconds
[2026-09-09T04:26:56.596+0000] {processor.py:161} INFO - Started process (PID=6590) to work on /opt/airflow/dags/maritime_intelligence_pipeline.py
[2026-09-09T04:26:56.730+0000] {processor.py:830} INFO - Processing file /opt/airflow/dags/maritime_intelligence_pipeline.py for tasks to queue
[2026-09-09T04:26:57.043+0000] {logging_mixin.py:188} INFO - [2026-09-09T04:26:56.868+0000] {dagbag.py:545} INFO - Filling up the DagBag from /opt/airflow/dags/maritime_intelligence_pipeline.py
[2026-09-09T04:26:57.532+0000] {processor.py:840} INFO - DAG(s) 'maritime_intelligence_pipeline' retrieved from /opt/airflow/dags/maritime_intelligence_pipeline.py
[2026-09-09T04:26:58.370+0000] {logging_mixin.py:188} INFO - [2026-09-09T04:26:58.369+0000] {dag.py:3089} INFO - Sync 1 DAGs
[2026-09-09T04:26:58.449+0000] {logging_mixin.py:188} INFO - [2026-09-09T04:26:58.448+0000] {dag.py:3947} INFO - Setting next_dagrun for maritime_intelligence_pipeline to 2026-09-08 00:00:00+00:00, run_after=2026-09-09 00:00:00+00:00
[2026-09-09T04:26:58.505+0000] {processor.py:183} INFO - Processing /opt/airflow/dags/maritime_intelligence_pipeline.py took 2.518 seconds
[2026-09-09T04:27:29.092+0000] {processor.py:161} INFO - Started process (PID=6595) to work on /opt/airflow/dags/maritime_intelligence_pipeline.py
[2026-09-09T04:27:29.096+0000] {processor.py:830} INFO - Processing file /opt/airflow/dags/maritime_intelligence_pipeline.py for tasks to queue
[2026-09-09T04:27:29.183+0000] {logging_mixin.py:188} INFO - [2026-09-09T04:27:29.183+0000] {dagbag.py:545} INFO - Filling up the DagBag from /opt/airflow/dags/maritime_intelligence_pipeline.py
[2026-09-09T04:27:29.701+0000] {processor.py:840} INFO - DAG(s) 'maritime_intelligence_pipeline' retrieved from /opt/airflow/dags/maritime_intelligence_pipeline.py
[2026-09-09T04:27:30.081+0000] {logging_mixin.py:188} INFO - [2026-09-09T04:27:30.081+0000] {dag.py:3089} INFO - Sync 1 DAGs
[2026-09-09T04:27:30.321+0000] {logging_mixin.py:188} INFO - [2026-09-09T04:27:30.320+0000] {dag.py:3947} INFO - Setting next_dagrun for maritime_intelligence_pipeline to 2026-09-08 00:00:00+00:00, run_after=2026-09-09 00:00:00+00:00
[2026-09-09T04:27:30.367+0000] {processor.py:183} INFO - Processing /opt/airflow/dags/maritime_intelligence_pipeline.py took 1.373 seconds
[2026-09-09T04:28:01.006+0000] {processor.py:161} INFO - Started process (PID=6600) to work on /opt/airflow/dags/maritime_intelligence_pipeline.py
[2026-09-09T04:28:01.009+0000] {processor.py:830} INFO - Processing file /opt/airflow/dags/maritime_intelligence_pipeline.py for tasks to queue
[2026-09-09T04:28:01.020+0000] {logging_mixin.py:188} INFO - [2026-09-09T04:28:01.018+0000] {dagbag.py:545} INFO - Filling up the DagBag from /opt/airflow/dags/maritime_intelligence_pipeline.py
[2026-09-09T04:28:01.065+0000] {processor.py:840} INFO - DAG(s) 'maritime_intelligence_pipeline' retrieved from /opt/airflow/dags/maritime_intelligence_pipeline.py
[2026-09-09T04:28:01.218+0000] {logging_mixin.py:188} INFO - [2026-09-09T04:28:01.217+0000] {dag.py:3089} INFO - Sync 1 DAGs
[2026-09-09T04:28:01.266+0000] {logging_mixin.py:188} INFO - [2026-09-09T04:28:01.265+0000] {dag.py:3947} INFO - Setting next_dagrun for maritime_intelligence_pipeline to 2026-09-08 00:00:00+00:00, run_after=2026-09-09 00:00:00+00:00
[2026-09-09T04:28:01.309+0000] {processor.py:183} INFO - Processing /opt/airflow/dags/maritime_intelligence_pipeline.py took 0.319 seconds
[2026-09-09T04:28:31.557+0000] {processor.py:161} INFO - Started process (PID=6605) to work on /opt/airflow/dags/maritime_intelligence_pipeline.py
[2026-09-09T04:28:31.565+0000] {processor.py:830} INFO - Processing file /opt/airflow/dags/maritime_intelligence_pipeline.py for tasks to queue
[2026-09-09T04:28:31.578+0000] {logging_mixin.py:188} INFO - [2026-09-09T04:28:31.576+0000] {dagbag.py:545} INFO - Filling up the DagBag from /opt/airflow/dags/maritime_intelligence_pipeline.py
[2026-09-09T04:28:31.706+0000] {processor.py:840} INFO - DAG(s) 'maritime_intelligence_pipeline' retrieved from /opt/airflow/dags/maritime_intelligence_pipeline.py
[2026-09-09T04:28:31.814+0000] {logging_mixin.py:188} INFO - [2026-09-09T04:28:31.814+0000] {dag.py:3089} INFO - Sync 1 DAGs
[2026-09-09T04:28:31.910+0000] {logging_mixin.py:188} INFO - [2026-09-09T04:28:31.909+0000] {dag.py:3947} INFO - Setting next_dagrun for maritime_intelligence_pipeline to 2026-09-08 00:00:00+00:00, run_after=2026-09-09 00:00:00+00:00
[2026-09-09T04:28:32.010+0000] {processor.py:183} INFO - Processing /opt/airflow/dags/maritime_intelligence_pipeline.py took 0.495 seconds
[2026-09-09T04:29:02.322+0000] {processor.py:161} INFO - Started process (PID=6610) to work on /opt/airflow/dags/maritime_intelligence_pipeline.py
[2026-09-09T04:29:02.325+0000] {processor.py:830} INFO - Processing file /opt/airflow/dags/maritime_intelligence_pipeline.py for tasks to queue
[2026-09-09T04:29:02.330+0000] {logging_mixin.py:188} INFO - [2026-09-09T04:29:02.330+0000] {dagbag.py:545} INFO - Filling up the DagBag from /opt/airflow/dags/maritime_intelligence_pipeline.py
[2026-09-09T04:29:02.379+0000] {processor.py:840} INFO - DAG(s) 'maritime_intelligence_pipeline' retrieved from /opt/airflow/dags/maritime_intelligence_pipeline.py
[2026-09-09T04:29:02.443+0000] {logging_mixin.py:188} INFO - [2026-09-09T04:29:02.443+0000] {dag.py:3089} INFO - Sync 1 DAGs
[2026-09-09T04:29:02.492+0000] {logging_mixin.py:188} INFO - [2026-09-09T04:29:02.492+0000] {dag.py:3947} INFO - Setting next_dagrun for maritime_intelligence_pipeline to 2026-09-08 00:00:00+00:00, run_after=2026-09-09 00:00:00+00:00
[2026-09-09T04:29:02.570+0000] {processor.py:183} INFO - Processing /opt/airflow/dags/maritime_intelligence_pipeline.py took 0.262 seconds
[2026-09-09T04:29:33.113+0000] {processor.py:161} INFO - Started process (PID=6615) to work on /opt/airflow/dags/maritime_intelligence_pipeline.py
[2026-09-09T04:29:33.235+0000] {processor.py:830} INFO - Processing file /opt/airflow/dags/maritime_intelligence_pipeline.py for tasks to queue
[2026-09-09T04:29:33.243+0000] {logging_mixin.py:188} INFO - [2026-09-09T04:29:33.242+0000] {dagbag.py:545} INFO - Filling up the DagBag from /opt/airflow/dags/maritime_intelligence_pipeline.py
[2026-09-09T04:29:33.289+0000] {processor.py:840} INFO - DAG(s) 'maritime_intelligence_pipeline' retrieved from /opt/airflow/dags/maritime_intelligence_pipeline.py
[2026-09-09T04:29:34.130+0000] {logging_mixin.py:188} INFO - [2026-09-09T04:29:34.130+0000] {dag.py:3089} INFO - Sync 1 DAGs
[2026-09-09T04:29:36.059+0000] {logging_mixin.py:188} INFO - [2026-09-09T04:29:36.058+0000] {dag.py:3947} INFO - Setting next_dagrun for maritime_intelligence_pipeline to 2026-09-08 00:00:00+00:00, run_after=2026-09-09 00:00:00+00:00
[2026-09-09T04:29:36.532+0000] {processor.py:183} INFO - Processing /opt/airflow/dags/maritime_intelligence_pipeline.py took 3.435 seconds
[2026-09-09T04:30:07.068+0000] {processor.py:161} INFO - Started process (PID=6620) to work on /opt/airflow/dags/maritime_intelligence_pipeline.py
[2026-09-09T04:30:07.070+0000] {processor.py:830} INFO - Processing file /opt/airflow/dags/maritime_intelligence_pipeline.py for tasks to queue
[2026-09-09T04:30:07.074+0000] {logging_mixin.py:188} INFO - [2026-09-09T04:30:07.073+0000] {dagbag.py:545} INFO - Filling up the DagBag from /opt/airflow/dags/maritime_intelligence_pipeline.py
[2026-09-09T04:30:07.115+0000] {processor.py:840} INFO - DAG(s) 'maritime_intelligence_pipeline' retrieved from /opt/airflow/dags/maritime_intelligence_pipeline.py
[2026-09-09T04:30:07.161+0000] {logging_mixin.py:188} INFO - [2026-09-09T04:30:07.160+0000] {dag.py:3089} INFO - Sync 1 DAGs
[2026-09-09T04:30:07.238+0000] {logging_mixin.py:188} INFO - [2026-09-09T04:30:07.238+0000] {dag.py:3947} INFO - Setting next_dagrun for maritime_intelligence_pipeline to 2026-09-08 00:00:00+00:00, run_after=2026-09-09 00:00:00+00:00
[2026-09-09T04:30:07.320+0000] {processor.py:183} INFO - Processing /opt/airflow/dags/maritime_intelligence_pipeline.py took 0.264 seconds
[2026-09-09T04:30:38.883+0000] {processor.py:161} INFO - Started process (PID=6625) to work on /opt/airflow/dags/maritime_intelligence_pipeline.py
[2026-09-09T04:30:38.886+0000] {processor.py:830} INFO - Processing file /opt/airflow/dags/maritime_intelligence_pipeline.py for tasks to queue
[2026-09-09T04:30:38.890+0000] {logging_mixin.py:188} INFO - [2026-09-09T04:30:38.890+0000] {dagbag.py:545} INFO - Filling up the DagBag from /opt/airflow/dags/maritime_intelligence_pipeline.py
[2026-09-09T04:30:39.287+0000] {processor.py:840} INFO - DAG(s) 'maritime_intelligence_pipeline' retrieved from /opt/airflow/dags/maritime_intelligence_pipeline.py
[2026-09-09T04:30:39.444+0000] {logging_mixin.py:188} INFO - [2026-09-09T04:30:39.443+0000] {dag.py:3089} INFO - Sync 1 DAGs
[2026-09-09T04:30:39.547+0000] {logging_mixin.py:188} INFO - [2026-09-09T04:30:39.546+0000] {dag.py:3947} INFO - Setting next_dagrun for maritime_intelligence_pipeline to 2026-09-08 00:00:00+00:00, run_after=2026-09-09 00:00:00+00:00
[2026-09-09T04:30:39.596+0000] {processor.py:183} INFO - Processing /opt/airflow/dags/maritime_intelligence_pipeline.py took 1.348 seconds
[2026-09-09T04:31:10.350+0000] {processor.py:161} INFO - Started process (PID=6630) to work on /opt/airflow/dags/maritime_intelligence_pipeline.py
[2026-09-09T04:31:10.390+0000] {processor.py:830} INFO - Processing file /opt/airflow/dags/maritime_intelligence_pipeline.py for tasks to queue
[2026-09-09T04:31:10.425+0000] {logging_mixin.py:188} INFO - [2026-09-09T04:31:10.424+0000] {dagbag.py:545} INFO - Filling up the DagBag from /opt/airflow/dags/maritime_intelligence_pipeline.py
[2026-09-09T04:31:10.611+0000] {processor.py:840} INFO - DAG(s) 'maritime_intelligence_pipeline' retrieved from /opt/airflow/dags/maritime_intelligence_pipeline.py
[2026-09-09T04:31:10.720+0000] {logging_mixin.py:188} INFO - [2026-09-09T04:31:10.720+0000] {dag.py:3089} INFO - Sync 1 DAGs
[2026-09-09T04:31:10.777+0000] {logging_mixin.py:188} INFO - [2026-09-09T04:31:10.777+0000] {dag.py:3947} INFO - Setting next_dagrun for maritime_intelligence_pipeline to 2026-09-08 00:00:00+00:00, run_after=2026-09-09 00:00:00+00:00
[2026-09-09T04:31:10.909+0000] {processor.py:183} INFO - Processing /opt/airflow/dags/maritime_intelligence_pipeline.py took 0.651 seconds
[2026-09-09T04:31:42.044+0000] {processor.py:161} INFO - Started process (PID=6635) to work on /opt/airflow/dags/maritime_intelligence_pipeline.py
[2026-09-09T04:31:42.049+0000] {processor.py:830} INFO - Processing file /opt/airflow/dags/maritime_intelligence_pipeline.py for tasks to queue
[2026-09-09T04:31:42.059+0000] {logging_mixin.py:188} INFO - [2026-09-09T04:31:42.058+0000] {dagbag.py:545} INFO - Filling up the DagBag from /opt/airflow/dags/maritime_intelligence_pipeline.py
[2026-09-09T04:31:42.358+0000] {processor.py:840} INFO - DAG(s) 'maritime_intelligence_pipeline' retrieved from /opt/airflow/dags/maritime_intelligence_pipeline.py
[2026-09-09T04:31:44.476+0000] {logging_mixin.py:188} INFO - [2026-09-09T04:31:44.476+0000] {dag.py:3089} INFO - Sync 1 DAGs
[2026-09-09T04:31:44.752+0000] {logging_mixin.py:188} INFO - [2026-09-09T04:31:44.752+0000] {dag.py:3947} INFO - Setting next_dagrun for maritime_intelligence_pipeline to 2026-09-08 00:00:00+00:00, run_after=2026-09-09 00:00:00+00:00
[2026-09-09T04:31:45.402+0000] {processor.py:183} INFO - Processing /opt/airflow/dags/maritime_intelligence_pipeline.py took 3.459 seconds
[2026-09-09T04:32:15.975+0000] {processor.py:161} INFO - Started process (PID=6640) to work on /opt/airflow/dags/maritime_intelligence_pipeline.py
[2026-09-09T04:32:15.978+0000] {processor.py:830} INFO - Processing file /opt/airflow/dags/maritime_intelligence_pipeline.py for tasks to queue
[2026-09-09T04:32:15.986+0000] {logging_mixin.py:188} INFO - [2026-09-09T04:32:15.985+0000] {dagbag.py:545} INFO - Filling up the DagBag from /opt/airflow/dags/maritime_intelligence_pipeline.py
[2026-09-09T04:32:16.075+0000] {processor.py:840} INFO - DAG(s) 'maritime_intelligence_pipeline' retrieved from /opt/airflow/dags/maritime_intelligence_pipeline.py
[2026-09-09T04:32:16.149+0000] {logging_mixin.py:188} INFO - [2026-09-09T04:32:16.148+0000] {dag.py:3089} INFO - Sync 1 DAGs
[2026-09-09T04:32:16.210+0000] {logging_mixin.py:188} INFO - [2026-09-09T04:32:16.209+0000] {dag.py:3947} INFO - Setting next_dagrun for maritime_intelligence_pipeline to 2026-09-08 00:00:00+00:00, run_after=2026-09-09 00:00:00+00:00
[2026-09-09T04:32:16.263+0000] {processor.py:183} INFO - Processing /opt/airflow/dags/maritime_intelligence_pipeline.py took 0.351 seconds
[2026-09-09T04:32:46.883+0000] {processor.py:161} INFO - Started process (PID=6645) to work on /opt/airflow/dags/maritime_intelligence_pipeline.py
[2026-09-09T04:32:46.886+0000] {processor.py:830} INFO - Processing file /opt/airflow/dags/maritime_intelligence_pipeline.py for tasks to queue
[2026-09-09T04:32:46.891+0000] {logging_mixin.py:188} INFO - [2026-09-09T04:32:46.890+0000] {dagbag.py:545} INFO - Filling up the DagBag from /opt/airflow/dags/maritime_intelligence_pipeline.py
[2026-09-09T04:32:46.940+0000] {processor.py:840} INFO - DAG(s) 'maritime_intelligence_pipeline' retrieved from /opt/airflow/dags/maritime_intelligence_pipeline.py
[2026-09-09T04:32:47.018+0000] {logging_mixin.py:188} INFO - [2026-09-09T04:32:47.018+0000] {dag.py:3089} INFO - Sync 1 DAGs
[2026-09-09T04:32:47.060+0000] {logging_mixin.py:188} INFO - [2026-09-09T04:32:47.059+0000] {dag.py:3947} INFO - Setting next_dagrun for maritime_intelligence_pipeline to 2026-09-08 00:00:00+00:00, run_after=2026-09-09 00:00:00+00:00
[2026-09-09T04:32:47.101+0000] {processor.py:183} INFO - Processing /opt/airflow/dags/maritime_intelligence_pipeline.py took 0.233 seconds
[2026-09-09T04:33:17.609+0000] {processor.py:161} INFO - Started process (PID=6650) to work on /opt/airflow/dags/maritime_intelligence_pipeline.py
[2026-09-09T04:33:17.612+0000] {processor.py:830} INFO - Processing file /opt/airflow/dags/maritime_intelligence_pipeline.py for tasks to queue
[2026-09-09T04:33:17.616+0000] {logging_mixin.py:188} INFO - [2026-09-09T04:33:17.616+0000] {dagbag.py:545} INFO - Filling up the DagBag from /opt/airflow/dags/maritime_intelligence_pipeline.py
[2026-09-09T04:33:17.671+0000] {processor.py:840} INFO - DAG(s) 'maritime_intelligence_pipeline' retrieved from /opt/airflow/dags/maritime_intelligence_pipeline.py
[2026-09-09T04:33:17.730+0000] {logging_mixin.py:188} INFO - [2026-09-09T04:33:17.729+0000] {dag.py:3089} INFO - Sync 1 DAGs
[2026-09-09T04:33:17.775+0000] {logging_mixin.py:188} INFO - [2026-09-09T04:33:17.774+0000] {dag.py:3947} INFO - Setting next_dagrun for maritime_intelligence_pipeline to 2026-09-08 00:00:00+00:00, run_after=2026-09-09 00:00:00+00:00
[2026-09-09T04:33:17.814+0000] {processor.py:183} INFO - Processing /opt/airflow/dags/maritime_intelligence_pipeline.py took 0.222 seconds
[2026-09-09T04:33:48.166+0000] {processor.py:161} INFO - Started process (PID=6655) to work on /opt/airflow/dags/maritime_intelligence_pipeline.py
[2026-09-09T04:33:48.170+0000] {processor.py:830} INFO - Processing file /opt/airflow/dags/maritime_intelligence_pipeline.py for tasks to queue
[2026-09-09T04:33:48.178+0000] {logging_mixin.py:188} INFO - [2026-09-09T04:33:48.177+0000] {dagbag.py:545} INFO - Filling up the DagBag from /opt/airflow/dags/maritime_intelligence_pipeline.py
[2026-09-09T04:33:48.240+0000] {processor.py:840} INFO - DAG(s) 'maritime_intelligence_pipeline' retrieved from /opt/airflow/dags/maritime_intelligence_pipeline.py
[2026-09-09T04:33:48.313+0000] {logging_mixin.py:188} INFO - [2026-09-09T04:33:48.313+0000] {dag.py:3089} INFO - Sync 1 DAGs
[2026-09-09T04:33:48.364+0000] {logging_mixin.py:188} INFO - [2026-09-09T04:33:48.363+0000] {dag.py:3947} INFO - Setting next_dagrun for maritime_intelligence_pipeline to 2026-09-08 00:00:00+00:00, run_after=2026-09-09 00:00:00+00:00
[2026-09-09T04:33:48.405+0000] {processor.py:183} INFO - Processing /opt/airflow/dags/maritime_intelligence_pipeline.py took 0.269 seconds
[2026-09-09T04:34:18.589+0000] {processor.py:161} INFO - Started process (PID=6660) to work on /opt/airflow/dags/maritime_intelligence_pipeline.py
[2026-09-09T04:34:18.594+0000] {processor.py:830} INFO - Processing file /opt/airflow/dags/maritime_intelligence_pipeline.py for tasks to queue
[2026-09-09T04:34:18.599+0000] {logging_mixin.py:188} INFO - [2026-09-09T04:34:18.599+0000] {dagbag.py:545} INFO - Filling up the DagBag from /opt/airflow/dags/maritime_intelligence_pipeline.py
[2026-09-09T04:34:18.656+0000] {processor.py:840} INFO - DAG(s) 'maritime_intelligence_pipeline' retrieved from /opt/airflow/dags/maritime_intelligence_pipeline.py
[2026-09-09T04:34:18.735+0000] {logging_mixin.py:188} INFO - [2026-09-09T04:34:18.735+0000] {dag.py:3089} INFO - Sync 1 DAGs
[2026-09-09T04:34:18.797+0000] {logging_mixin.py:188} INFO - [2026-09-09T04:34:18.797+0000] {dag.py:3947} INFO - Setting next_dagrun for maritime_intelligence_pipeline to 2026-09-08 00:00:00+00:00, run_after=2026-09-09 00:00:00+00:00
[2026-09-09T04:34:18.837+0000] {processor.py:183} INFO - Processing /opt/airflow/dags/maritime_intelligence_pipeline.py took 0.281 seconds
[2026-09-09T04:34:49.355+0000] {processor.py:161} INFO - Started process (PID=6665) to work on /opt/airflow/dags/maritime_intelligence_pipeline.py
[2026-09-09T04:34:49.360+0000] {processor.py:830} INFO - Processing file /opt/airflow/dags/maritime_intelligence_pipeline.py for tasks to queue
[2026-09-09T04:34:49.368+0000] {logging_mixin.py:188} INFO - [2026-09-09T04:34:49.366+0000] {dagbag.py:545} INFO - Filling up the DagBag from /opt/airflow/dags/maritime_intelligence_pipeline.py
[2026-09-09T04:34:49.444+0000] {processor.py:840} INFO - DAG(s) 'maritime_intelligence_pipeline' retrieved from /opt/airflow/dags/maritime_intelligence_pipeline.py
[2026-09-09T04:34:50.406+0000] {logging_mixin.py:188} INFO - [2026-09-09T04:34:50.406+0000] {dag.py:3089} INFO - Sync 1 DAGs
[2026-09-09T04:34:50.465+0000] {logging_mixin.py:188} INFO - [2026-09-09T04:34:50.465+0000] {dag.py:3947} INFO - Setting next_dagrun for maritime_intelligence_pipeline to 2026-09-08 00:00:00+00:00, run_after=2026-09-09 00:00:00+00:00
[2026-09-09T04:34:50.507+0000] {processor.py:183} INFO - Processing /opt/airflow/dags/maritime_intelligence_pipeline.py took 1.184 seconds
[2026-09-09T04:35:20.976+0000] {processor.py:161} INFO - Started process (PID=6670) to work on /opt/airflow/dags/maritime_intelligence_pipeline.py
[2026-09-09T04:35:20.980+0000] {processor.py:830} INFO - Processing file /opt/airflow/dags/maritime_intelligence_pipeline.py for tasks to queue
[2026-09-09T04:35:20.989+0000] {logging_mixin.py:188} INFO - [2026-09-09T04:35:20.988+0000] {dagbag.py:545} INFO - Filling up the DagBag from /opt/airflow/dags/maritime_intelligence_pipeline.py
[2026-09-09T04:35:21.060+0000] {processor.py:840} INFO - DAG(s) 'maritime_intelligence_pipeline' retrieved from /opt/airflow/dags/maritime_intelligence_pipeline.py
[2026-09-09T04:35:21.155+0000] {logging_mixin.py:188} INFO - [2026-09-09T04:35:21.154+0000] {dag.py:3089} INFO - Sync 1 DAGs
[2026-09-09T04:35:21.211+0000] {logging_mixin.py:188} INFO - [2026-09-09T04:35:21.210+0000] {dag.py:3947} INFO - Setting next_dagrun for maritime_intelligence_pipeline to 2026-09-08 00:00:00+00:00, run_after=2026-09-09 00:00:00+00:00
[2026-09-09T04:35:21.255+0000] {processor.py:183} INFO - Processing /opt/airflow/dags/maritime_intelligence_pipeline.py took 0.306 seconds
[2026-09-09T04:35:51.462+0000] {processor.py:161} INFO - Started process (PID=6675) to work on /opt/airflow/dags/maritime_intelligence_pipeline.py
[2026-09-09T04:35:51.465+0000] {processor.py:830} INFO - Processing file /opt/airflow/dags/maritime_intelligence_pipeline.py for tasks to queue
[2026-09-09T04:35:51.513+0000] {logging_mixin.py:188} INFO - [2026-09-09T04:35:51.511+0000] {dagbag.py:545} INFO - Filling up the DagBag from /opt/airflow/dags/maritime_intelligence_pipeline.py
[2026-09-09T04:35:51.599+0000] {processor.py:840} INFO - DAG(s) 'maritime_intelligence_pipeline' retrieved from /opt/airflow/dags/maritime_intelligence_pipeline.py
[2026-09-09T04:35:51.687+0000] {logging_mixin.py:188} INFO - [2026-09-09T04:35:51.687+0000] {dag.py:3089} INFO - Sync 1 DAGs
[2026-09-09T04:35:51.771+0000] {logging_mixin.py:188} INFO - [2026-09-09T04:35:51.771+0000] {dag.py:3947} INFO - Setting next_dagrun for maritime_intelligence_pipeline to 2026-09-08 00:00:00+00:00, run_after=2026-09-09 00:00:00+00:00
[2026-09-09T04:35:51.842+0000] {processor.py:183} INFO - Processing /opt/airflow/dags/maritime_intelligence_pipeline.py took 0.416 seconds
[2026-09-09T04:36:22.226+0000] {processor.py:161} INFO - Started process (PID=6680) to work on /opt/airflow/dags/maritime_intelligence_pipeline.py
[2026-09-09T04:36:22.230+0000] {processor.py:830} INFO - Processing file /opt/airflow/dags/maritime_intelligence_pipeline.py for tasks to queue
[2026-09-09T04:36:22.241+0000] {logging_mixin.py:188} INFO - [2026-09-09T04:36:22.239+0000] {dagbag.py:545} INFO - Filling up the DagBag from /opt/airflow/dags/maritime_intelligence_pipeline.py
[2026-09-09T04:36:22.318+0000] {processor.py:840} INFO - DAG(s) 'maritime_intelligence_pipeline' retrieved from /opt/airflow/dags/maritime_intelligence_pipeline.py
[2026-09-09T04:36:22.400+0000] {logging_mixin.py:188} INFO - [2026-09-09T04:36:22.400+0000] {dag.py:3089} INFO - Sync 1 DAGs
[2026-09-09T04:36:22.450+0000] {logging_mixin.py:188} INFO - [2026-09-09T04:36:22.450+0000] {dag.py:3947} INFO - Setting next_dagrun for maritime_intelligence_pipeline to 2026-09-08 00:00:00+00:00, run_after=2026-09-09 00:00:00+00:00
[2026-09-09T04:36:22.495+0000] {processor.py:183} INFO - Processing /opt/airflow/dags/maritime_intelligence_pipeline.py took 0.317 seconds
[2026-09-09T04:36:52.614+0000] {processor.py:161} INFO - Started process (PID=6685) to work on /opt/airflow/dags/maritime_intelligence_pipeline.py
[2026-09-09T04:36:52.617+0000] {processor.py:830} INFO - Processing file /opt/airflow/dags/maritime_intelligence_pipeline.py for tasks to queue
[2026-09-09T04:36:52.621+0000] {logging_mixin.py:188} INFO - [2026-09-09T04:36:52.621+0000] {dagbag.py:545} INFO - Filling up the DagBag from /opt/airflow/dags/maritime_intelligence_pipeline.py
[2026-09-09T04:36:52.690+0000] {processor.py:840} INFO - DAG(s) 'maritime_intelligence_pipeline' retrieved from /opt/airflow/dags/maritime_intelligence_pipeline.py
[2026-09-09T04:36:52.757+0000] {logging_mixin.py:188} INFO - [2026-09-09T04:36:52.757+0000] {dag.py:3089} INFO - Sync 1 DAGs
[2026-09-09T04:36:52.823+0000] {logging_mixin.py:188} INFO - [2026-09-09T04:36:52.822+0000] {dag.py:3947} INFO - Setting next_dagrun for maritime_intelligence_pipeline to 2026-09-08 00:00:00+00:00, run_after=2026-09-09 00:00:00+00:00
[2026-09-09T04:36:52.875+0000] {processor.py:183} INFO - Processing /opt/airflow/dags/maritime_intelligence_pipeline.py took 0.274 seconds
[2026-09-09T04:37:23.166+0000] {processor.py:161} INFO - Started process (PID=6690) to work on /opt/airflow/dags/maritime_intelligence_pipeline.py
[2026-09-09T04:37:23.169+0000] {processor.py:830} INFO - Processing file /opt/airflow/dags/maritime_intelligence_pipeline.py for tasks to queue
[2026-09-09T04:37:23.176+0000] {logging_mixin.py:188} INFO - [2026-09-09T04:37:23.175+0000] {dagbag.py:545} INFO - Filling up the DagBag from /opt/airflow/dags/maritime_intelligence_pipeline.py
[2026-09-09T04:37:23.244+0000] {processor.py:840} INFO - DAG(s) 'maritime_intelligence_pipeline' retrieved from /opt/airflow/dags/maritime_intelligence_pipeline.py
[2026-09-09T04:37:23.318+0000] {logging_mixin.py:188} INFO - [2026-09-09T04:37:23.318+0000] {dag.py:3089} INFO - Sync 1 DAGs
[2026-09-09T04:37:23.382+0000] {logging_mixin.py:188} INFO - [2026-09-09T04:37:23.381+0000] {dag.py:3947} INFO - Setting next_dagrun for maritime_intelligence_pipeline to 2026-09-08 00:00:00+00:00, run_after=2026-09-09 00:00:00+00:00
[2026-09-09T04:37:23.425+0000] {processor.py:183} INFO - Processing /opt/airflow/dags/maritime_intelligence_pipeline.py took 0.278 seconds
[2026-09-09T04:37:54.094+0000] {processor.py:161} INFO - Started process (PID=6695) to work on /opt/airflow/dags/maritime_intelligence_pipeline.py
[2026-09-09T04:37:54.097+0000] {processor.py:830} INFO - Processing file /opt/airflow/dags/maritime_intelligence_pipeline.py for tasks to queue
[2026-09-09T04:37:54.106+0000] {logging_mixin.py:188} INFO - [2026-09-09T04:37:54.105+0000] {dagbag.py:545} INFO - Filling up the DagBag from /opt/airflow/dags/maritime_intelligence_pipeline.py
[2026-09-09T04:37:54.153+0000] {processor.py:840} INFO - DAG(s) 'maritime_intelligence_pipeline' retrieved from /opt/airflow/dags/maritime_intelligence_pipeline.py
[2026-09-09T04:37:54.218+0000] {logging_mixin.py:188} INFO - [2026-09-09T04:37:54.217+0000] {dag.py:3089} INFO - Sync 1 DAGs
[2026-09-09T04:37:54.274+0000] {logging_mixin.py:188} INFO - [2026-09-09T04:37:54.273+0000] {dag.py:3947} INFO - Setting next_dagrun for maritime_intelligence_pipeline to 2026-09-08 00:00:00+00:00, run_after=2026-09-09 00:00:00+00:00
[2026-09-09T04:37:54.322+0000] {processor.py:183} INFO - Processing /opt/airflow/dags/maritime_intelligence_pipeline.py took 0.245 seconds
[2026-09-09T04:38:24.713+0000] {processor.py:161} INFO - Started process (PID=6700) to work on /opt/airflow/dags/maritime_intelligence_pipeline.py
[2026-09-09T04:38:24.716+0000] {processor.py:830} INFO - Processing file /opt/airflow/dags/maritime_intelligence_pipeline.py for tasks to queue
[2026-09-09T04:38:24.723+0000] {logging_mixin.py:188} INFO - [2026-09-09T04:38:24.722+0000] {dagbag.py:545} INFO - Filling up the DagBag from /opt/airflow/dags/maritime_intelligence_pipeline.py
[2026-09-09T04:38:24.781+0000] {processor.py:840} INFO - DAG(s) 'maritime_intelligence_pipeline' retrieved from /opt/airflow/dags/maritime_intelligence_pipeline.py
[2026-09-09T04:38:24.848+0000] {logging_mixin.py:188} INFO - [2026-09-09T04:38:24.847+0000] {dag.py:3089} INFO - Sync 1 DAGs
[2026-09-09T04:38:24.904+0000] {logging_mixin.py:188} INFO - [2026-09-09T04:38:24.904+0000] {dag.py:3947} INFO - Setting next_dagrun for maritime_intelligence_pipeline to 2026-09-08 00:00:00+00:00, run_after=2026-09-09 00:00:00+00:00
[2026-09-09T04:38:24.946+0000] {processor.py:183} INFO - Processing /opt/airflow/dags/maritime_intelligence_pipeline.py took 0.249 seconds
[2026-09-09T04:38:55.240+0000] {processor.py:161} INFO - Started process (PID=6705) to work on /opt/airflow/dags/maritime_intelligence_pipeline.py
[2026-09-09T04:38:55.283+0000] {processor.py:830} INFO - Processing file /opt/airflow/dags/maritime_intelligence_pipeline.py for tasks to queue
[2026-09-09T04:38:55.291+0000] {logging_mixin.py:188} INFO - [2026-09-09T04:38:55.290+0000] {dagbag.py:545} INFO - Filling up the DagBag from /opt/airflow/dags/maritime_intelligence_pipeline.py
[2026-09-09T04:38:55.340+0000] {processor.py:840} INFO - DAG(s) 'maritime_intelligence_pipeline' retrieved from /opt/airflow/dags/maritime_intelligence_pipeline.py
[2026-09-09T04:38:55.401+0000] {logging_mixin.py:188} INFO - [2026-09-09T04:38:55.401+0000] {dag.py:3089} INFO - Sync 1 DAGs
[2026-09-09T04:38:55.447+0000] {logging_mixin.py:188} INFO - [2026-09-09T04:38:55.446+0000] {dag.py:3947} INFO - Setting next_dagrun for maritime_intelligence_pipeline to 2026-09-08 00:00:00+00:00, run_after=2026-09-09 00:00:00+00:00
[2026-09-09T04:38:55.488+0000] {processor.py:183} INFO - Processing /opt/airflow/dags/maritime_intelligence_pipeline.py took 0.265 seconds
[2026-09-09T04:39:26.518+0000] {processor.py:161} INFO - Started process (PID=6710) to work on /opt/airflow/dags/maritime_intelligence_pipeline.py
[2026-09-09T04:39:26.523+0000] {processor.py:830} INFO - Processing file /opt/airflow/dags/maritime_intelligence_pipeline.py for tasks to queue
[2026-09-09T04:39:26.553+0000] {logging_mixin.py:188} INFO - [2026-09-09T04:39:26.527+0000] {dagbag.py:545} INFO - Filling up the DagBag from /opt/airflow/dags/maritime_intelligence_pipeline.py
[2026-09-09T04:39:26.609+0000] {processor.py:840} INFO - DAG(s) 'maritime_intelligence_pipeline' retrieved from /opt/airflow/dags/maritime_intelligence_pipeline.py
[2026-09-09T04:39:26.913+0000] {logging_mixin.py:188} INFO - [2026-09-09T04:39:26.913+0000] {dag.py:3089} INFO - Sync 1 DAGs
[2026-09-09T04:39:26.952+0000] {logging_mixin.py:188} INFO - [2026-09-09T04:39:26.952+0000] {dag.py:3947} INFO - Setting next_dagrun for maritime_intelligence_pipeline to 2026-09-08 00:00:00+00:00, run_after=2026-09-09 00:00:00+00:00
[2026-09-09T04:39:26.987+0000] {processor.py:183} INFO - Processing /opt/airflow/dags/maritime_intelligence_pipeline.py took 0.488 seconds
[2026-09-09T04:39:57.562+0000] {processor.py:161} INFO - Started process (PID=6715) to work on /opt/airflow/dags/maritime_intelligence_pipeline.py
[2026-09-09T04:39:57.565+0000] {processor.py:830} INFO - Processing file /opt/airflow/dags/maritime_intelligence_pipeline.py for tasks to queue
[2026-09-09T04:39:57.570+0000] {logging_mixin.py:188} INFO - [2026-09-09T04:39:57.569+0000] {dagbag.py:545} INFO - Filling up the DagBag from /opt/airflow/dags/maritime_intelligence_pipeline.py
[2026-09-09T04:39:57.701+0000] {processor.py:840} INFO - DAG(s) 'maritime_intelligence_pipeline' retrieved from /opt/airflow/dags/maritime_intelligence_pipeline.py
[2026-09-09T04:39:57.788+0000] {logging_mixin.py:188} INFO - [2026-09-09T04:39:57.788+0000] {dag.py:3089} INFO - Sync 1 DAGs
[2026-09-09T04:39:57.833+0000] {logging_mixin.py:188} INFO - [2026-09-09T04:39:57.832+0000] {dag.py:3947} INFO - Setting next_dagrun for maritime_intelligence_pipeline to 2026-09-08 00:00:00+00:00, run_after=2026-09-09 00:00:00+00:00
[2026-09-09T04:39:57.866+0000] {processor.py:183} INFO - Processing /opt/airflow/dags/maritime_intelligence_pipeline.py took 0.344 seconds
[2026-09-09T04:40:28.200+0000] {processor.py:161} INFO - Started process (PID=6720) to work on /opt/airflow/dags/maritime_intelligence_pipeline.py
[2026-09-09T04:40:28.227+0000] {processor.py:830} INFO - Processing file /opt/airflow/dags/maritime_intelligence_pipeline.py for tasks to queue
[2026-09-09T04:40:28.231+0000] {logging_mixin.py:188} INFO - [2026-09-09T04:40:28.231+0000] {dagbag.py:545} INFO - Filling up the DagBag from /opt/airflow/dags/maritime_intelligence_pipeline.py
[2026-09-09T04:40:28.278+0000] {processor.py:840} INFO - DAG(s) 'maritime_intelligence_pipeline' retrieved from /opt/airflow/dags/maritime_intelligence_pipeline.py
[2026-09-09T04:40:28.355+0000] {logging_mixin.py:188} INFO - [2026-09-09T04:40:28.355+0000] {dag.py:3089} INFO - Sync 1 DAGs
[2026-09-09T04:40:28.409+0000] {logging_mixin.py:188} INFO - [2026-09-09T04:40:28.409+0000] {dag.py:3947} INFO - Setting next_dagrun for maritime_intelligence_pipeline to 2026-09-08 00:00:00+00:00, run_after=2026-09-09 00:00:00+00:00
[2026-09-09T04:40:28.449+0000] {processor.py:183} INFO - Processing /opt/airflow/dags/maritime_intelligence_pipeline.py took 0.273 seconds
[2026-09-09T04:40:58.718+0000] {processor.py:161} INFO - Started process (PID=6725) to work on /opt/airflow/dags/maritime_intelligence_pipeline.py
[2026-09-09T04:40:58.721+0000] {processor.py:830} INFO - Processing file /opt/airflow/dags/maritime_intelligence_pipeline.py for tasks to queue
[2026-09-09T04:40:58.726+0000] {logging_mixin.py:188} INFO - [2026-09-09T04:40:58.725+0000] {dagbag.py:545} INFO - Filling up the DagBag from /opt/airflow/dags/maritime_intelligence_pipeline.py
[2026-09-09T04:40:58.779+0000] {processor.py:840} INFO - DAG(s) 'maritime_intelligence_pipeline' retrieved from /opt/airflow/dags/maritime_intelligence_pipeline.py
[2026-09-09T04:40:58.846+0000] {logging_mixin.py:188} INFO - [2026-09-09T04:40:58.846+0000] {dag.py:3089} INFO - Sync 1 DAGs
[2026-09-09T04:40:58.895+0000] {logging_mixin.py:188} INFO - [2026-09-09T04:40:58.895+0000] {dag.py:3947} INFO - Setting next_dagrun for maritime_intelligence_pipeline to 2026-09-08 00:00:00+00:00, run_after=2026-09-09 00:00:00+00:00
[2026-09-09T04:40:58.945+0000] {processor.py:183} INFO - Processing /opt/airflow/dags/maritime_intelligence_pipeline.py took 0.243 seconds
[2026-09-09T04:41:29.231+0000] {processor.py:161} INFO - Started process (PID=6730) to work on /opt/airflow/dags/maritime_intelligence_pipeline.py
[2026-09-09T04:41:29.234+0000] {processor.py:830} INFO - Processing file /opt/airflow/dags/maritime_intelligence_pipeline.py for tasks to queue
[2026-09-09T04:41:29.240+0000] {logging_mixin.py:188} INFO - [2026-09-09T04:41:29.239+0000] {dagbag.py:545} INFO - Filling up the DagBag from /opt/airflow/dags/maritime_intelligence_pipeline.py
[2026-09-09T04:41:29.291+0000] {processor.py:840} INFO - DAG(s) 'maritime_intelligence_pipeline' retrieved from /opt/airflow/dags/maritime_intelligence_pipeline.py
[2026-09-09T04:41:29.347+0000] {logging_mixin.py:188} INFO - [2026-09-09T04:41:29.347+0000] {dag.py:3089} INFO - Sync 1 DAGs
[2026-09-09T04:41:29.394+0000] {logging_mixin.py:188} INFO - [2026-09-09T04:41:29.393+0000] {dag.py:3947} INFO - Setting next_dagrun for maritime_intelligence_pipeline to 2026-09-08 00:00:00+00:00, run_after=2026-09-09 00:00:00+00:00
[2026-09-09T04:41:29.432+0000] {processor.py:183} INFO - Processing /opt/airflow/dags/maritime_intelligence_pipeline.py took 0.219 seconds
[2026-09-09T04:41:59.785+0000] {processor.py:161} INFO - Started process (PID=6735) to work on /opt/airflow/dags/maritime_intelligence_pipeline.py
[2026-09-09T04:41:59.787+0000] {processor.py:830} INFO - Processing file /opt/airflow/dags/maritime_intelligence_pipeline.py for tasks to queue
[2026-09-09T04:41:59.792+0000] {logging_mixin.py:188} INFO - [2026-09-09T04:41:59.791+0000] {dagbag.py:545} INFO - Filling up the DagBag from /opt/airflow/dags/maritime_intelligence_pipeline.py
[2026-09-09T04:41:59.832+0000] {processor.py:840} INFO - DAG(s) 'maritime_intelligence_pipeline' retrieved from /opt/airflow/dags/maritime_intelligence_pipeline.py
[2026-09-09T04:41:59.881+0000] {logging_mixin.py:188} INFO - [2026-09-09T04:41:59.881+0000] {dag.py:3089} INFO - Sync 1 DAGs
[2026-09-09T04:41:59.921+0000] {logging_mixin.py:188} INFO - [2026-09-09T04:41:59.920+0000] {dag.py:3947} INFO - Setting next_dagrun for maritime_intelligence_pipeline to 2026-09-08 00:00:00+00:00, run_after=2026-09-09 00:00:00+00:00
[2026-09-09T04:41:59.957+0000] {processor.py:183} INFO - Processing /opt/airflow/dags/maritime_intelligence_pipeline.py took 0.183 seconds
[2026-09-09T04:42:30.259+0000] {processor.py:161} INFO - Started process (PID=6740) to work on /opt/airflow/dags/maritime_intelligence_pipeline.py
[2026-09-09T04:42:30.262+0000] {processor.py:830} INFO - Processing file /opt/airflow/dags/maritime_intelligence_pipeline.py for tasks to queue
[2026-09-09T04:42:30.268+0000] {logging_mixin.py:188} INFO - [2026-09-09T04:42:30.267+0000] {dagbag.py:545} INFO - Filling up the DagBag from /opt/airflow/dags/maritime_intelligence_pipeline.py
[2026-09-09T04:42:30.324+0000] {processor.py:840} INFO - DAG(s) 'maritime_intelligence_pipeline' retrieved from /opt/airflow/dags/maritime_intelligence_pipeline.py
[2026-09-09T04:42:30.384+0000] {logging_mixin.py:188} INFO - [2026-09-09T04:42:30.384+0000] {dag.py:3089} INFO - Sync 1 DAGs
[2026-09-09T04:42:30.424+0000] {logging_mixin.py:188} INFO - [2026-09-09T04:42:30.424+0000] {dag.py:3947} INFO - Setting next_dagrun for maritime_intelligence_pipeline to 2026-09-08 00:00:00+00:00, run_after=2026-09-09 00:00:00+00:00
[2026-09-09T04:42:30.462+0000] {processor.py:183} INFO - Processing /opt/airflow/dags/maritime_intelligence_pipeline.py took 0.219 seconds
[2026-09-09T04:43:00.960+0000] {processor.py:161} INFO - Started process (PID=6745) to work on /opt/airflow/dags/maritime_intelligence_pipeline.py
[2026-09-09T04:43:00.962+0000] {processor.py:830} INFO - Processing file /opt/airflow/dags/maritime_intelligence_pipeline.py for tasks to queue
[2026-09-09T04:43:00.969+0000] {logging_mixin.py:188} INFO - [2026-09-09T04:43:00.969+0000] {dagbag.py:545} INFO - Filling up the DagBag from /opt/airflow/dags/maritime_intelligence_pipeline.py
[2026-09-09T04:43:01.013+0000] {processor.py:840} INFO - DAG(s) 'maritime_intelligence_pipeline' retrieved from /opt/airflow/dags/maritime_intelligence_pipeline.py
[2026-09-09T04:43:01.074+0000] {logging_mixin.py:188} INFO - [2026-09-09T04:43:01.074+0000] {dag.py:3089} INFO - Sync 1 DAGs
[2026-09-09T04:43:01.129+0000] {logging_mixin.py:188} INFO - [2026-09-09T04:43:01.128+0000] {dag.py:3947} INFO - Setting next_dagrun for maritime_intelligence_pipeline to 2026-09-08 00:00:00+00:00, run_after=2026-09-09 00:00:00+00:00
[2026-09-09T04:43:01.171+0000] {processor.py:183} INFO - Processing /opt/airflow/dags/maritime_intelligence_pipeline.py took 0.225 seconds
[2026-09-09T04:43:31.871+0000] {processor.py:161} INFO - Started process (PID=6750) to work on /opt/airflow/dags/maritime_intelligence_pipeline.py
[2026-09-09T04:43:31.874+0000] {processor.py:830} INFO - Processing file /opt/airflow/dags/maritime_intelligence_pipeline.py for tasks to queue
[2026-09-09T04:43:31.880+0000] {logging_mixin.py:188} INFO - [2026-09-09T04:43:31.879+0000] {dagbag.py:545} INFO - Filling up the DagBag from /opt/airflow/dags/maritime_intelligence_pipeline.py
[2026-09-09T04:43:31.936+0000] {processor.py:840} INFO - DAG(s) 'maritime_intelligence_pipeline' retrieved from /opt/airflow/dags/maritime_intelligence_pipeline.py
[2026-09-09T04:43:32.004+0000] {logging_mixin.py:188} INFO - [2026-09-09T04:43:32.003+0000] {dag.py:3089} INFO - Sync 1 DAGs
[2026-09-09T04:43:32.074+0000] {logging_mixin.py:188} INFO - [2026-09-09T04:43:32.074+0000] {dag.py:3947} INFO - Setting next_dagrun for maritime_intelligence_pipeline to 2026-09-08 00:00:00+00:00, run_after=2026-09-09 00:00:00+00:00
[2026-09-09T04:43:32.139+0000] {processor.py:183} INFO - Processing /opt/airflow/dags/maritime_intelligence_pipeline.py took 0.283 seconds
[2026-09-09T04:44:02.435+0000] {processor.py:161} INFO - Started process (PID=6755) to work on /opt/airflow/dags/maritime_intelligence_pipeline.py
[2026-09-09T04:44:02.439+0000] {processor.py:830} INFO - Processing file /opt/airflow/dags/maritime_intelligence_pipeline.py for tasks to queue
[2026-09-09T04:44:02.450+0000] {logging_mixin.py:188} INFO - [2026-09-09T04:44:02.448+0000] {dagbag.py:545} INFO - Filling up the DagBag from /opt/airflow/dags/maritime_intelligence_pipeline.py
[2026-09-09T04:44:02.577+0000] {processor.py:840} INFO - DAG(s) 'maritime_intelligence_pipeline' retrieved from /opt/airflow/dags/maritime_intelligence_pipeline.py
[2026-09-09T04:44:02.702+0000] {logging_mixin.py:188} INFO - [2026-09-09T04:44:02.702+0000] {dag.py:3089} INFO - Sync 1 DAGs
[2026-09-09T04:44:02.756+0000] {logging_mixin.py:188} INFO - [2026-09-09T04:44:02.755+0000] {dag.py:3947} INFO - Setting next_dagrun for maritime_intelligence_pipeline to 2026-09-08 00:00:00+00:00, run_after=2026-09-09 00:00:00+00:00
[2026-09-09T04:44:02.801+0000] {processor.py:183} INFO - Processing /opt/airflow/dags/maritime_intelligence_pipeline.py took 0.393 seconds
[2026-09-09T04:44:33.069+0000] {processor.py:161} INFO - Started process (PID=6760) to work on /opt/airflow/dags/maritime_intelligence_pipeline.py
[2026-09-09T04:44:33.071+0000] {processor.py:830} INFO - Processing file /opt/airflow/dags/maritime_intelligence_pipeline.py for tasks to queue
[2026-09-09T04:44:33.076+0000] {logging_mixin.py:188} INFO - [2026-09-09T04:44:33.075+0000] {dagbag.py:545} INFO - Filling up the DagBag from /opt/airflow/dags/maritime_intelligence_pipeline.py
[2026-09-09T04:44:33.118+0000] {processor.py:840} INFO - DAG(s) 'maritime_intelligence_pipeline' retrieved from /opt/airflow/dags/maritime_intelligence_pipeline.py
[2026-09-09T04:44:33.169+0000] {logging_mixin.py:188} INFO - [2026-09-09T04:44:33.169+0000] {dag.py:3089} INFO - Sync 1 DAGs
[2026-09-09T04:44:33.207+0000] {logging_mixin.py:188} INFO - [2026-09-09T04:44:33.207+0000] {dag.py:3947} INFO - Setting next_dagrun for maritime_intelligence_pipeline to 2026-09-08 00:00:00+00:00, run_after=2026-09-09 00:00:00+00:00
[2026-09-09T04:44:33.239+0000] {processor.py:183} INFO - Processing /opt/airflow/dags/maritime_intelligence_pipeline.py took 0.185 seconds
[2026-09-09T04:45:03.762+0000] {processor.py:161} INFO - Started process (PID=6765) to work on /opt/airflow/dags/maritime_intelligence_pipeline.py
[2026-09-09T04:45:03.766+0000] {processor.py:830} INFO - Processing file /opt/airflow/dags/maritime_intelligence_pipeline.py for tasks to queue
[2026-09-09T04:45:03.775+0000] {logging_mixin.py:188} INFO - [2026-09-09T04:45:03.774+0000] {dagbag.py:545} INFO - Filling up the DagBag from /opt/airflow/dags/maritime_intelligence_pipeline.py
[2026-09-09T04:45:03.838+0000] {processor.py:840} INFO - DAG(s) 'maritime_intelligence_pipeline' retrieved from /opt/airflow/dags/maritime_intelligence_pipeline.py
[2026-09-09T04:45:03.909+0000] {logging_mixin.py:188} INFO - [2026-09-09T04:45:03.908+0000] {dag.py:3089} INFO - Sync 1 DAGs
[2026-09-09T04:45:03.978+0000] {logging_mixin.py:188} INFO - [2026-09-09T04:45:03.977+0000] {dag.py:3947} INFO - Setting next_dagrun for maritime_intelligence_pipeline to 2026-09-08 00:00:00+00:00, run_after=2026-09-09 00:00:00+00:00
[2026-09-09T04:45:04.045+0000] {processor.py:183} INFO - Processing /opt/airflow/dags/maritime_intelligence_pipeline.py took 0.310 seconds
[2026-09-09T04:45:34.324+0000] {processor.py:161} INFO - Started process (PID=6770) to work on /opt/airflow/dags/maritime_intelligence_pipeline.py
[2026-09-09T04:45:34.326+0000] {processor.py:830} INFO - Processing file /opt/airflow/dags/maritime_intelligence_pipeline.py for tasks to queue
[2026-09-09T04:45:34.331+0000] {logging_mixin.py:188} INFO - [2026-09-09T04:45:34.330+0000] {dagbag.py:545} INFO - Filling up the DagBag from /opt/airflow/dags/maritime_intelligence_pipeline.py
[2026-09-09T04:45:34.375+0000] {processor.py:840} INFO - DAG(s) 'maritime_intelligence_pipeline' retrieved from /opt/airflow/dags/maritime_intelligence_pipeline.py
[2026-09-09T04:45:34.442+0000] {logging_mixin.py:188} INFO - [2026-09-09T04:45:34.442+0000] {dag.py:3089} INFO - Sync 1 DAGs
[2026-09-09T04:45:34.534+0000] {logging_mixin.py:188} INFO - [2026-09-09T04:45:34.533+0000] {dag.py:3947} INFO - Setting next_dagrun for maritime_intelligence_pipeline to 2026-09-08 00:00:00+00:00, run_after=2026-09-09 00:00:00+00:00
[2026-09-09T04:45:34.620+0000] {processor.py:183} INFO - Processing /opt/airflow/dags/maritime_intelligence_pipeline.py took 0.310 seconds
[2026-09-09T04:46:04.877+0000] {processor.py:161} INFO - Started process (PID=6775) to work on /opt/airflow/dags/maritime_intelligence_pipeline.py
[2026-09-09T04:46:04.879+0000] {processor.py:830} INFO - Processing file /opt/airflow/dags/maritime_intelligence_pipeline.py for tasks to queue
[2026-09-09T04:46:04.884+0000] {logging_mixin.py:188} INFO - [2026-09-09T04:46:04.883+0000] {dagbag.py:545} INFO - Filling up the DagBag from /opt/airflow/dags/maritime_intelligence_pipeline.py
[2026-09-09T04:46:04.923+0000] {processor.py:840} INFO - DAG(s) 'maritime_intelligence_pipeline' retrieved from /opt/airflow/dags/maritime_intelligence_pipeline.py
[2026-09-09T04:46:04.977+0000] {logging_mixin.py:188} INFO - [2026-09-09T04:46:04.977+0000] {dag.py:3089} INFO - Sync 1 DAGs
[2026-09-09T04:46:05.024+0000] {logging_mixin.py:188} INFO - [2026-09-09T04:46:05.023+0000] {dag.py:3947} INFO - Setting next_dagrun for maritime_intelligence_pipeline to 2026-09-08 00:00:00+00:00, run_after=2026-09-09 00:00:00+00:00
[2026-09-09T04:46:05.066+0000] {processor.py:183} INFO - Processing /opt/airflow/dags/maritime_intelligence_pipeline.py took 0.202 seconds
[2026-09-09T04:46:35.313+0000] {processor.py:161} INFO - Started process (PID=6780) to work on /opt/airflow/dags/maritime_intelligence_pipeline.py
[2026-09-09T04:46:35.316+0000] {processor.py:830} INFO - Processing file /opt/airflow/dags/maritime_intelligence_pipeline.py for tasks to queue
[2026-09-09T04:46:35.321+0000] {logging_mixin.py:188} INFO - [2026-09-09T04:46:35.320+0000] {dagbag.py:545} INFO - Filling up the DagBag from /opt/airflow/dags/maritime_intelligence_pipeline.py
[2026-09-09T04:46:35.371+0000] {processor.py:840} INFO - DAG(s) 'maritime_intelligence_pipeline' retrieved from /opt/airflow/dags/maritime_intelligence_pipeline.py
[2026-09-09T04:46:35.425+0000] {logging_mixin.py:188} INFO - [2026-09-09T04:46:35.425+0000] {dag.py:3089} INFO - Sync 1 DAGs
[2026-09-09T04:46:35.464+0000] {logging_mixin.py:188} INFO - [2026-09-09T04:46:35.464+0000] {dag.py:3947} INFO - Setting next_dagrun for maritime_intelligence_pipeline to 2026-09-08 00:00:00+00:00, run_after=2026-09-09 00:00:00+00:00
[2026-09-09T04:46:35.571+0000] {processor.py:183} INFO - Processing /opt/airflow/dags/maritime_intelligence_pipeline.py took 0.274 seconds
[2026-09-09T04:47:05.714+0000] {processor.py:161} INFO - Started process (PID=6785) to work on /opt/airflow/dags/maritime_intelligence_pipeline.py
[2026-09-09T04:47:05.717+0000] {processor.py:830} INFO - Processing file /opt/airflow/dags/maritime_intelligence_pipeline.py for tasks to queue
[2026-09-09T04:47:05.725+0000] {logging_mixin.py:188} INFO - [2026-09-09T04:47:05.724+0000] {dagbag.py:545} INFO - Filling up the DagBag from /opt/airflow/dags/maritime_intelligence_pipeline.py
[2026-09-09T04:47:05.788+0000] {processor.py:840} INFO - DAG(s) 'maritime_intelligence_pipeline' retrieved from /opt/airflow/dags/maritime_intelligence_pipeline.py
[2026-09-09T04:47:05.869+0000] {logging_mixin.py:188} INFO - [2026-09-09T04:47:05.868+0000] {dag.py:3089} INFO - Sync 1 DAGs
[2026-09-09T04:47:05.929+0000] {logging_mixin.py:188} INFO - [2026-09-09T04:47:05.928+0000] {dag.py:3947} INFO - Setting next_dagrun for maritime_intelligence_pipeline to 2026-09-08 00:00:00+00:00, run_after=2026-09-09 00:00:00+00:00
[2026-09-09T04:47:05.976+0000] {processor.py:183} INFO - Processing /opt/airflow/dags/maritime_intelligence_pipeline.py took 0.284 seconds
[2026-09-09T04:47:36.148+0000] {processor.py:161} INFO - Started process (PID=6790) to work on /opt/airflow/dags/maritime_intelligence_pipeline.py
[2026-09-09T04:47:36.151+0000] {processor.py:830} INFO - Processing file /opt/airflow/dags/maritime_intelligence_pipeline.py for tasks to queue
[2026-09-09T04:47:36.157+0000] {logging_mixin.py:188} INFO - [2026-09-09T04:47:36.157+0000] {dagbag.py:545} INFO - Filling up the DagBag from /opt/airflow/dags/maritime_intelligence_pipeline.py
[2026-09-09T04:47:36.208+0000] {processor.py:840} INFO - DAG(s) 'maritime_intelligence_pipeline' retrieved from /opt/airflow/dags/maritime_intelligence_pipeline.py
[2026-09-09T04:47:36.260+0000] {logging_mixin.py:188} INFO - [2026-09-09T04:47:36.259+0000] {dag.py:3089} INFO - Sync 1 DAGs
[2026-09-09T04:47:36.300+0000] {logging_mixin.py:188} INFO - [2026-09-09T04:47:36.300+0000] {dag.py:3947} INFO - Setting next_dagrun for maritime_intelligence_pipeline to 2026-09-08 00:00:00+00:00, run_after=2026-09-09 00:00:00+00:00
[2026-09-09T04:47:36.333+0000] {processor.py:183} INFO - Processing /opt/airflow/dags/maritime_intelligence_pipeline.py took 0.200 seconds
[2026-09-09T04:48:06.572+0000] {processor.py:161} INFO - Started process (PID=6795) to work on /opt/airflow/dags/maritime_intelligence_pipeline.py
[2026-09-09T04:48:06.575+0000] {processor.py:830} INFO - Processing file /opt/airflow/dags/maritime_intelligence_pipeline.py for tasks to queue
[2026-09-09T04:48:06.580+0000] {logging_mixin.py:188} INFO - [2026-09-09T04:48:06.579+0000] {dagbag.py:545} INFO - Filling up the DagBag from /opt/airflow/dags/maritime_intelligence_pipeline.py
[2026-09-09T04:48:06.624+0000] {processor.py:840} INFO - DAG(s) 'maritime_intelligence_pipeline' retrieved from /opt/airflow/dags/maritime_intelligence_pipeline.py
[2026-09-09T04:48:06.684+0000] {logging_mixin.py:188} INFO - [2026-09-09T04:48:06.684+0000] {dag.py:3089} INFO - Sync 1 DAGs
[2026-09-09T04:48:06.732+0000] {logging_mixin.py:188} INFO - [2026-09-09T04:48:06.732+0000] {dag.py:3947} INFO - Setting next_dagrun for maritime_intelligence_pipeline to 2026-09-08 00:00:00+00:00, run_after=2026-09-09 00:00:00+00:00
[2026-09-09T04:48:06.767+0000] {processor.py:183} INFO - Processing /opt/airflow/dags/maritime_intelligence_pipeline.py took 0.209 seconds
[2026-09-09T04:48:37.035+0000] {processor.py:161} INFO - Started process (PID=6800) to work on /opt/airflow/dags/maritime_intelligence_pipeline.py
[2026-09-09T04:48:37.037+0000] {processor.py:830} INFO - Processing file /opt/airflow/dags/maritime_intelligence_pipeline.py for tasks to queue
[2026-09-09T04:48:37.043+0000] {logging_mixin.py:188} INFO - [2026-09-09T04:48:37.042+0000] {dagbag.py:545} INFO - Filling up the DagBag from /opt/airflow/dags/maritime_intelligence_pipeline.py
[2026-09-09T04:48:37.095+0000] {processor.py:840} INFO - DAG(s) 'maritime_intelligence_pipeline' retrieved from /opt/airflow/dags/maritime_intelligence_pipeline.py
[2026-09-09T04:48:37.172+0000] {logging_mixin.py:188} INFO - [2026-09-09T04:48:37.171+0000] {dag.py:3089} INFO - Sync 1 DAGs
[2026-09-09T04:48:37.230+0000] {logging_mixin.py:188} INFO - [2026-09-09T04:48:37.229+0000] {dag.py:3947} INFO - Setting next_dagrun for maritime_intelligence_pipeline to 2026-09-08 00:00:00+00:00, run_after=2026-09-09 00:00:00+00:00
[2026-09-09T04:48:37.275+0000] {processor.py:183} INFO - Processing /opt/airflow/dags/maritime_intelligence_pipeline.py took 0.261 seconds
[2026-09-09T04:49:07.583+0000] {processor.py:161} INFO - Started process (PID=6805) to work on /opt/airflow/dags/maritime_intelligence_pipeline.py
[2026-09-09T04:49:07.586+0000] {processor.py:830} INFO - Processing file /opt/airflow/dags/maritime_intelligence_pipeline.py for tasks to queue
[2026-09-09T04:49:07.593+0000] {logging_mixin.py:188} INFO - [2026-09-09T04:49:07.592+0000] {dagbag.py:545} INFO - Filling up the DagBag from /opt/airflow/dags/maritime_intelligence_pipeline.py
[2026-09-09T04:49:07.639+0000] {processor.py:840} INFO - DAG(s) 'maritime_intelligence_pipeline' retrieved from /opt/airflow/dags/maritime_intelligence_pipeline.py
[2026-09-09T04:49:07.705+0000] {logging_mixin.py:188} INFO - [2026-09-09T04:49:07.704+0000] {dag.py:3089} INFO - Sync 1 DAGs
[2026-09-09T04:49:07.757+0000] {logging_mixin.py:188} INFO - [2026-09-09T04:49:07.757+0000] {dag.py:3947} INFO - Setting next_dagrun for maritime_intelligence_pipeline to 2026-09-08 00:00:00+00:00, run_after=2026-09-09 00:00:00+00:00
[2026-09-09T04:49:07.812+0000] {processor.py:183} INFO - Processing /opt/airflow/dags/maritime_intelligence_pipeline.py took 0.248 seconds
[2026-09-09T04:49:38.263+0000] {processor.py:161} INFO - Started process (PID=6810) to work on /opt/airflow/dags/maritime_intelligence_pipeline.py
[2026-09-09T04:49:38.266+0000] {processor.py:830} INFO - Processing file /opt/airflow/dags/maritime_intelligence_pipeline.py for tasks to queue
[2026-09-09T04:49:38.272+0000] {logging_mixin.py:188} INFO - [2026-09-09T04:49:38.271+0000] {dagbag.py:545} INFO - Filling up the DagBag from /opt/airflow/dags/maritime_intelligence_pipeline.py
[2026-09-09T04:49:38.320+0000] {processor.py:840} INFO - DAG(s) 'maritime_intelligence_pipeline' retrieved from /opt/airflow/dags/maritime_intelligence_pipeline.py
[2026-09-09T04:49:38.377+0000] {logging_mixin.py:188} INFO - [2026-09-09T04:49:38.377+0000] {dag.py:3089} INFO - Sync 1 DAGs
[2026-09-09T04:49:38.422+0000] {logging_mixin.py:188} INFO - [2026-09-09T04:49:38.422+0000] {dag.py:3947} INFO - Setting next_dagrun for maritime_intelligence_pipeline to 2026-09-08 00:00:00+00:00, run_after=2026-09-09 00:00:00+00:00
[2026-09-09T04:49:38.457+0000] {processor.py:183} INFO - Processing /opt/airflow/dags/maritime_intelligence_pipeline.py took 0.212 seconds
[2026-09-09T04:50:08.730+0000] {processor.py:161} INFO - Started process (PID=6815) to work on /opt/airflow/dags/maritime_intelligence_pipeline.py
[2026-09-09T04:50:08.733+0000] {processor.py:830} INFO - Processing file /opt/airflow/dags/maritime_intelligence_pipeline.py for tasks to queue
[2026-09-09T04:50:08.740+0000] {logging_mixin.py:188} INFO - [2026-09-09T04:50:08.739+0000] {dagbag.py:545} INFO - Filling up the DagBag from /opt/airflow/dags/maritime_intelligence_pipeline.py
[2026-09-09T04:50:08.786+0000] {processor.py:840} INFO - DAG(s) 'maritime_intelligence_pipeline' retrieved from /opt/airflow/dags/maritime_intelligence_pipeline.py
[2026-09-09T04:50:08.841+0000] {logging_mixin.py:188} INFO - [2026-09-09T04:50:08.840+0000] {dag.py:3089} INFO - Sync 1 DAGs
[2026-09-09T04:50:08.886+0000] {logging_mixin.py:188} INFO - [2026-09-09T04:50:08.886+0000] {dag.py:3947} INFO - Setting next_dagrun for maritime_intelligence_pipeline to 2026-09-08 00:00:00+00:00, run_after=2026-09-09 00:00:00+00:00
[2026-09-09T04:50:08.920+0000] {processor.py:183} INFO - Processing /opt/airflow/dags/maritime_intelligence_pipeline.py took 0.209 seconds
[2026-09-09T04:50:39.178+0000] {processor.py:161} INFO - Started process (PID=6820) to work on /opt/airflow/dags/maritime_intelligence_pipeline.py
[2026-09-09T04:50:39.181+0000] {processor.py:830} INFO - Processing file /opt/airflow/dags/maritime_intelligence_pipeline.py for tasks to queue
[2026-09-09T04:50:39.186+0000] {logging_mixin.py:188} INFO - [2026-09-09T04:50:39.185+0000] {dagbag.py:545} INFO - Filling up the DagBag from /opt/airflow/dags/maritime_intelligence_pipeline.py
[2026-09-09T04:50:39.236+0000] {processor.py:840} INFO - DAG(s) 'maritime_intelligence_pipeline' retrieved from /opt/airflow/dags/maritime_intelligence_pipeline.py
[2026-09-09T04:50:39.292+0000] {logging_mixin.py:188} INFO - [2026-09-09T04:50:39.292+0000] {dag.py:3089} INFO - Sync 1 DAGs
[2026-09-09T04:50:39.333+0000] {logging_mixin.py:188} INFO - [2026-09-09T04:50:39.332+0000] {dag.py:3947} INFO - Setting next_dagrun for maritime_intelligence_pipeline to 2026-09-08 00:00:00+00:00, run_after=2026-09-09 00:00:00+00:00
[2026-09-09T04:50:39.375+0000] {processor.py:183} INFO - Processing /opt/airflow/dags/maritime_intelligence_pipeline.py took 0.212 seconds
[2026-09-09T04:51:10.250+0000] {processor.py:161} INFO - Started process (PID=6825) to work on /opt/airflow/dags/maritime_intelligence_pipeline.py
[2026-09-09T04:51:10.253+0000] {processor.py:830} INFO - Processing file /opt/airflow/dags/maritime_intelligence_pipeline.py for tasks to queue
[2026-09-09T04:51:10.259+0000] {logging_mixin.py:188} INFO - [2026-09-09T04:51:10.258+0000] {dagbag.py:545} INFO - Filling up the DagBag from /opt/airflow/dags/maritime_intelligence_pipeline.py
[2026-09-09T04:51:10.302+0000] {processor.py:840} INFO - DAG(s) 'maritime_intelligence_pipeline' retrieved from /opt/airflow/dags/maritime_intelligence_pipeline.py
[2026-09-09T04:51:10.353+0000] {logging_mixin.py:188} INFO - [2026-09-09T04:51:10.353+0000] {dag.py:3089} INFO - Sync 1 DAGs
[2026-09-09T04:51:10.396+0000] {logging_mixin.py:188} INFO - [2026-09-09T04:51:10.396+0000] {dag.py:3947} INFO - Setting next_dagrun for maritime_intelligence_pipeline to 2026-09-08 00:00:00+00:00, run_after=2026-09-09 00:00:00+00:00
[2026-09-09T04:51:10.428+0000] {processor.py:183} INFO - Processing /opt/airflow/dags/maritime_intelligence_pipeline.py took 0.190 seconds
[2026-09-09T04:51:40.690+0000] {processor.py:161} INFO - Started process (PID=6830) to work on /opt/airflow/dags/maritime_intelligence_pipeline.py
[2026-09-09T04:51:40.693+0000] {processor.py:830} INFO - Processing file /opt/airflow/dags/maritime_intelligence_pipeline.py for tasks to queue
[2026-09-09T04:51:40.697+0000] {logging_mixin.py:188} INFO - [2026-09-09T04:51:40.697+0000] {dagbag.py:545} INFO - Filling up the DagBag from /opt/airflow/dags/maritime_intelligence_pipeline.py
[2026-09-09T04:51:40.743+0000] {processor.py:840} INFO - DAG(s) 'maritime_intelligence_pipeline' retrieved from /opt/airflow/dags/maritime_intelligence_pipeline.py
[2026-09-09T04:51:40.799+0000] {logging_mixin.py:188} INFO - [2026-09-09T04:51:40.798+0000] {dag.py:3089} INFO - Sync 1 DAGs
[2026-09-09T04:51:40.839+0000] {logging_mixin.py:188} INFO - [2026-09-09T04:51:40.838+0000] {dag.py:3947} INFO - Setting next_dagrun for maritime_intelligence_pipeline to 2026-09-08 00:00:00+00:00, run_after=2026-09-09 00:00:00+00:00
[2026-09-09T04:51:40.879+0000] {processor.py:183} INFO - Processing /opt/airflow/dags/maritime_intelligence_pipeline.py took 0.206 seconds
[2026-09-09T04:52:11.223+0000] {processor.py:161} INFO - Started process (PID=6835) to work on /opt/airflow/dags/maritime_intelligence_pipeline.py
[2026-09-09T04:52:11.226+0000] {processor.py:830} INFO - Processing file /opt/airflow/dags/maritime_intelligence_pipeline.py for tasks to queue
[2026-09-09T04:52:11.231+0000] {logging_mixin.py:188} INFO - [2026-09-09T04:52:11.230+0000] {dagbag.py:545} INFO - Filling up the DagBag from /opt/airflow/dags/maritime_intelligence_pipeline.py
[2026-09-09T04:52:11.279+0000] {processor.py:840} INFO - DAG(s) 'maritime_intelligence_pipeline' retrieved from /opt/airflow/dags/maritime_intelligence_pipeline.py
[2026-09-09T04:52:11.336+0000] {logging_mixin.py:188} INFO - [2026-09-09T04:52:11.336+0000] {dag.py:3089} INFO - Sync 1 DAGs
[2026-09-09T04:52:11.381+0000] {logging_mixin.py:188} INFO - [2026-09-09T04:52:11.381+0000] {dag.py:3947} INFO - Setting next_dagrun for maritime_intelligence_pipeline to 2026-09-08 00:00:00+00:00, run_after=2026-09-09 00:00:00+00:00
[2026-09-09T04:52:11.417+0000] {processor.py:183} INFO - Processing /opt/airflow/dags/maritime_intelligence_pipeline.py took 0.211 seconds
[2026-09-09T04:52:41.718+0000] {processor.py:161} INFO - Started process (PID=6840) to work on /opt/airflow/dags/maritime_intelligence_pipeline.py
[2026-09-09T04:52:41.721+0000] {processor.py:830} INFO - Processing file /opt/airflow/dags/maritime_intelligence_pipeline.py for tasks to queue
[2026-09-09T04:52:41.725+0000] {logging_mixin.py:188} INFO - [2026-09-09T04:52:41.724+0000] {dagbag.py:545} INFO - Filling up the DagBag from /opt/airflow/dags/maritime_intelligence_pipeline.py
[2026-09-09T04:52:41.768+0000] {processor.py:840} INFO - DAG(s) 'maritime_intelligence_pipeline' retrieved from /opt/airflow/dags/maritime_intelligence_pipeline.py
[2026-09-09T04:52:41.820+0000] {logging_mixin.py:188} INFO - [2026-09-09T04:52:41.820+0000] {dag.py:3089} INFO - Sync 1 DAGs
[2026-09-09T04:52:41.860+0000] {logging_mixin.py:188} INFO - [2026-09-09T04:52:41.859+0000] {dag.py:3947} INFO - Setting next_dagrun for maritime_intelligence_pipeline to 2026-09-08 00:00:00+00:00, run_after=2026-09-09 00:00:00+00:00
[2026-09-09T04:52:41.893+0000] {processor.py:183} INFO - Processing /opt/airflow/dags/maritime_intelligence_pipeline.py took 0.193 seconds
[2026-09-09T04:53:11.984+0000] {processor.py:161} INFO - Started process (PID=6845) to work on /opt/airflow/dags/maritime_intelligence_pipeline.py
[2026-09-09T04:53:11.987+0000] {processor.py:830} INFO - Processing file /opt/airflow/dags/maritime_intelligence_pipeline.py for tasks to queue
[2026-09-09T04:53:11.995+0000] {logging_mixin.py:188} INFO - [2026-09-09T04:53:11.994+0000] {dagbag.py:545} INFO - Filling up the DagBag from /opt/airflow/dags/maritime_intelligence_pipeline.py
[2026-09-09T04:53:12.038+0000] {processor.py:840} INFO - DAG(s) 'maritime_intelligence_pipeline' retrieved from /opt/airflow/dags/maritime_intelligence_pipeline.py
[2026-09-09T04:53:12.104+0000] {logging_mixin.py:188} INFO - [2026-09-09T04:53:12.104+0000] {dag.py:3089} INFO - Sync 1 DAGs
[2026-09-09T04:53:12.146+0000] {logging_mixin.py:188} INFO - [2026-09-09T04:53:12.146+0000] {dag.py:3947} INFO - Setting next_dagrun for maritime_intelligence_pipeline to 2026-09-08 00:00:00+00:00, run_after=2026-09-09 00:00:00+00:00
[2026-09-09T04:53:12.179+0000] {processor.py:183} INFO - Processing /opt/airflow/dags/maritime_intelligence_pipeline.py took 0.215 seconds
[2026-09-09T04:53:42.794+0000] {processor.py:161} INFO - Started process (PID=6850) to work on /opt/airflow/dags/maritime_intelligence_pipeline.py
[2026-09-09T04:53:42.805+0000] {processor.py:830} INFO - Processing file /opt/airflow/dags/maritime_intelligence_pipeline.py for tasks to queue
[2026-09-09T04:53:42.818+0000] {logging_mixin.py:188} INFO - [2026-09-09T04:53:42.816+0000] {dagbag.py:545} INFO - Filling up the DagBag from /opt/airflow/dags/maritime_intelligence_pipeline.py
[2026-09-09T04:53:42.949+0000] {processor.py:840} INFO - DAG(s) 'maritime_intelligence_pipeline' retrieved from /opt/airflow/dags/maritime_intelligence_pipeline.py
[2026-09-09T04:53:43.053+0000] {logging_mixin.py:188} INFO - [2026-09-09T04:53:43.052+0000] {dag.py:3089} INFO - Sync 1 DAGs
[2026-09-09T04:53:43.143+0000] {logging_mixin.py:188} INFO - [2026-09-09T04:53:43.143+0000] {dag.py:3947} INFO - Setting next_dagrun for maritime_intelligence_pipeline to 2026-09-08 00:00:00+00:00, run_after=2026-09-09 00:00:00+00:00
[2026-09-09T04:53:43.223+0000] {processor.py:183} INFO - Processing /opt/airflow/dags/maritime_intelligence_pipeline.py took 0.474 seconds
[2026-09-09T04:54:13.503+0000] {processor.py:161} INFO - Started process (PID=6855) to work on /opt/airflow/dags/maritime_intelligence_pipeline.py
[2026-09-09T04:54:13.506+0000] {processor.py:830} INFO - Processing file /opt/airflow/dags/maritime_intelligence_pipeline.py for tasks to queue
[2026-09-09T04:54:13.512+0000] {logging_mixin.py:188} INFO - [2026-09-09T04:54:13.511+0000] {dagbag.py:545} INFO - Filling up the DagBag from /opt/airflow/dags/maritime_intelligence_pipeline.py
[2026-09-09T04:54:13.647+0000] {processor.py:840} INFO - DAG(s) 'maritime_intelligence_pipeline' retrieved from /opt/airflow/dags/maritime_intelligence_pipeline.py
[2026-09-09T04:54:13.718+0000] {logging_mixin.py:188} INFO - [2026-09-09T04:54:13.717+0000] {dag.py:3089} INFO - Sync 1 DAGs
[2026-09-09T04:54:13.768+0000] {logging_mixin.py:188} INFO - [2026-09-09T04:54:13.767+0000] {dag.py:3947} INFO - Setting next_dagrun for maritime_intelligence_pipeline to 2026-09-08 00:00:00+00:00, run_after=2026-09-09 00:00:00+00:00
[2026-09-09T04:54:13.811+0000] {processor.py:183} INFO - Processing /opt/airflow/dags/maritime_intelligence_pipeline.py took 0.326 seconds
[2026-09-09T04:54:44.158+0000] {processor.py:161} INFO - Started process (PID=6860) to work on /opt/airflow/dags/maritime_intelligence_pipeline.py
[2026-09-09T04:54:44.161+0000] {processor.py:830} INFO - Processing file /opt/airflow/dags/maritime_intelligence_pipeline.py for tasks to queue
[2026-09-09T04:54:44.167+0000] {logging_mixin.py:188} INFO - [2026-09-09T04:54:44.166+0000] {dagbag.py:545} INFO - Filling up the DagBag from /opt/airflow/dags/maritime_intelligence_pipeline.py
[2026-09-09T04:54:44.210+0000] {processor.py:840} INFO - DAG(s) 'maritime_intelligence_pipeline' retrieved from /opt/airflow/dags/maritime_intelligence_pipeline.py
[2026-09-09T04:54:44.265+0000] {logging_mixin.py:188} INFO - [2026-09-09T04:54:44.265+0000] {dag.py:3089} INFO - Sync 1 DAGs
[2026-09-09T04:54:44.313+0000] {logging_mixin.py:188} INFO - [2026-09-09T04:54:44.313+0000] {dag.py:3947} INFO - Setting next_dagrun for maritime_intelligence_pipeline to 2026-09-08 00:00:00+00:00, run_after=2026-09-09 00:00:00+00:00
[2026-09-09T04:54:44.349+0000] {processor.py:183} INFO - Processing /opt/airflow/dags/maritime_intelligence_pipeline.py took 0.207 seconds
[2026-09-09T04:55:14.483+0000] {processor.py:161} INFO - Started process (PID=6865) to work on /opt/airflow/dags/maritime_intelligence_pipeline.py
[2026-09-09T04:55:14.487+0000] {processor.py:830} INFO - Processing file /opt/airflow/dags/maritime_intelligence_pipeline.py for tasks to queue
[2026-09-09T04:55:14.495+0000] {logging_mixin.py:188} INFO - [2026-09-09T04:55:14.494+0000] {dagbag.py:545} INFO - Filling up the DagBag from /opt/airflow/dags/maritime_intelligence_pipeline.py
[2026-09-09T04:55:14.561+0000] {processor.py:840} INFO - DAG(s) 'maritime_intelligence_pipeline' retrieved from /opt/airflow/dags/maritime_intelligence_pipeline.py
[2026-09-09T04:55:14.642+0000] {logging_mixin.py:188} INFO - [2026-09-09T04:55:14.642+0000] {dag.py:3089} INFO - Sync 1 DAGs
[2026-09-09T04:55:14.688+0000] {logging_mixin.py:188} INFO - [2026-09-09T04:55:14.688+0000] {dag.py:3947} INFO - Setting next_dagrun for maritime_intelligence_pipeline to 2026-09-08 00:00:00+00:00, run_after=2026-09-09 00:00:00+00:00
[2026-09-09T04:55:14.728+0000] {processor.py:183} INFO - Processing /opt/airflow/dags/maritime_intelligence_pipeline.py took 0.263 seconds
[2026-09-09T04:55:44.877+0000] {processor.py:161} INFO - Started process (PID=6870) to work on /opt/airflow/dags/maritime_intelligence_pipeline.py
[2026-09-09T04:55:44.880+0000] {processor.py:830} INFO - Processing file /opt/airflow/dags/maritime_intelligence_pipeline.py for tasks to queue
[2026-09-09T04:55:44.886+0000] {logging_mixin.py:188} INFO - [2026-09-09T04:55:44.886+0000] {dagbag.py:545} INFO - Filling up the DagBag from /opt/airflow/dags/maritime_intelligence_pipeline.py
[2026-09-09T04:55:44.938+0000] {processor.py:840} INFO - DAG(s) 'maritime_intelligence_pipeline' retrieved from /opt/airflow/dags/maritime_intelligence_pipeline.py
[2026-09-09T04:55:45.016+0000] {logging_mixin.py:188} INFO - [2026-09-09T04:55:45.012+0000] {dag.py:3089} INFO - Sync 1 DAGs
[2026-09-09T04:55:45.124+0000] {logging_mixin.py:188} INFO - [2026-09-09T04:55:45.123+0000] {dag.py:3947} INFO - Setting next_dagrun for maritime_intelligence_pipeline to 2026-09-08 00:00:00+00:00, run_after=2026-09-09 00:00:00+00:00
[2026-09-09T04:55:45.176+0000] {processor.py:183} INFO - Processing /opt/airflow/dags/maritime_intelligence_pipeline.py took 0.318 seconds
[2026-09-09T04:56:15.492+0000] {processor.py:161} INFO - Started process (PID=6875) to work on /opt/airflow/dags/maritime_intelligence_pipeline.py
[2026-09-09T04:56:15.494+0000] {processor.py:830} INFO - Processing file /opt/airflow/dags/maritime_intelligence_pipeline.py for tasks to queue
[2026-09-09T04:56:15.498+0000] {logging_mixin.py:188} INFO - [2026-09-09T04:56:15.498+0000] {dagbag.py:545} INFO - Filling up the DagBag from /opt/airflow/dags/maritime_intelligence_pipeline.py
[2026-09-09T04:56:15.535+0000] {processor.py:840} INFO - DAG(s) 'maritime_intelligence_pipeline' retrieved from /opt/airflow/dags/maritime_intelligence_pipeline.py
[2026-09-09T04:56:15.587+0000] {logging_mixin.py:188} INFO - [2026-09-09T04:56:15.586+0000] {dag.py:3089} INFO - Sync 1 DAGs
[2026-09-09T04:56:15.630+0000] {logging_mixin.py:188} INFO - [2026-09-09T04:56:15.629+0000] {dag.py:3947} INFO - Setting next_dagrun for maritime_intelligence_pipeline to 2026-09-08 00:00:00+00:00, run_after=2026-09-09 00:00:00+00:00
[2026-09-09T04:56:15.669+0000] {processor.py:183} INFO - Processing /opt/airflow/dags/maritime_intelligence_pipeline.py took 0.189 seconds
[2026-09-09T04:56:46.322+0000] {processor.py:161} INFO - Started process (PID=6880) to work on /opt/airflow/dags/maritime_intelligence_pipeline.py
[2026-09-09T04:56:46.368+0000] {processor.py:830} INFO - Processing file /opt/airflow/dags/maritime_intelligence_pipeline.py for tasks to queue
[2026-09-09T04:56:46.375+0000] {logging_mixin.py:188} INFO - [2026-09-09T04:56:46.374+0000] {dagbag.py:545} INFO - Filling up the DagBag from /opt/airflow/dags/maritime_intelligence_pipeline.py
[2026-09-09T04:56:46.526+0000] {processor.py:840} INFO - DAG(s) 'maritime_intelligence_pipeline' retrieved from /opt/airflow/dags/maritime_intelligence_pipeline.py
[2026-09-09T04:56:46.677+0000] {logging_mixin.py:188} INFO - [2026-09-09T04:56:46.598+0000] {dag.py:3089} INFO - Sync 1 DAGs
[2026-09-09T04:56:47.150+0000] {logging_mixin.py:188} INFO - [2026-09-09T04:56:47.150+0000] {dag.py:3947} INFO - Setting next_dagrun for maritime_intelligence_pipeline to 2026-09-08 00:00:00+00:00, run_after=2026-09-09 00:00:00+00:00
[2026-09-09T04:56:47.182+0000] {processor.py:183} INFO - Processing /opt/airflow/dags/maritime_intelligence_pipeline.py took 0.880 seconds
[2026-09-09T04:57:19.107+0000] {processor.py:161} INFO - Started process (PID=6885) to work on /opt/airflow/dags/maritime_intelligence_pipeline.py
[2026-09-09T04:57:19.110+0000] {processor.py:830} INFO - Processing file /opt/airflow/dags/maritime_intelligence_pipeline.py for tasks to queue
[2026-09-09T04:57:19.115+0000] {logging_mixin.py:188} INFO - [2026-09-09T04:57:19.114+0000] {dagbag.py:545} INFO - Filling up the DagBag from /opt/airflow/dags/maritime_intelligence_pipeline.py
[2026-09-09T04:57:19.159+0000] {processor.py:840} INFO - DAG(s) 'maritime_intelligence_pipeline' retrieved from /opt/airflow/dags/maritime_intelligence_pipeline.py
[2026-09-09T04:57:19.294+0000] {logging_mixin.py:188} INFO - [2026-09-09T04:57:19.294+0000] {dag.py:3089} INFO - Sync 1 DAGs
[2026-09-09T04:57:19.330+0000] {logging_mixin.py:188} INFO - [2026-09-09T04:57:19.330+0000] {dag.py:3947} INFO - Setting next_dagrun for maritime_intelligence_pipeline to 2026-09-08 00:00:00+00:00, run_after=2026-09-09 00:00:00+00:00
[2026-09-09T04:57:19.364+0000] {processor.py:183} INFO - Processing /opt/airflow/dags/maritime_intelligence_pipeline.py took 0.270 seconds
[2026-09-09T04:57:50.954+0000] {processor.py:161} INFO - Started process (PID=6890) to work on /opt/airflow/dags/maritime_intelligence_pipeline.py
[2026-09-09T04:57:51.030+0000] {processor.py:830} INFO - Processing file /opt/airflow/dags/maritime_intelligence_pipeline.py for tasks to queue
[2026-09-09T04:57:51.037+0000] {logging_mixin.py:188} INFO - [2026-09-09T04:57:51.036+0000] {dagbag.py:545} INFO - Filling up the DagBag from /opt/airflow/dags/maritime_intelligence_pipeline.py
[2026-09-09T04:57:51.380+0000] {processor.py:840} INFO - DAG(s) 'maritime_intelligence_pipeline' retrieved from /opt/airflow/dags/maritime_intelligence_pipeline.py
[2026-09-09T04:57:51.446+0000] {logging_mixin.py:188} INFO - [2026-09-09T04:57:51.446+0000] {dag.py:3089} INFO - Sync 1 DAGs
[2026-09-09T04:57:51.827+0000] {logging_mixin.py:188} INFO - [2026-09-09T04:57:51.826+0000] {dag.py:3947} INFO - Setting next_dagrun for maritime_intelligence_pipeline to 2026-09-08 00:00:00+00:00, run_after=2026-09-09 00:00:00+00:00
[2026-09-09T04:57:51.885+0000] {processor.py:183} INFO - Processing /opt/airflow/dags/maritime_intelligence_pipeline.py took 1.047 seconds
[2026-09-09T04:58:22.165+0000] {processor.py:161} INFO - Started process (PID=6895) to work on /opt/airflow/dags/maritime_intelligence_pipeline.py
[2026-09-09T04:58:22.168+0000] {processor.py:830} INFO - Processing file /opt/airflow/dags/maritime_intelligence_pipeline.py for tasks to queue
[2026-09-09T04:58:22.172+0000] {logging_mixin.py:188} INFO - [2026-09-09T04:58:22.171+0000] {dagbag.py:545} INFO - Filling up the DagBag from /opt/airflow/dags/maritime_intelligence_pipeline.py
[2026-09-09T04:58:22.215+0000] {processor.py:840} INFO - DAG(s) 'maritime_intelligence_pipeline' retrieved from /opt/airflow/dags/maritime_intelligence_pipeline.py
[2026-09-09T04:58:22.258+0000] {logging_mixin.py:188} INFO - [2026-09-09T04:58:22.257+0000] {dag.py:3089} INFO - Sync 1 DAGs
[2026-09-09T04:58:22.292+0000] {logging_mixin.py:188} INFO - [2026-09-09T04:58:22.291+0000] {dag.py:3947} INFO - Setting next_dagrun for maritime_intelligence_pipeline to 2026-09-08 00:00:00+00:00, run_after=2026-09-09 00:00:00+00:00
[2026-09-09T04:58:22.321+0000] {processor.py:183} INFO - Processing /opt/airflow/dags/maritime_intelligence_pipeline.py took 0.166 seconds
[2026-09-09T04:58:53.047+0000] {processor.py:161} INFO - Started process (PID=6900) to work on /opt/airflow/dags/maritime_intelligence_pipeline.py
[2026-09-09T04:58:53.053+0000] {processor.py:830} INFO - Processing file /opt/airflow/dags/maritime_intelligence_pipeline.py for tasks to queue
[2026-09-09T04:58:53.061+0000] {logging_mixin.py:188} INFO - [2026-09-09T04:58:53.060+0000] {dagbag.py:545} INFO - Filling up the DagBag from /opt/airflow/dags/maritime_intelligence_pipeline.py
[2026-09-09T04:58:53.135+0000] {processor.py:840} INFO - DAG(s) 'maritime_intelligence_pipeline' retrieved from /opt/airflow/dags/maritime_intelligence_pipeline.py
[2026-09-09T04:58:53.534+0000] {logging_mixin.py:188} INFO - [2026-09-09T04:58:53.533+0000] {dag.py:3089} INFO - Sync 1 DAGs
[2026-09-09T04:58:53.573+0000] {logging_mixin.py:188} INFO - [2026-09-09T04:58:53.573+0000] {dag.py:3947} INFO - Setting next_dagrun for maritime_intelligence_pipeline to 2026-09-08 00:00:00+00:00, run_after=2026-09-09 00:00:00+00:00
[2026-09-09T04:58:53.607+0000] {processor.py:183} INFO - Processing /opt/airflow/dags/maritime_intelligence_pipeline.py took 0.722 seconds
[2026-09-09T04:59:24.028+0000] {processor.py:161} INFO - Started process (PID=6905) to work on /opt/airflow/dags/maritime_intelligence_pipeline.py
[2026-09-09T04:59:24.031+0000] {processor.py:830} INFO - Processing file /opt/airflow/dags/maritime_intelligence_pipeline.py for tasks to queue
[2026-09-09T04:59:24.043+0000] {logging_mixin.py:188} INFO - [2026-09-09T04:59:24.042+0000] {dagbag.py:545} INFO - Filling up the DagBag from /opt/airflow/dags/maritime_intelligence_pipeline.py
[2026-09-09T04:59:24.102+0000] {processor.py:840} INFO - DAG(s) 'maritime_intelligence_pipeline' retrieved from /opt/airflow/dags/maritime_intelligence_pipeline.py
[2026-09-09T04:59:24.393+0000] {logging_mixin.py:188} INFO - [2026-09-09T04:59:24.393+0000] {dag.py:3089} INFO - Sync 1 DAGs
[2026-09-09T04:59:24.441+0000] {logging_mixin.py:188} INFO - [2026-09-09T04:59:24.441+0000] {dag.py:3947} INFO - Setting next_dagrun for maritime_intelligence_pipeline to 2026-09-08 00:00:00+00:00, run_after=2026-09-09 00:00:00+00:00
[2026-09-09T04:59:24.483+0000] {processor.py:183} INFO - Processing /opt/airflow/dags/maritime_intelligence_pipeline.py took 0.474 seconds
[2026-09-09T04:59:54.842+0000] {processor.py:161} INFO - Started process (PID=6910) to work on /opt/airflow/dags/maritime_intelligence_pipeline.py
[2026-09-09T04:59:54.844+0000] {processor.py:830} INFO - Processing file /opt/airflow/dags/maritime_intelligence_pipeline.py for tasks to queue
[2026-09-09T04:59:54.849+0000] {logging_mixin.py:188} INFO - [2026-09-09T04:59:54.849+0000] {dagbag.py:545} INFO - Filling up the DagBag from /opt/airflow/dags/maritime_intelligence_pipeline.py
[2026-09-09T04:59:54.888+0000] {processor.py:840} INFO - DAG(s) 'maritime_intelligence_pipeline' retrieved from /opt/airflow/dags/maritime_intelligence_pipeline.py
[2026-09-09T04:59:54.938+0000] {logging_mixin.py:188} INFO - [2026-09-09T04:59:54.937+0000] {dag.py:3089} INFO - Sync 1 DAGs
[2026-09-09T04:59:54.976+0000] {logging_mixin.py:188} INFO - [2026-09-09T04:59:54.976+0000] {dag.py:3947} INFO - Setting next_dagrun for maritime_intelligence_pipeline to 2026-09-08 00:00:00+00:00, run_after=2026-09-09 00:00:00+00:00
[2026-09-09T04:59:55.032+0000] {processor.py:183} INFO - Processing /opt/airflow/dags/maritime_intelligence_pipeline.py took 0.201 seconds
[2026-09-09T05:00:25.229+0000] {processor.py:161} INFO - Started process (PID=6915) to work on /opt/airflow/dags/maritime_intelligence_pipeline.py
[2026-09-09T05:00:25.232+0000] {processor.py:830} INFO - Processing file /opt/airflow/dags/maritime_intelligence_pipeline.py for tasks to queue
[2026-09-09T05:00:25.237+0000] {logging_mixin.py:188} INFO - [2026-09-09T05:00:25.236+0000] {dagbag.py:545} INFO - Filling up the DagBag from /opt/airflow/dags/maritime_intelligence_pipeline.py
[2026-09-09T05:00:25.294+0000] {processor.py:840} INFO - DAG(s) 'maritime_intelligence_pipeline' retrieved from /opt/airflow/dags/maritime_intelligence_pipeline.py
[2026-09-09T05:00:25.378+0000] {logging_mixin.py:188} INFO - [2026-09-09T05:00:25.377+0000] {dag.py:3089} INFO - Sync 1 DAGs
[2026-09-09T05:00:25.442+0000] {logging_mixin.py:188} INFO - [2026-09-09T05:00:25.442+0000] {dag.py:3947} INFO - Setting next_dagrun for maritime_intelligence_pipeline to 2026-09-08 00:00:00+00:00, run_after=2026-09-09 00:00:00+00:00
[2026-09-09T05:00:25.486+0000] {processor.py:183} INFO - Processing /opt/airflow/dags/maritime_intelligence_pipeline.py took 0.274 seconds
[2026-09-09T05:00:55.999+0000] {processor.py:161} INFO - Started process (PID=6920) to work on /opt/airflow/dags/maritime_intelligence_pipeline.py
[2026-09-09T05:00:56.007+0000] {processor.py:830} INFO - Processing file /opt/airflow/dags/maritime_intelligence_pipeline.py for tasks to queue
[2026-09-09T05:00:56.016+0000] {logging_mixin.py:188} INFO - [2026-09-09T05:00:56.015+0000] {dagbag.py:545} INFO - Filling up the DagBag from /opt/airflow/dags/maritime_intelligence_pipeline.py
[2026-09-09T05:00:56.093+0000] {processor.py:840} INFO - DAG(s) 'maritime_intelligence_pipeline' retrieved from /opt/airflow/dags/maritime_intelligence_pipeline.py
[2026-09-09T05:00:56.176+0000] {logging_mixin.py:188} INFO - [2026-09-09T05:00:56.176+0000] {dag.py:3089} INFO - Sync 1 DAGs
[2026-09-09T05:00:56.242+0000] {logging_mixin.py:188} INFO - [2026-09-09T05:00:56.241+0000] {dag.py:3947} INFO - Setting next_dagrun for maritime_intelligence_pipeline to 2026-09-08 00:00:00+00:00, run_after=2026-09-09 00:00:00+00:00
[2026-09-09T05:00:56.298+0000] {processor.py:183} INFO - Processing /opt/airflow/dags/maritime_intelligence_pipeline.py took 0.329 seconds
[2026-09-09T05:01:26.591+0000] {processor.py:161} INFO - Started process (PID=6925) to work on /opt/airflow/dags/maritime_intelligence_pipeline.py
[2026-09-09T05:01:26.594+0000] {processor.py:830} INFO - Processing file /opt/airflow/dags/maritime_intelligence_pipeline.py for tasks to queue
[2026-09-09T05:01:26.603+0000] {logging_mixin.py:188} INFO - [2026-09-09T05:01:26.602+0000] {dagbag.py:545} INFO - Filling up the DagBag from /opt/airflow/dags/maritime_intelligence_pipeline.py
[2026-09-09T05:01:26.674+0000] {processor.py:840} INFO - DAG(s) 'maritime_intelligence_pipeline' retrieved from /opt/airflow/dags/maritime_intelligence_pipeline.py
[2026-09-09T05:01:26.747+0000] {logging_mixin.py:188} INFO - [2026-09-09T05:01:26.746+0000] {dag.py:3089} INFO - Sync 1 DAGs
[2026-09-09T05:01:26.813+0000] {logging_mixin.py:188} INFO - [2026-09-09T05:01:26.812+0000] {dag.py:3947} INFO - Setting next_dagrun for maritime_intelligence_pipeline to 2026-09-08 00:00:00+00:00, run_after=2026-09-09 00:00:00+00:00
[2026-09-09T05:01:26.855+0000] {processor.py:183} INFO - Processing /opt/airflow/dags/maritime_intelligence_pipeline.py took 0.283 seconds
[2026-09-09T05:01:57.113+0000] {processor.py:161} INFO - Started process (PID=6930) to work on /opt/airflow/dags/maritime_intelligence_pipeline.py
[2026-09-09T05:01:57.117+0000] {processor.py:830} INFO - Processing file /opt/airflow/dags/maritime_intelligence_pipeline.py for tasks to queue
[2026-09-09T05:01:57.122+0000] {logging_mixin.py:188} INFO - [2026-09-09T05:01:57.122+0000] {dagbag.py:545} INFO - Filling up the DagBag from /opt/airflow/dags/maritime_intelligence_pipeline.py
[2026-09-09T05:01:57.164+0000] {processor.py:840} INFO - DAG(s) 'maritime_intelligence_pipeline' retrieved from /opt/airflow/dags/maritime_intelligence_pipeline.py
[2026-09-09T05:01:57.232+0000] {logging_mixin.py:188} INFO - [2026-09-09T05:01:57.231+0000] {dag.py:3089} INFO - Sync 1 DAGs
[2026-09-09T05:01:57.283+0000] {logging_mixin.py:188} INFO - [2026-09-09T05:01:57.283+0000] {dag.py:3947} INFO - Setting next_dagrun for maritime_intelligence_pipeline to 2026-09-08 00:00:00+00:00, run_after=2026-09-09 00:00:00+00:00
[2026-09-09T05:01:57.319+0000] {processor.py:183} INFO - Processing /opt/airflow/dags/maritime_intelligence_pipeline.py took 0.218 seconds
[2026-09-09T05:02:27.664+0000] {processor.py:161} INFO - Started process (PID=6935) to work on /opt/airflow/dags/maritime_intelligence_pipeline.py
[2026-09-09T05:02:27.668+0000] {processor.py:830} INFO - Processing file /opt/airflow/dags/maritime_intelligence_pipeline.py for tasks to queue
[2026-09-09T05:02:27.674+0000] {logging_mixin.py:188} INFO - [2026-09-09T05:02:27.674+0000] {dagbag.py:545} INFO - Filling up the DagBag from /opt/airflow/dags/maritime_intelligence_pipeline.py
[2026-09-09T05:02:27.782+0000] {processor.py:840} INFO - DAG(s) 'maritime_intelligence_pipeline' retrieved from /opt/airflow/dags/maritime_intelligence_pipeline.py
[2026-09-09T05:02:27.846+0000] {logging_mixin.py:188} INFO - [2026-09-09T05:02:27.845+0000] {dag.py:3089} INFO - Sync 1 DAGs
[2026-09-09T05:02:27.892+0000] {logging_mixin.py:188} INFO - [2026-09-09T05:02:27.891+0000] {dag.py:3947} INFO - Setting next_dagrun for maritime_intelligence_pipeline to 2026-09-08 00:00:00+00:00, run_after=2026-09-09 00:00:00+00:00
[2026-09-09T05:02:27.929+0000] {processor.py:183} INFO - Processing /opt/airflow/dags/maritime_intelligence_pipeline.py took 0.285 seconds
[2026-09-09T05:02:58.267+0000] {processor.py:161} INFO - Started process (PID=6940) to work on /opt/airflow/dags/maritime_intelligence_pipeline.py
[2026-09-09T05:02:58.270+0000] {processor.py:830} INFO - Processing file /opt/airflow/dags/maritime_intelligence_pipeline.py for tasks to queue
[2026-09-09T05:02:58.275+0000] {logging_mixin.py:188} INFO - [2026-09-09T05:02:58.274+0000] {dagbag.py:545} INFO - Filling up the DagBag from /opt/airflow/dags/maritime_intelligence_pipeline.py
[2026-09-09T05:02:58.324+0000] {processor.py:840} INFO - DAG(s) 'maritime_intelligence_pipeline' retrieved from /opt/airflow/dags/maritime_intelligence_pipeline.py
[2026-09-09T05:02:58.386+0000] {logging_mixin.py:188} INFO - [2026-09-09T05:02:58.386+0000] {dag.py:3089} INFO - Sync 1 DAGs
[2026-09-09T05:02:58.439+0000] {logging_mixin.py:188} INFO - [2026-09-09T05:02:58.438+0000] {dag.py:3947} INFO - Setting next_dagrun for maritime_intelligence_pipeline to 2026-09-08 00:00:00+00:00, run_after=2026-09-09 00:00:00+00:00
[2026-09-09T05:02:58.516+0000] {processor.py:183} INFO - Processing /opt/airflow/dags/maritime_intelligence_pipeline.py took 0.268 seconds
[2026-09-09T05:03:28.695+0000] {processor.py:161} INFO - Started process (PID=6945) to work on /opt/airflow/dags/maritime_intelligence_pipeline.py
[2026-09-09T05:03:28.698+0000] {processor.py:830} INFO - Processing file /opt/airflow/dags/maritime_intelligence_pipeline.py for tasks to queue
[2026-09-09T05:03:28.707+0000] {logging_mixin.py:188} INFO - [2026-09-09T05:03:28.705+0000] {dagbag.py:545} INFO - Filling up the DagBag from /opt/airflow/dags/maritime_intelligence_pipeline.py
[2026-09-09T05:03:28.758+0000] {processor.py:840} INFO - DAG(s) 'maritime_intelligence_pipeline' retrieved from /opt/airflow/dags/maritime_intelligence_pipeline.py
[2026-09-09T05:03:28.887+0000] {logging_mixin.py:188} INFO - [2026-09-09T05:03:28.886+0000] {dag.py:3089} INFO - Sync 1 DAGs
[2026-09-09T05:03:28.933+0000] {logging_mixin.py:188} INFO - [2026-09-09T05:03:28.933+0000] {dag.py:3947} INFO - Setting next_dagrun for maritime_intelligence_pipeline to 2026-09-08 00:00:00+00:00, run_after=2026-09-09 00:00:00+00:00
[2026-09-09T05:03:28.973+0000] {processor.py:183} INFO - Processing /opt/airflow/dags/maritime_intelligence_pipeline.py took 0.295 seconds
[2026-09-09T05:03:59.196+0000] {processor.py:161} INFO - Started process (PID=6950) to work on /opt/airflow/dags/maritime_intelligence_pipeline.py
[2026-09-09T05:03:59.201+0000] {processor.py:830} INFO - Processing file /opt/airflow/dags/maritime_intelligence_pipeline.py for tasks to queue
[2026-09-09T05:03:59.208+0000] {logging_mixin.py:188} INFO - [2026-09-09T05:03:59.207+0000] {dagbag.py:545} INFO - Filling up the DagBag from /opt/airflow/dags/maritime_intelligence_pipeline.py
[2026-09-09T05:03:59.277+0000] {processor.py:840} INFO - DAG(s) 'maritime_intelligence_pipeline' retrieved from /opt/airflow/dags/maritime_intelligence_pipeline.py
[2026-09-09T05:03:59.387+0000] {logging_mixin.py:188} INFO - [2026-09-09T05:03:59.386+0000] {dag.py:3089} INFO - Sync 1 DAGs
[2026-09-09T05:03:59.456+0000] {logging_mixin.py:188} INFO - [2026-09-09T05:03:59.455+0000] {dag.py:3947} INFO - Setting next_dagrun for maritime_intelligence_pipeline to 2026-09-08 00:00:00+00:00, run_after=2026-09-09 00:00:00+00:00
[2026-09-09T05:03:59.522+0000] {processor.py:183} INFO - Processing /opt/airflow/dags/maritime_intelligence_pipeline.py took 0.353 seconds
[2026-09-09T05:04:29.669+0000] {processor.py:161} INFO - Started process (PID=6955) to work on /opt/airflow/dags/maritime_intelligence_pipeline.py
[2026-09-09T05:04:29.671+0000] {processor.py:830} INFO - Processing file /opt/airflow/dags/maritime_intelligence_pipeline.py for tasks to queue
[2026-09-09T05:04:29.675+0000] {logging_mixin.py:188} INFO - [2026-09-09T05:04:29.675+0000] {dagbag.py:545} INFO - Filling up the DagBag from /opt/airflow/dags/maritime_intelligence_pipeline.py
[2026-09-09T05:04:29.717+0000] {processor.py:840} INFO - DAG(s) 'maritime_intelligence_pipeline' retrieved from /opt/airflow/dags/maritime_intelligence_pipeline.py
[2026-09-09T05:04:29.784+0000] {logging_mixin.py:188} INFO - [2026-09-09T05:04:29.784+0000] {dag.py:3089} INFO - Sync 1 DAGs
[2026-09-09T05:04:29.830+0000] {logging_mixin.py:188} INFO - [2026-09-09T05:04:29.829+0000] {dag.py:3947} INFO - Setting next_dagrun for maritime_intelligence_pipeline to 2026-09-08 00:00:00+00:00, run_after=2026-09-09 00:00:00+00:00
[2026-09-09T05:04:29.865+0000] {processor.py:183} INFO - Processing /opt/airflow/dags/maritime_intelligence_pipeline.py took 0.209 seconds
[2026-09-09T05:04:59.998+0000] {processor.py:161} INFO - Started process (PID=6960) to work on /opt/airflow/dags/maritime_intelligence_pipeline.py
[2026-09-09T05:05:00.001+0000] {processor.py:830} INFO - Processing file /opt/airflow/dags/maritime_intelligence_pipeline.py for tasks to queue
[2026-09-09T05:05:00.009+0000] {logging_mixin.py:188} INFO - [2026-09-09T05:05:00.008+0000] {dagbag.py:545} INFO - Filling up the DagBag from /opt/airflow/dags/maritime_intelligence_pipeline.py
[2026-09-09T05:05:00.089+0000] {processor.py:840} INFO - DAG(s) 'maritime_intelligence_pipeline' retrieved from /opt/airflow/dags/maritime_intelligence_pipeline.py
[2026-09-09T05:05:00.187+0000] {logging_mixin.py:188} INFO - [2026-09-09T05:05:00.186+0000] {dag.py:3089} INFO - Sync 1 DAGs
[2026-09-09T05:05:00.244+0000] {logging_mixin.py:188} INFO - [2026-09-09T05:05:00.244+0000] {dag.py:3947} INFO - Setting next_dagrun for maritime_intelligence_pipeline to 2026-09-08 00:00:00+00:00, run_after=2026-09-09 00:00:00+00:00
[2026-09-09T05:05:00.286+0000] {processor.py:183} INFO - Processing /opt/airflow/dags/maritime_intelligence_pipeline.py took 0.308 seconds
[2026-09-09T05:05:30.397+0000] {processor.py:161} INFO - Started process (PID=6965) to work on /opt/airflow/dags/maritime_intelligence_pipeline.py
[2026-09-09T05:05:30.399+0000] {processor.py:830} INFO - Processing file /opt/airflow/dags/maritime_intelligence_pipeline.py for tasks to queue
[2026-09-09T05:05:30.405+0000] {logging_mixin.py:188} INFO - [2026-09-09T05:05:30.405+0000] {dagbag.py:545} INFO - Filling up the DagBag from /opt/airflow/dags/maritime_intelligence_pipeline.py
[2026-09-09T05:05:30.450+0000] {processor.py:840} INFO - DAG(s) 'maritime_intelligence_pipeline' retrieved from /opt/airflow/dags/maritime_intelligence_pipeline.py
[2026-09-09T05:05:30.519+0000] {logging_mixin.py:188} INFO - [2026-09-09T05:05:30.519+0000] {dag.py:3089} INFO - Sync 1 DAGs
[2026-09-09T05:05:30.571+0000] {logging_mixin.py:188} INFO - [2026-09-09T05:05:30.571+0000] {dag.py:3947} INFO - Setting next_dagrun for maritime_intelligence_pipeline to 2026-09-08 00:00:00+00:00, run_after=2026-09-09 00:00:00+00:00
[2026-09-09T05:05:30.611+0000] {processor.py:183} INFO - Processing /opt/airflow/dags/maritime_intelligence_pipeline.py took 0.232 seconds
[2026-09-09T05:06:00.853+0000] {processor.py:161} INFO - Started process (PID=6970) to work on /opt/airflow/dags/maritime_intelligence_pipeline.py
[2026-09-09T05:06:00.857+0000] {processor.py:830} INFO - Processing file /opt/airflow/dags/maritime_intelligence_pipeline.py for tasks to queue
[2026-09-09T05:06:00.863+0000] {logging_mixin.py:188} INFO - [2026-09-09T05:06:00.862+0000] {dagbag.py:545} INFO - Filling up the DagBag from /opt/airflow/dags/maritime_intelligence_pipeline.py
[2026-09-09T05:06:00.910+0000] {processor.py:840} INFO - DAG(s) 'maritime_intelligence_pipeline' retrieved from /opt/airflow/dags/maritime_intelligence_pipeline.py
[2026-09-09T05:06:00.980+0000] {logging_mixin.py:188} INFO - [2026-09-09T05:06:00.979+0000] {dag.py:3089} INFO - Sync 1 DAGs
[2026-09-09T05:06:01.026+0000] {logging_mixin.py:188} INFO - [2026-09-09T05:06:01.026+0000] {dag.py:3947} INFO - Setting next_dagrun for maritime_intelligence_pipeline to 2026-09-08 00:00:00+00:00, run_after=2026-09-09 00:00:00+00:00
[2026-09-09T05:06:01.064+0000] {processor.py:183} INFO - Processing /opt/airflow/dags/maritime_intelligence_pipeline.py took 0.267 seconds
[2026-09-09T05:06:31.589+0000] {processor.py:161} INFO - Started process (PID=6975) to work on /opt/airflow/dags/maritime_intelligence_pipeline.py
[2026-09-09T05:06:31.599+0000] {processor.py:830} INFO - Processing file /opt/airflow/dags/maritime_intelligence_pipeline.py for tasks to queue
[2026-09-09T05:06:31.607+0000] {logging_mixin.py:188} INFO - [2026-09-09T05:06:31.606+0000] {dagbag.py:545} INFO - Filling up the DagBag from /opt/airflow/dags/maritime_intelligence_pipeline.py
[2026-09-09T05:06:31.701+0000] {processor.py:840} INFO - DAG(s) 'maritime_intelligence_pipeline' retrieved from /opt/airflow/dags/maritime_intelligence_pipeline.py
[2026-09-09T05:06:31.914+0000] {logging_mixin.py:188} INFO - [2026-09-09T05:06:31.913+0000] {dag.py:3089} INFO - Sync 1 DAGs
[2026-09-09T05:06:32.004+0000] {logging_mixin.py:188} INFO - [2026-09-09T05:06:32.003+0000] {dag.py:3947} INFO - Setting next_dagrun for maritime_intelligence_pipeline to 2026-09-08 00:00:00+00:00, run_after=2026-09-09 00:00:00+00:00
[2026-09-09T05:06:32.083+0000] {processor.py:183} INFO - Processing /opt/airflow/dags/maritime_intelligence_pipeline.py took 0.522 seconds
[2026-09-09T05:07:02.696+0000] {processor.py:161} INFO - Started process (PID=6980) to work on /opt/airflow/dags/maritime_intelligence_pipeline.py
[2026-09-09T05:07:02.700+0000] {processor.py:830} INFO - Processing file /opt/airflow/dags/maritime_intelligence_pipeline.py for tasks to queue
[2026-09-09T05:07:02.706+0000] {logging_mixin.py:188} INFO - [2026-09-09T05:07:02.705+0000] {dagbag.py:545} INFO - Filling up the DagBag from /opt/airflow/dags/maritime_intelligence_pipeline.py
[2026-09-09T05:07:02.750+0000] {processor.py:840} INFO - DAG(s) 'maritime_intelligence_pipeline' retrieved from /opt/airflow/dags/maritime_intelligence_pipeline.py
[2026-09-09T05:07:02.812+0000] {logging_mixin.py:188} INFO - [2026-09-09T05:07:02.812+0000] {dag.py:3089} INFO - Sync 1 DAGs
[2026-09-09T05:07:02.855+0000] {logging_mixin.py:188} INFO - [2026-09-09T05:07:02.855+0000] {dag.py:3947} INFO - Setting next_dagrun for maritime_intelligence_pipeline to 2026-09-08 00:00:00+00:00, run_after=2026-09-09 00:00:00+00:00
[2026-09-09T05:07:02.890+0000] {processor.py:183} INFO - Processing /opt/airflow/dags/maritime_intelligence_pipeline.py took 0.211 seconds
[2026-09-09T05:07:33.911+0000] {processor.py:161} INFO - Started process (PID=6985) to work on /opt/airflow/dags/maritime_intelligence_pipeline.py
[2026-09-09T05:07:33.914+0000] {processor.py:830} INFO - Processing file /opt/airflow/dags/maritime_intelligence_pipeline.py for tasks to queue
[2026-09-09T05:07:33.922+0000] {logging_mixin.py:188} INFO - [2026-09-09T05:07:33.921+0000] {dagbag.py:545} INFO - Filling up the DagBag from /opt/airflow/dags/maritime_intelligence_pipeline.py
[2026-09-09T05:07:33.971+0000] {processor.py:840} INFO - DAG(s) 'maritime_intelligence_pipeline' retrieved from /opt/airflow/dags/maritime_intelligence_pipeline.py
[2026-09-09T05:07:34.040+0000] {logging_mixin.py:188} INFO - [2026-09-09T05:07:34.039+0000] {dag.py:3089} INFO - Sync 1 DAGs
[2026-09-09T05:07:34.095+0000] {logging_mixin.py:188} INFO - [2026-09-09T05:07:34.095+0000] {dag.py:3947} INFO - Setting next_dagrun for maritime_intelligence_pipeline to 2026-09-08 00:00:00+00:00, run_after=2026-09-09 00:00:00+00:00
[2026-09-09T05:07:34.137+0000] {processor.py:183} INFO - Processing /opt/airflow/dags/maritime_intelligence_pipeline.py took 0.242 seconds
[2026-09-09T05:08:04.229+0000] {processor.py:161} INFO - Started process (PID=6990) to work on /opt/airflow/dags/maritime_intelligence_pipeline.py
[2026-09-09T05:08:04.232+0000] {processor.py:830} INFO - Processing file /opt/airflow/dags/maritime_intelligence_pipeline.py for tasks to queue
[2026-09-09T05:08:04.239+0000] {logging_mixin.py:188} INFO - [2026-09-09T05:08:04.238+0000] {dagbag.py:545} INFO - Filling up the DagBag from /opt/airflow/dags/maritime_intelligence_pipeline.py
[2026-09-09T05:08:04.294+0000] {processor.py:840} INFO - DAG(s) 'maritime_intelligence_pipeline' retrieved from /opt/airflow/dags/maritime_intelligence_pipeline.py
[2026-09-09T05:08:04.365+0000] {logging_mixin.py:188} INFO - [2026-09-09T05:08:04.365+0000] {dag.py:3089} INFO - Sync 1 DAGs
[2026-09-09T05:08:04.421+0000] {logging_mixin.py:188} INFO - [2026-09-09T05:08:04.420+0000] {dag.py:3947} INFO - Setting next_dagrun for maritime_intelligence_pipeline to 2026-09-08 00:00:00+00:00, run_after=2026-09-09 00:00:00+00:00
[2026-09-09T05:08:04.456+0000] {processor.py:183} INFO - Processing /opt/airflow/dags/maritime_intelligence_pipeline.py took 0.245 seconds
[2026-09-09T05:08:35.113+0000] {processor.py:161} INFO - Started process (PID=6995) to work on /opt/airflow/dags/maritime_intelligence_pipeline.py
[2026-09-09T05:08:35.117+0000] {processor.py:830} INFO - Processing file /opt/airflow/dags/maritime_intelligence_pipeline.py for tasks to queue
[2026-09-09T05:08:35.127+0000] {logging_mixin.py:188} INFO - [2026-09-09T05:08:35.126+0000] {dagbag.py:545} INFO - Filling up the DagBag from /opt/airflow/dags/maritime_intelligence_pipeline.py
[2026-09-09T05:08:35.210+0000] {processor.py:840} INFO - DAG(s) 'maritime_intelligence_pipeline' retrieved from /opt/airflow/dags/maritime_intelligence_pipeline.py
[2026-09-09T05:08:35.313+0000] {logging_mixin.py:188} INFO - [2026-09-09T05:08:35.313+0000] {dag.py:3089} INFO - Sync 1 DAGs
[2026-09-09T05:08:35.385+0000] {logging_mixin.py:188} INFO - [2026-09-09T05:08:35.381+0000] {dag.py:3947} INFO - Setting next_dagrun for maritime_intelligence_pipeline to 2026-09-08 00:00:00+00:00, run_after=2026-09-09 00:00:00+00:00
[2026-09-09T05:08:35.467+0000] {processor.py:183} INFO - Processing /opt/airflow/dags/maritime_intelligence_pipeline.py took 0.377 seconds
[2026-09-09T05:09:05.950+0000] {processor.py:161} INFO - Started process (PID=7000) to work on /opt/airflow/dags/maritime_intelligence_pipeline.py
[2026-09-09T05:09:05.956+0000] {processor.py:830} INFO - Processing file /opt/airflow/dags/maritime_intelligence_pipeline.py for tasks to queue
[2026-09-09T05:09:05.966+0000] {logging_mixin.py:188} INFO - [2026-09-09T05:09:05.965+0000] {dagbag.py:545} INFO - Filling up the DagBag from /opt/airflow/dags/maritime_intelligence_pipeline.py
[2026-09-09T05:09:06.020+0000] {processor.py:840} INFO - DAG(s) 'maritime_intelligence_pipeline' retrieved from /opt/airflow/dags/maritime_intelligence_pipeline.py
[2026-09-09T05:09:06.096+0000] {logging_mixin.py:188} INFO - [2026-09-09T05:09:06.095+0000] {dag.py:3089} INFO - Sync 1 DAGs
[2026-09-09T05:09:06.149+0000] {logging_mixin.py:188} INFO - [2026-09-09T05:09:06.148+0000] {dag.py:3947} INFO - Setting next_dagrun for maritime_intelligence_pipeline to 2026-09-08 00:00:00+00:00, run_after=2026-09-09 00:00:00+00:00
[2026-09-09T05:09:06.184+0000] {processor.py:183} INFO - Processing /opt/airflow/dags/maritime_intelligence_pipeline.py took 0.255 seconds
[2026-09-09T05:09:36.467+0000] {processor.py:161} INFO - Started process (PID=7005) to work on /opt/airflow/dags/maritime_intelligence_pipeline.py
[2026-09-09T05:09:36.474+0000] {processor.py:830} INFO - Processing file /opt/airflow/dags/maritime_intelligence_pipeline.py for tasks to queue
[2026-09-09T05:09:36.479+0000] {logging_mixin.py:188} INFO - [2026-09-09T05:09:36.478+0000] {dagbag.py:545} INFO - Filling up the DagBag from /opt/airflow/dags/maritime_intelligence_pipeline.py
[2026-09-09T05:09:36.524+0000] {processor.py:840} INFO - DAG(s) 'maritime_intelligence_pipeline' retrieved from /opt/airflow/dags/maritime_intelligence_pipeline.py
[2026-09-09T05:09:36.592+0000] {logging_mixin.py:188} INFO - [2026-09-09T05:09:36.591+0000] {dag.py:3089} INFO - Sync 1 DAGs
[2026-09-09T05:09:36.648+0000] {logging_mixin.py:188} INFO - [2026-09-09T05:09:36.648+0000] {dag.py:3947} INFO - Setting next_dagrun for maritime_intelligence_pipeline to 2026-09-08 00:00:00+00:00, run_after=2026-09-09 00:00:00+00:00
[2026-09-09T05:09:36.687+0000] {processor.py:183} INFO - Processing /opt/airflow/dags/maritime_intelligence_pipeline.py took 0.238 seconds
[2026-09-09T05:10:06.949+0000] {processor.py:161} INFO - Started process (PID=7010) to work on /opt/airflow/dags/maritime_intelligence_pipeline.py
[2026-09-09T05:10:06.953+0000] {processor.py:830} INFO - Processing file /opt/airflow/dags/maritime_intelligence_pipeline.py for tasks to queue
[2026-09-09T05:10:06.958+0000] {logging_mixin.py:188} INFO - [2026-09-09T05:10:06.957+0000] {dagbag.py:545} INFO - Filling up the DagBag from /opt/airflow/dags/maritime_intelligence_pipeline.py
[2026-09-09T05:10:07.003+0000] {processor.py:840} INFO - DAG(s) 'maritime_intelligence_pipeline' retrieved from /opt/airflow/dags/maritime_intelligence_pipeline.py
[2026-09-09T05:10:07.066+0000] {logging_mixin.py:188} INFO - [2026-09-09T05:10:07.065+0000] {dag.py:3089} INFO - Sync 1 DAGs
[2026-09-09T05:10:07.109+0000] {logging_mixin.py:188} INFO - [2026-09-09T05:10:07.109+0000] {dag.py:3947} INFO - Setting next_dagrun for maritime_intelligence_pipeline to 2026-09-08 00:00:00+00:00, run_after=2026-09-09 00:00:00+00:00
[2026-09-09T05:10:07.148+0000] {processor.py:183} INFO - Processing /opt/airflow/dags/maritime_intelligence_pipeline.py took 0.214 seconds
[2026-09-09T05:10:37.254+0000] {processor.py:161} INFO - Started process (PID=7015) to work on /opt/airflow/dags/maritime_intelligence_pipeline.py
[2026-09-09T05:10:37.258+0000] {processor.py:830} INFO - Processing file /opt/airflow/dags/maritime_intelligence_pipeline.py for tasks to queue
[2026-09-09T05:10:37.267+0000] {logging_mixin.py:188} INFO - [2026-09-09T05:10:37.266+0000] {dagbag.py:545} INFO - Filling up the DagBag from /opt/airflow/dags/maritime_intelligence_pipeline.py
[2026-09-09T05:10:37.329+0000] {processor.py:840} INFO - DAG(s) 'maritime_intelligence_pipeline' retrieved from /opt/airflow/dags/maritime_intelligence_pipeline.py
[2026-09-09T05:10:37.409+0000] {logging_mixin.py:188} INFO - [2026-09-09T05:10:37.409+0000] {dag.py:3089} INFO - Sync 1 DAGs
[2026-09-09T05:10:37.471+0000] {logging_mixin.py:188} INFO - [2026-09-09T05:10:37.470+0000] {dag.py:3947} INFO - Setting next_dagrun for maritime_intelligence_pipeline to 2026-09-08 00:00:00+00:00, run_after=2026-09-09 00:00:00+00:00
[2026-09-09T05:10:37.543+0000] {processor.py:183} INFO - Processing /opt/airflow/dags/maritime_intelligence_pipeline.py took 0.315 seconds
[2026-09-09T05:11:07.702+0000] {processor.py:161} INFO - Started process (PID=7020) to work on /opt/airflow/dags/maritime_intelligence_pipeline.py
[2026-09-09T05:11:07.705+0000] {processor.py:830} INFO - Processing file /opt/airflow/dags/maritime_intelligence_pipeline.py for tasks to queue
[2026-09-09T05:11:07.710+0000] {logging_mixin.py:188} INFO - [2026-09-09T05:11:07.709+0000] {dagbag.py:545} INFO - Filling up the DagBag from /opt/airflow/dags/maritime_intelligence_pipeline.py
[2026-09-09T05:11:07.759+0000] {processor.py:840} INFO - DAG(s) 'maritime_intelligence_pipeline' retrieved from /opt/airflow/dags/maritime_intelligence_pipeline.py
[2026-09-09T05:11:07.828+0000] {logging_mixin.py:188} INFO - [2026-09-09T05:11:07.827+0000] {dag.py:3089} INFO - Sync 1 DAGs
[2026-09-09T05:11:07.884+0000] {logging_mixin.py:188} INFO - [2026-09-09T05:11:07.883+0000] {dag.py:3947} INFO - Setting next_dagrun for maritime_intelligence_pipeline to 2026-09-08 00:00:00+00:00, run_after=2026-09-09 00:00:00+00:00
[2026-09-09T05:11:07.921+0000] {processor.py:183} INFO - Processing /opt/airflow/dags/maritime_intelligence_pipeline.py took 0.237 seconds
[2026-09-09T05:11:38.157+0000] {processor.py:161} INFO - Started process (PID=7025) to work on /opt/airflow/dags/maritime_intelligence_pipeline.py
[2026-09-09T05:11:38.163+0000] {processor.py:830} INFO - Processing file /opt/airflow/dags/maritime_intelligence_pipeline.py for tasks to queue
[2026-09-09T05:11:38.170+0000] {logging_mixin.py:188} INFO - [2026-09-09T05:11:38.169+0000] {dagbag.py:545} INFO - Filling up the DagBag from /opt/airflow/dags/maritime_intelligence_pipeline.py
[2026-09-09T05:11:38.228+0000] {processor.py:840} INFO - DAG(s) 'maritime_intelligence_pipeline' retrieved from /opt/airflow/dags/maritime_intelligence_pipeline.py
[2026-09-09T05:11:38.310+0000] {logging_mixin.py:188} INFO - [2026-09-09T05:11:38.309+0000] {dag.py:3089} INFO - Sync 1 DAGs
[2026-09-09T05:11:38.366+0000] {logging_mixin.py:188} INFO - [2026-09-09T05:11:38.365+0000] {dag.py:3947} INFO - Setting next_dagrun for maritime_intelligence_pipeline to 2026-09-08 00:00:00+00:00, run_after=2026-09-09 00:00:00+00:00
[2026-09-09T05:11:38.404+0000] {processor.py:183} INFO - Processing /opt/airflow/dags/maritime_intelligence_pipeline.py took 0.266 seconds
[2026-09-09T05:12:08.702+0000] {processor.py:161} INFO - Started process (PID=7030) to work on /opt/airflow/dags/maritime_intelligence_pipeline.py
[2026-09-09T05:12:08.706+0000] {processor.py:830} INFO - Processing file /opt/airflow/dags/maritime_intelligence_pipeline.py for tasks to queue
[2026-09-09T05:12:08.725+0000] {logging_mixin.py:188} INFO - [2026-09-09T05:12:08.723+0000] {dagbag.py:545} INFO - Filling up the DagBag from /opt/airflow/dags/maritime_intelligence_pipeline.py
[2026-09-09T05:12:08.866+0000] {processor.py:840} INFO - DAG(s) 'maritime_intelligence_pipeline' retrieved from /opt/airflow/dags/maritime_intelligence_pipeline.py
[2026-09-09T05:12:09.030+0000] {logging_mixin.py:188} INFO - [2026-09-09T05:12:09.030+0000] {dag.py:3089} INFO - Sync 1 DAGs
[2026-09-09T05:12:09.154+0000] {logging_mixin.py:188} INFO - [2026-09-09T05:12:09.154+0000] {dag.py:3947} INFO - Setting next_dagrun for maritime_intelligence_pipeline to 2026-09-08 00:00:00+00:00, run_after=2026-09-09 00:00:00+00:00
[2026-09-09T05:12:09.288+0000] {processor.py:183} INFO - Processing /opt/airflow/dags/maritime_intelligence_pipeline.py took 0.667 seconds
[2026-09-09T05:12:39.848+0000] {processor.py:161} INFO - Started process (PID=7035) to work on /opt/airflow/dags/maritime_intelligence_pipeline.py
[2026-09-09T05:12:39.851+0000] {processor.py:830} INFO - Processing file /opt/airflow/dags/maritime_intelligence_pipeline.py for tasks to queue
[2026-09-09T05:12:39.857+0000] {logging_mixin.py:188} INFO - [2026-09-09T05:12:39.856+0000] {dagbag.py:545} INFO - Filling up the DagBag from /opt/airflow/dags/maritime_intelligence_pipeline.py
[2026-09-09T05:12:39.906+0000] {processor.py:840} INFO - DAG(s) 'maritime_intelligence_pipeline' retrieved from /opt/airflow/dags/maritime_intelligence_pipeline.py
[2026-09-09T05:12:40.022+0000] {logging_mixin.py:188} INFO - [2026-09-09T05:12:40.022+0000] {dag.py:3089} INFO - Sync 1 DAGs
[2026-09-09T05:12:40.077+0000] {logging_mixin.py:188} INFO - [2026-09-09T05:12:40.077+0000] {dag.py:3947} INFO - Setting next_dagrun for maritime_intelligence_pipeline to 2026-09-08 00:00:00+00:00, run_after=2026-09-09 00:00:00+00:00
[2026-09-09T05:12:40.124+0000] {processor.py:183} INFO - Processing /opt/airflow/dags/maritime_intelligence_pipeline.py took 0.295 seconds
[2026-09-09T05:13:10.236+0000] {processor.py:161} INFO - Started process (PID=7040) to work on /opt/airflow/dags/maritime_intelligence_pipeline.py
[2026-09-09T05:13:10.240+0000] {processor.py:830} INFO - Processing file /opt/airflow/dags/maritime_intelligence_pipeline.py for tasks to queue
[2026-09-09T05:13:10.247+0000] {logging_mixin.py:188} INFO - [2026-09-09T05:13:10.245+0000] {dagbag.py:545} INFO - Filling up the DagBag from /opt/airflow/dags/maritime_intelligence_pipeline.py
[2026-09-09T05:13:10.315+0000] {processor.py:840} INFO - DAG(s) 'maritime_intelligence_pipeline' retrieved from /opt/airflow/dags/maritime_intelligence_pipeline.py
[2026-09-09T05:13:10.391+0000] {logging_mixin.py:188} INFO - [2026-09-09T05:13:10.390+0000] {dag.py:3089} INFO - Sync 1 DAGs
[2026-09-09T05:13:10.455+0000] {logging_mixin.py:188} INFO - [2026-09-09T05:13:10.455+0000] {dag.py:3947} INFO - Setting next_dagrun for maritime_intelligence_pipeline to 2026-09-08 00:00:00+00:00, run_after=2026-09-09 00:00:00+00:00
[2026-09-09T05:13:10.507+0000] {processor.py:183} INFO - Processing /opt/airflow/dags/maritime_intelligence_pipeline.py took 0.295 seconds
[2026-09-09T05:13:40.855+0000] {processor.py:161} INFO - Started process (PID=7045) to work on /opt/airflow/dags/maritime_intelligence_pipeline.py
[2026-09-09T05:13:40.858+0000] {processor.py:830} INFO - Processing file /opt/airflow/dags/maritime_intelligence_pipeline.py for tasks to queue
[2026-09-09T05:13:40.865+0000] {logging_mixin.py:188} INFO - [2026-09-09T05:13:40.864+0000] {dagbag.py:545} INFO - Filling up the DagBag from /opt/airflow/dags/maritime_intelligence_pipeline.py
[2026-09-09T05:13:40.917+0000] {processor.py:840} INFO - DAG(s) 'maritime_intelligence_pipeline' retrieved from /opt/airflow/dags/maritime_intelligence_pipeline.py
[2026-09-09T05:13:40.995+0000] {logging_mixin.py:188} INFO - [2026-09-09T05:13:40.995+0000] {dag.py:3089} INFO - Sync 1 DAGs
[2026-09-09T05:13:41.049+0000] {logging_mixin.py:188} INFO - [2026-09-09T05:13:41.049+0000] {dag.py:3947} INFO - Setting next_dagrun for maritime_intelligence_pipeline to 2026-09-08 00:00:00+00:00, run_after=2026-09-09 00:00:00+00:00
[2026-09-09T05:13:41.103+0000] {processor.py:183} INFO - Processing /opt/airflow/dags/maritime_intelligence_pipeline.py took 0.269 seconds
[2026-09-09T05:14:11.304+0000] {processor.py:161} INFO - Started process (PID=7050) to work on /opt/airflow/dags/maritime_intelligence_pipeline.py
[2026-09-09T05:14:11.307+0000] {processor.py:830} INFO - Processing file /opt/airflow/dags/maritime_intelligence_pipeline.py for tasks to queue
[2026-09-09T05:14:11.313+0000] {logging_mixin.py:188} INFO - [2026-09-09T05:14:11.312+0000] {dagbag.py:545} INFO - Filling up the DagBag from /opt/airflow/dags/maritime_intelligence_pipeline.py
[2026-09-09T05:14:11.363+0000] {processor.py:840} INFO - DAG(s) 'maritime_intelligence_pipeline' retrieved from /opt/airflow/dags/maritime_intelligence_pipeline.py
[2026-09-09T05:14:11.426+0000] {logging_mixin.py:188} INFO - [2026-09-09T05:14:11.426+0000] {dag.py:3089} INFO - Sync 1 DAGs
[2026-09-09T05:14:11.471+0000] {logging_mixin.py:188} INFO - [2026-09-09T05:14:11.470+0000] {dag.py:3947} INFO - Setting next_dagrun for maritime_intelligence_pipeline to 2026-09-08 00:00:00+00:00, run_after=2026-09-09 00:00:00+00:00
[2026-09-09T05:14:11.507+0000] {processor.py:183} INFO - Processing /opt/airflow/dags/maritime_intelligence_pipeline.py took 0.222 seconds
[2026-09-09T05:14:41.694+0000] {processor.py:161} INFO - Started process (PID=7055) to work on /opt/airflow/dags/maritime_intelligence_pipeline.py
[2026-09-09T05:14:41.697+0000] {processor.py:830} INFO - Processing file /opt/airflow/dags/maritime_intelligence_pipeline.py for tasks to queue
[2026-09-09T05:14:41.702+0000] {logging_mixin.py:188} INFO - [2026-09-09T05:14:41.701+0000] {dagbag.py:545} INFO - Filling up the DagBag from /opt/airflow/dags/maritime_intelligence_pipeline.py
[2026-09-09T05:14:41.747+0000] {processor.py:840} INFO - DAG(s) 'maritime_intelligence_pipeline' retrieved from /opt/airflow/dags/maritime_intelligence_pipeline.py
[2026-09-09T05:14:41.808+0000] {logging_mixin.py:188} INFO - [2026-09-09T05:14:41.807+0000] {dag.py:3089} INFO - Sync 1 DAGs
[2026-09-09T05:14:41.854+0000] {logging_mixin.py:188} INFO - [2026-09-09T05:14:41.853+0000] {dag.py:3947} INFO - Setting next_dagrun for maritime_intelligence_pipeline to 2026-09-08 00:00:00+00:00, run_after=2026-09-09 00:00:00+00:00
[2026-09-09T05:14:41.891+0000] {processor.py:183} INFO - Processing /opt/airflow/dags/maritime_intelligence_pipeline.py took 0.210 seconds
[2026-09-09T05:15:12.198+0000] {processor.py:161} INFO - Started process (PID=7060) to work on /opt/airflow/dags/maritime_intelligence_pipeline.py
[2026-09-09T05:15:12.201+0000] {processor.py:830} INFO - Processing file /opt/airflow/dags/maritime_intelligence_pipeline.py for tasks to queue
[2026-09-09T05:15:12.206+0000] {logging_mixin.py:188} INFO - [2026-09-09T05:15:12.205+0000] {dagbag.py:545} INFO - Filling up the DagBag from /opt/airflow/dags/maritime_intelligence_pipeline.py
[2026-09-09T05:15:12.252+0000] {processor.py:840} INFO - DAG(s) 'maritime_intelligence_pipeline' retrieved from /opt/airflow/dags/maritime_intelligence_pipeline.py
[2026-09-09T05:15:12.303+0000] {logging_mixin.py:188} INFO - [2026-09-09T05:15:12.302+0000] {dag.py:3089} INFO - Sync 1 DAGs
[2026-09-09T05:15:12.340+0000] {logging_mixin.py:188} INFO - [2026-09-09T05:15:12.339+0000] {dag.py:3947} INFO - Setting next_dagrun for maritime_intelligence_pipeline to 2026-09-08 00:00:00+00:00, run_after=2026-09-09 00:00:00+00:00
[2026-09-09T05:15:12.373+0000] {processor.py:183} INFO - Processing /opt/airflow/dags/maritime_intelligence_pipeline.py took 0.191 seconds
[2026-09-09T05:15:42.704+0000] {processor.py:161} INFO - Started process (PID=7065) to work on /opt/airflow/dags/maritime_intelligence_pipeline.py
[2026-09-09T05:15:42.707+0000] {processor.py:830} INFO - Processing file /opt/airflow/dags/maritime_intelligence_pipeline.py for tasks to queue
[2026-09-09T05:15:42.712+0000] {logging_mixin.py:188} INFO - [2026-09-09T05:15:42.711+0000] {dagbag.py:545} INFO - Filling up the DagBag from /opt/airflow/dags/maritime_intelligence_pipeline.py
[2026-09-09T05:15:42.771+0000] {processor.py:840} INFO - DAG(s) 'maritime_intelligence_pipeline' retrieved from /opt/airflow/dags/maritime_intelligence_pipeline.py
[2026-09-09T05:15:42.839+0000] {logging_mixin.py:188} INFO - [2026-09-09T05:15:42.839+0000] {dag.py:3089} INFO - Sync 1 DAGs
[2026-09-09T05:15:42.890+0000] {logging_mixin.py:188} INFO - [2026-09-09T05:15:42.890+0000] {dag.py:3947} INFO - Setting next_dagrun for maritime_intelligence_pipeline to 2026-09-08 00:00:00+00:00, run_after=2026-09-09 00:00:00+00:00
[2026-09-09T05:15:42.925+0000] {processor.py:183} INFO - Processing /opt/airflow/dags/maritime_intelligence_pipeline.py took 0.239 seconds
[2026-09-09T05:16:13.205+0000] {processor.py:161} INFO - Started process (PID=7070) to work on /opt/airflow/dags/maritime_intelligence_pipeline.py
[2026-09-09T05:16:13.208+0000] {processor.py:830} INFO - Processing file /opt/airflow/dags/maritime_intelligence_pipeline.py for tasks to queue
[2026-09-09T05:16:13.216+0000] {logging_mixin.py:188} INFO - [2026-09-09T05:16:13.215+0000] {dagbag.py:545} INFO - Filling up the DagBag from /opt/airflow/dags/maritime_intelligence_pipeline.py
[2026-09-09T05:16:13.255+0000] {processor.py:840} INFO - DAG(s) 'maritime_intelligence_pipeline' retrieved from /opt/airflow/dags/maritime_intelligence_pipeline.py
[2026-09-09T05:16:13.305+0000] {logging_mixin.py:188} INFO - [2026-09-09T05:16:13.304+0000] {dag.py:3089} INFO - Sync 1 DAGs
[2026-09-09T05:16:13.347+0000] {logging_mixin.py:188} INFO - [2026-09-09T05:16:13.347+0000] {dag.py:3947} INFO - Setting next_dagrun for maritime_intelligence_pipeline to 2026-09-08 00:00:00+00:00, run_after=2026-09-09 00:00:00+00:00
[2026-09-09T05:16:13.384+0000] {processor.py:183} INFO - Processing /opt/airflow/dags/maritime_intelligence_pipeline.py took 0.195 seconds
[2026-09-09T05:16:43.697+0000] {processor.py:161} INFO - Started process (PID=7075) to work on /opt/airflow/dags/maritime_intelligence_pipeline.py
[2026-09-09T05:16:43.709+0000] {processor.py:830} INFO - Processing file /opt/airflow/dags/maritime_intelligence_pipeline.py for tasks to queue
[2026-09-09T05:16:43.726+0000] {logging_mixin.py:188} INFO - [2026-09-09T05:16:43.720+0000] {dagbag.py:545} INFO - Filling up the DagBag from /opt/airflow/dags/maritime_intelligence_pipeline.py
[2026-09-09T05:16:43.861+0000] {processor.py:840} INFO - DAG(s) 'maritime_intelligence_pipeline' retrieved from /opt/airflow/dags/maritime_intelligence_pipeline.py
[2026-09-09T05:16:43.965+0000] {logging_mixin.py:188} INFO - [2026-09-09T05:16:43.965+0000] {dag.py:3089} INFO - Sync 1 DAGs
[2026-09-09T05:16:44.109+0000] {logging_mixin.py:188} INFO - [2026-09-09T05:16:44.108+0000] {dag.py:3947} INFO - Setting next_dagrun for maritime_intelligence_pipeline to 2026-09-08 00:00:00+00:00, run_after=2026-09-09 00:00:00+00:00
[2026-09-09T05:16:44.161+0000] {processor.py:183} INFO - Processing /opt/airflow/dags/maritime_intelligence_pipeline.py took 0.504 seconds
[2026-09-09T05:17:14.254+0000] {processor.py:161} INFO - Started process (PID=7080) to work on /opt/airflow/dags/maritime_intelligence_pipeline.py
[2026-09-09T05:17:14.256+0000] {processor.py:830} INFO - Processing file /opt/airflow/dags/maritime_intelligence_pipeline.py for tasks to queue
[2026-09-09T05:17:14.260+0000] {logging_mixin.py:188} INFO - [2026-09-09T05:17:14.259+0000] {dagbag.py:545} INFO - Filling up the DagBag from /opt/airflow/dags/maritime_intelligence_pipeline.py
[2026-09-09T05:17:14.304+0000] {processor.py:840} INFO - DAG(s) 'maritime_intelligence_pipeline' retrieved from /opt/airflow/dags/maritime_intelligence_pipeline.py
[2026-09-09T05:17:14.355+0000] {logging_mixin.py:188} INFO - [2026-09-09T05:17:14.354+0000] {dag.py:3089} INFO - Sync 1 DAGs
[2026-09-09T05:17:14.592+0000] {logging_mixin.py:188} INFO - [2026-09-09T05:17:14.591+0000] {dag.py:3947} INFO - Setting next_dagrun for maritime_intelligence_pipeline to 2026-09-08 00:00:00+00:00, run_after=2026-09-09 00:00:00+00:00
[2026-09-09T05:17:14.859+0000] {processor.py:183} INFO - Processing /opt/airflow/dags/maritime_intelligence_pipeline.py took 0.617 seconds
[2026-09-09T10:16:14.693+0000] {processor.py:161} INFO - Started process (PID=165) to work on /opt/airflow/dags/maritime_intelligence_pipeline.py
[2026-09-09T10:16:14.698+0000] {processor.py:830} INFO - Processing file /opt/airflow/dags/maritime_intelligence_pipeline.py for tasks to queue
[2026-09-09T10:16:14.711+0000] {logging_mixin.py:188} INFO - [2026-09-09T10:16:14.705+0000] {dagbag.py:545} INFO - Filling up the DagBag from /opt/airflow/dags/maritime_intelligence_pipeline.py
[2026-09-09T10:16:14.836+0000] {processor.py:840} INFO - DAG(s) 'maritime_intelligence_pipeline' retrieved from /opt/airflow/dags/maritime_intelligence_pipeline.py
[2026-09-09T10:16:15.624+0000] {logging_mixin.py:188} INFO - [2026-09-09T10:16:15.620+0000] {dag.py:3089} INFO - Sync 1 DAGs
[2026-09-09T10:16:15.707+0000] {logging_mixin.py:188} INFO - [2026-09-09T10:16:15.706+0000] {dag.py:3947} INFO - Setting next_dagrun for maritime_intelligence_pipeline to 2026-09-08 00:00:00+00:00, run_after=2026-09-09 00:00:00+00:00
[2026-09-09T10:16:15.766+0000] {processor.py:183} INFO - Processing /opt/airflow/dags/maritime_intelligence_pipeline.py took 1.093 seconds
[2026-09-09T10:16:45.929+0000] {processor.py:161} INFO - Started process (PID=170) to work on /opt/airflow/dags/maritime_intelligence_pipeline.py
[2026-09-09T10:16:45.932+0000] {processor.py:830} INFO - Processing file /opt/airflow/dags/maritime_intelligence_pipeline.py for tasks to queue
[2026-09-09T10:16:45.938+0000] {logging_mixin.py:188} INFO - [2026-09-09T10:16:45.937+0000] {dagbag.py:545} INFO - Filling up the DagBag from /opt/airflow/dags/maritime_intelligence_pipeline.py
[2026-09-09T10:16:45.978+0000] {processor.py:840} INFO - DAG(s) 'maritime_intelligence_pipeline' retrieved from /opt/airflow/dags/maritime_intelligence_pipeline.py
[2026-09-09T10:16:46.040+0000] {logging_mixin.py:188} INFO - [2026-09-09T10:16:46.040+0000] {dag.py:3089} INFO - Sync 1 DAGs
[2026-09-09T10:16:46.081+0000] {logging_mixin.py:188} INFO - [2026-09-09T10:16:46.080+0000] {dag.py:3947} INFO - Setting next_dagrun for maritime_intelligence_pipeline to 2026-09-08 00:00:00+00:00, run_after=2026-09-09 00:00:00+00:00
[2026-09-09T10:16:46.109+0000] {processor.py:183} INFO - Processing /opt/airflow/dags/maritime_intelligence_pipeline.py took 0.195 seconds
[2026-09-09T10:17:16.302+0000] {processor.py:161} INFO - Started process (PID=175) to work on /opt/airflow/dags/maritime_intelligence_pipeline.py
[2026-09-09T10:17:16.305+0000] {processor.py:830} INFO - Processing file /opt/airflow/dags/maritime_intelligence_pipeline.py for tasks to queue
[2026-09-09T10:17:16.309+0000] {logging_mixin.py:188} INFO - [2026-09-09T10:17:16.308+0000] {dagbag.py:545} INFO - Filling up the DagBag from /opt/airflow/dags/maritime_intelligence_pipeline.py
[2026-09-09T10:17:16.354+0000] {processor.py:840} INFO - DAG(s) 'maritime_intelligence_pipeline' retrieved from /opt/airflow/dags/maritime_intelligence_pipeline.py
[2026-09-09T10:17:16.397+0000] {logging_mixin.py:188} INFO - [2026-09-09T10:17:16.396+0000] {dag.py:3089} INFO - Sync 1 DAGs
[2026-09-09T10:17:16.430+0000] {logging_mixin.py:188} INFO - [2026-09-09T10:17:16.429+0000] {dag.py:3947} INFO - Setting next_dagrun for maritime_intelligence_pipeline to 2026-09-08 00:00:00+00:00, run_after=2026-09-09 00:00:00+00:00
[2026-09-09T10:17:16.458+0000] {processor.py:183} INFO - Processing /opt/airflow/dags/maritime_intelligence_pipeline.py took 0.168 seconds
[2026-09-09T10:17:46.544+0000] {processor.py:161} INFO - Started process (PID=180) to work on /opt/airflow/dags/maritime_intelligence_pipeline.py
[2026-09-09T10:17:46.547+0000] {processor.py:830} INFO - Processing file /opt/airflow/dags/maritime_intelligence_pipeline.py for tasks to queue
[2026-09-09T10:17:46.552+0000] {logging_mixin.py:188} INFO - [2026-09-09T10:17:46.552+0000] {dagbag.py:545} INFO - Filling up the DagBag from /opt/airflow/dags/maritime_intelligence_pipeline.py
[2026-09-09T10:17:46.598+0000] {processor.py:840} INFO - DAG(s) 'maritime_intelligence_pipeline' retrieved from /opt/airflow/dags/maritime_intelligence_pipeline.py
[2026-09-09T10:17:46.657+0000] {logging_mixin.py:188} INFO - [2026-09-09T10:17:46.657+0000] {dag.py:3089} INFO - Sync 1 DAGs
[2026-09-09T10:17:46.704+0000] {logging_mixin.py:188} INFO - [2026-09-09T10:17:46.704+0000] {dag.py:3947} INFO - Setting next_dagrun for maritime_intelligence_pipeline to 2026-09-08 00:00:00+00:00, run_after=2026-09-09 00:00:00+00:00
[2026-09-09T10:17:46.744+0000] {processor.py:183} INFO - Processing /opt/airflow/dags/maritime_intelligence_pipeline.py took 0.216 seconds
[2026-09-09T10:18:16.870+0000] {processor.py:161} INFO - Started process (PID=185) to work on /opt/airflow/dags/maritime_intelligence_pipeline.py
[2026-09-09T10:18:16.872+0000] {processor.py:830} INFO - Processing file /opt/airflow/dags/maritime_intelligence_pipeline.py for tasks to queue
[2026-09-09T10:18:16.881+0000] {logging_mixin.py:188} INFO - [2026-09-09T10:18:16.876+0000] {dagbag.py:545} INFO - Filling up the DagBag from /opt/airflow/dags/maritime_intelligence_pipeline.py
[2026-09-09T10:18:16.923+0000] {processor.py:840} INFO - DAG(s) 'maritime_intelligence_pipeline' retrieved from /opt/airflow/dags/maritime_intelligence_pipeline.py
[2026-09-09T10:18:16.968+0000] {logging_mixin.py:188} INFO - [2026-09-09T10:18:16.968+0000] {dag.py:3089} INFO - Sync 1 DAGs
[2026-09-09T10:18:17.001+0000] {logging_mixin.py:188} INFO - [2026-09-09T10:18:17.001+0000] {dag.py:3947} INFO - Setting next_dagrun for maritime_intelligence_pipeline to 2026-09-08 00:00:00+00:00, run_after=2026-09-09 00:00:00+00:00
[2026-09-09T10:18:17.032+0000] {processor.py:183} INFO - Processing /opt/airflow/dags/maritime_intelligence_pipeline.py took 0.173 seconds
[2026-09-09T10:18:47.177+0000] {processor.py:161} INFO - Started process (PID=190) to work on /opt/airflow/dags/maritime_intelligence_pipeline.py
[2026-09-09T10:18:47.180+0000] {processor.py:830} INFO - Processing file /opt/airflow/dags/maritime_intelligence_pipeline.py for tasks to queue
[2026-09-09T10:18:47.184+0000] {logging_mixin.py:188} INFO - [2026-09-09T10:18:47.184+0000] {dagbag.py:545} INFO - Filling up the DagBag from /opt/airflow/dags/maritime_intelligence_pipeline.py
[2026-09-09T10:18:47.224+0000] {processor.py:840} INFO - DAG(s) 'maritime_intelligence_pipeline' retrieved from /opt/airflow/dags/maritime_intelligence_pipeline.py
[2026-09-09T10:18:47.269+0000] {logging_mixin.py:188} INFO - [2026-09-09T10:18:47.269+0000] {dag.py:3089} INFO - Sync 1 DAGs
[2026-09-09T10:18:47.307+0000] {logging_mixin.py:188} INFO - [2026-09-09T10:18:47.306+0000] {dag.py:3947} INFO - Setting next_dagrun for maritime_intelligence_pipeline to 2026-09-08 00:00:00+00:00, run_after=2026-09-09 00:00:00+00:00
[2026-09-09T10:18:47.337+0000] {processor.py:183} INFO - Processing /opt/airflow/dags/maritime_intelligence_pipeline.py took 0.176 seconds
[2026-09-09T10:19:17.479+0000] {processor.py:161} INFO - Started process (PID=195) to work on /opt/airflow/dags/maritime_intelligence_pipeline.py
[2026-09-09T10:19:17.484+0000] {processor.py:830} INFO - Processing file /opt/airflow/dags/maritime_intelligence_pipeline.py for tasks to queue
[2026-09-09T10:19:17.491+0000] {logging_mixin.py:188} INFO - [2026-09-09T10:19:17.489+0000] {dagbag.py:545} INFO - Filling up the DagBag from /opt/airflow/dags/maritime_intelligence_pipeline.py
[2026-09-09T10:19:17.547+0000] {processor.py:840} INFO - DAG(s) 'maritime_intelligence_pipeline' retrieved from /opt/airflow/dags/maritime_intelligence_pipeline.py
[2026-09-09T10:19:17.616+0000] {logging_mixin.py:188} INFO - [2026-09-09T10:19:17.616+0000] {dag.py:3089} INFO - Sync 1 DAGs
[2026-09-09T10:19:17.676+0000] {logging_mixin.py:188} INFO - [2026-09-09T10:19:17.675+0000] {dag.py:3947} INFO - Setting next_dagrun for maritime_intelligence_pipeline to 2026-09-08 00:00:00+00:00, run_after=2026-09-09 00:00:00+00:00
[2026-09-09T10:19:17.722+0000] {processor.py:183} INFO - Processing /opt/airflow/dags/maritime_intelligence_pipeline.py took 0.256 seconds
[2026-09-09T10:19:47.979+0000] {processor.py:161} INFO - Started process (PID=200) to work on /opt/airflow/dags/maritime_intelligence_pipeline.py
[2026-09-09T10:19:47.991+0000] {processor.py:830} INFO - Processing file /opt/airflow/dags/maritime_intelligence_pipeline.py for tasks to queue
[2026-09-09T10:19:47.999+0000] {logging_mixin.py:188} INFO - [2026-09-09T10:19:47.998+0000] {dagbag.py:545} INFO - Filling up the DagBag from /opt/airflow/dags/maritime_intelligence_pipeline.py
[2026-09-09T10:19:48.066+0000] {processor.py:840} INFO - DAG(s) 'maritime_intelligence_pipeline' retrieved from /opt/airflow/dags/maritime_intelligence_pipeline.py
[2026-09-09T10:19:48.134+0000] {logging_mixin.py:188} INFO - [2026-09-09T10:19:48.133+0000] {dag.py:3089} INFO - Sync 1 DAGs
[2026-09-09T10:19:48.178+0000] {logging_mixin.py:188} INFO - [2026-09-09T10:19:48.177+0000] {dag.py:3947} INFO - Setting next_dagrun for maritime_intelligence_pipeline to 2026-09-08 00:00:00+00:00, run_after=2026-09-09 00:00:00+00:00
[2026-09-09T10:19:48.214+0000] {processor.py:183} INFO - Processing /opt/airflow/dags/maritime_intelligence_pipeline.py took 0.258 seconds
[2026-09-09T10:20:18.502+0000] {processor.py:161} INFO - Started process (PID=205) to work on /opt/airflow/dags/maritime_intelligence_pipeline.py
[2026-09-09T10:20:18.504+0000] {processor.py:830} INFO - Processing file /opt/airflow/dags/maritime_intelligence_pipeline.py for tasks to queue
[2026-09-09T10:20:18.508+0000] {logging_mixin.py:188} INFO - [2026-09-09T10:20:18.508+0000] {dagbag.py:545} INFO - Filling up the DagBag from /opt/airflow/dags/maritime_intelligence_pipeline.py
[2026-09-09T10:20:18.552+0000] {processor.py:840} INFO - DAG(s) 'maritime_intelligence_pipeline' retrieved from /opt/airflow/dags/maritime_intelligence_pipeline.py
[2026-09-09T10:20:18.612+0000] {logging_mixin.py:188} INFO - [2026-09-09T10:20:18.612+0000] {dag.py:3089} INFO - Sync 1 DAGs
[2026-09-09T10:20:18.657+0000] {logging_mixin.py:188} INFO - [2026-09-09T10:20:18.656+0000] {dag.py:3947} INFO - Setting next_dagrun for maritime_intelligence_pipeline to 2026-09-08 00:00:00+00:00, run_after=2026-09-09 00:00:00+00:00
[2026-09-09T10:20:18.690+0000] {processor.py:183} INFO - Processing /opt/airflow/dags/maritime_intelligence_pipeline.py took 0.206 seconds
[2026-09-09T10:20:48.954+0000] {processor.py:161} INFO - Started process (PID=210) to work on /opt/airflow/dags/maritime_intelligence_pipeline.py
[2026-09-09T10:20:48.959+0000] {processor.py:830} INFO - Processing file /opt/airflow/dags/maritime_intelligence_pipeline.py for tasks to queue
[2026-09-09T10:20:48.970+0000] {logging_mixin.py:188} INFO - [2026-09-09T10:20:48.969+0000] {dagbag.py:545} INFO - Filling up the DagBag from /opt/airflow/dags/maritime_intelligence_pipeline.py
[2026-09-09T10:20:49.098+0000] {processor.py:840} INFO - DAG(s) 'maritime_intelligence_pipeline' retrieved from /opt/airflow/dags/maritime_intelligence_pipeline.py
[2026-09-09T10:20:49.160+0000] {logging_mixin.py:188} INFO - [2026-09-09T10:20:49.159+0000] {dag.py:3089} INFO - Sync 1 DAGs
[2026-09-09T10:20:49.206+0000] {logging_mixin.py:188} INFO - [2026-09-09T10:20:49.206+0000] {dag.py:3947} INFO - Setting next_dagrun for maritime_intelligence_pipeline to 2026-09-08 00:00:00+00:00, run_after=2026-09-09 00:00:00+00:00
[2026-09-09T10:20:49.235+0000] {processor.py:183} INFO - Processing /opt/airflow/dags/maritime_intelligence_pipeline.py took 0.315 seconds
[2026-09-09T10:21:19.541+0000] {processor.py:161} INFO - Started process (PID=215) to work on /opt/airflow/dags/maritime_intelligence_pipeline.py
[2026-09-09T10:21:19.543+0000] {processor.py:830} INFO - Processing file /opt/airflow/dags/maritime_intelligence_pipeline.py for tasks to queue
[2026-09-09T10:21:19.547+0000] {logging_mixin.py:188} INFO - [2026-09-09T10:21:19.546+0000] {dagbag.py:545} INFO - Filling up the DagBag from /opt/airflow/dags/maritime_intelligence_pipeline.py
[2026-09-09T10:21:19.587+0000] {processor.py:840} INFO - DAG(s) 'maritime_intelligence_pipeline' retrieved from /opt/airflow/dags/maritime_intelligence_pipeline.py
[2026-09-09T10:21:19.630+0000] {logging_mixin.py:188} INFO - [2026-09-09T10:21:19.629+0000] {dag.py:3089} INFO - Sync 1 DAGs
[2026-09-09T10:21:19.663+0000] {logging_mixin.py:188} INFO - [2026-09-09T10:21:19.663+0000] {dag.py:3947} INFO - Setting next_dagrun for maritime_intelligence_pipeline to 2026-09-08 00:00:00+00:00, run_after=2026-09-09 00:00:00+00:00
[2026-09-09T10:21:19.692+0000] {processor.py:183} INFO - Processing /opt/airflow/dags/maritime_intelligence_pipeline.py took 0.160 seconds
[2026-09-09T10:21:49.925+0000] {processor.py:161} INFO - Started process (PID=220) to work on /opt/airflow/dags/maritime_intelligence_pipeline.py
[2026-09-09T10:21:49.927+0000] {processor.py:830} INFO - Processing file /opt/airflow/dags/maritime_intelligence_pipeline.py for tasks to queue
[2026-09-09T10:21:49.931+0000] {logging_mixin.py:188} INFO - [2026-09-09T10:21:49.931+0000] {dagbag.py:545} INFO - Filling up the DagBag from /opt/airflow/dags/maritime_intelligence_pipeline.py
[2026-09-09T10:21:49.976+0000] {processor.py:840} INFO - DAG(s) 'maritime_intelligence_pipeline' retrieved from /opt/airflow/dags/maritime_intelligence_pipeline.py
[2026-09-09T10:21:50.024+0000] {logging_mixin.py:188} INFO - [2026-09-09T10:21:50.024+0000] {dag.py:3089} INFO - Sync 1 DAGs
[2026-09-09T10:21:50.371+0000] {logging_mixin.py:188} INFO - [2026-09-09T10:21:50.370+0000] {dag.py:3947} INFO - Setting next_dagrun for maritime_intelligence_pipeline to 2026-09-08 00:00:00+00:00, run_after=2026-09-09 00:00:00+00:00
[2026-09-09T10:21:50.399+0000] {processor.py:183} INFO - Processing /opt/airflow/dags/maritime_intelligence_pipeline.py took 0.486 seconds
[2026-09-09T10:22:20.684+0000] {processor.py:161} INFO - Started process (PID=225) to work on /opt/airflow/dags/maritime_intelligence_pipeline.py
[2026-09-09T10:22:20.687+0000] {processor.py:830} INFO - Processing file /opt/airflow/dags/maritime_intelligence_pipeline.py for tasks to queue
[2026-09-09T10:22:20.692+0000] {logging_mixin.py:188} INFO - [2026-09-09T10:22:20.691+0000] {dagbag.py:545} INFO - Filling up the DagBag from /opt/airflow/dags/maritime_intelligence_pipeline.py
[2026-09-09T10:22:20.737+0000] {processor.py:840} INFO - DAG(s) 'maritime_intelligence_pipeline' retrieved from /opt/airflow/dags/maritime_intelligence_pipeline.py
[2026-09-09T10:22:20.800+0000] {logging_mixin.py:188} INFO - [2026-09-09T10:22:20.799+0000] {dag.py:3089} INFO - Sync 1 DAGs
[2026-09-09T10:22:21.283+0000] {logging_mixin.py:188} INFO - [2026-09-09T10:22:21.282+0000] {dag.py:3947} INFO - Setting next_dagrun for maritime_intelligence_pipeline to 2026-09-08 00:00:00+00:00, run_after=2026-09-09 00:00:00+00:00
[2026-09-09T10:22:21.350+0000] {processor.py:183} INFO - Processing /opt/airflow/dags/maritime_intelligence_pipeline.py took 0.680 seconds
[2026-09-09T10:22:51.653+0000] {processor.py:161} INFO - Started process (PID=230) to work on /opt/airflow/dags/maritime_intelligence_pipeline.py
[2026-09-09T10:22:51.655+0000] {processor.py:830} INFO - Processing file /opt/airflow/dags/maritime_intelligence_pipeline.py for tasks to queue
[2026-09-09T10:22:51.660+0000] {logging_mixin.py:188} INFO - [2026-09-09T10:22:51.659+0000] {dagbag.py:545} INFO - Filling up the DagBag from /opt/airflow/dags/maritime_intelligence_pipeline.py
[2026-09-09T10:22:51.703+0000] {processor.py:840} INFO - DAG(s) 'maritime_intelligence_pipeline' retrieved from /opt/airflow/dags/maritime_intelligence_pipeline.py
[2026-09-09T10:22:52.185+0000] {logging_mixin.py:188} INFO - [2026-09-09T10:22:52.184+0000] {dag.py:3089} INFO - Sync 1 DAGs
[2026-09-09T10:22:52.261+0000] {logging_mixin.py:188} INFO - [2026-09-09T10:22:52.261+0000] {dag.py:3947} INFO - Setting next_dagrun for maritime_intelligence_pipeline to 2026-09-08 00:00:00+00:00, run_after=2026-09-09 00:00:00+00:00
[2026-09-09T10:22:52.296+0000] {processor.py:183} INFO - Processing /opt/airflow/dags/maritime_intelligence_pipeline.py took 0.658 seconds
[2026-09-09T10:23:22.579+0000] {processor.py:161} INFO - Started process (PID=235) to work on /opt/airflow/dags/maritime_intelligence_pipeline.py
[2026-09-09T10:23:22.582+0000] {processor.py:830} INFO - Processing file /opt/airflow/dags/maritime_intelligence_pipeline.py for tasks to queue
[2026-09-09T10:23:22.589+0000] {logging_mixin.py:188} INFO - [2026-09-09T10:23:22.588+0000] {dagbag.py:545} INFO - Filling up the DagBag from /opt/airflow/dags/maritime_intelligence_pipeline.py
[2026-09-09T10:23:23.057+0000] {processor.py:840} INFO - DAG(s) 'maritime_intelligence_pipeline' retrieved from /opt/airflow/dags/maritime_intelligence_pipeline.py
[2026-09-09T10:23:23.127+0000] {logging_mixin.py:188} INFO - [2026-09-09T10:23:23.127+0000] {dag.py:3089} INFO - Sync 1 DAGs
[2026-09-09T10:23:23.191+0000] {logging_mixin.py:188} INFO - [2026-09-09T10:23:23.191+0000] {dag.py:3947} INFO - Setting next_dagrun for maritime_intelligence_pipeline to 2026-09-08 00:00:00+00:00, run_after=2026-09-09 00:00:00+00:00
[2026-09-09T10:23:23.222+0000] {processor.py:183} INFO - Processing /opt/airflow/dags/maritime_intelligence_pipeline.py took 0.659 seconds
[2026-09-09T10:23:53.847+0000] {processor.py:161} INFO - Started process (PID=240) to work on /opt/airflow/dags/maritime_intelligence_pipeline.py
[2026-09-09T10:23:53.850+0000] {processor.py:830} INFO - Processing file /opt/airflow/dags/maritime_intelligence_pipeline.py for tasks to queue
[2026-09-09T10:23:53.856+0000] {logging_mixin.py:188} INFO - [2026-09-09T10:23:53.855+0000] {dagbag.py:545} INFO - Filling up the DagBag from /opt/airflow/dags/maritime_intelligence_pipeline.py
[2026-09-09T10:23:53.909+0000] {processor.py:840} INFO - DAG(s) 'maritime_intelligence_pipeline' retrieved from /opt/airflow/dags/maritime_intelligence_pipeline.py
[2026-09-09T10:23:53.989+0000] {logging_mixin.py:188} INFO - [2026-09-09T10:23:53.989+0000] {dag.py:3089} INFO - Sync 1 DAGs
[2026-09-09T10:23:54.036+0000] {logging_mixin.py:188} INFO - [2026-09-09T10:23:54.035+0000] {dag.py:3947} INFO - Setting next_dagrun for maritime_intelligence_pipeline to 2026-09-08 00:00:00+00:00, run_after=2026-09-09 00:00:00+00:00
[2026-09-09T10:23:54.184+0000] {processor.py:183} INFO - Processing /opt/airflow/dags/maritime_intelligence_pipeline.py took 0.353 seconds
[2026-09-09T10:24:24.300+0000] {processor.py:161} INFO - Started process (PID=245) to work on /opt/airflow/dags/maritime_intelligence_pipeline.py
[2026-09-09T10:24:24.303+0000] {processor.py:830} INFO - Processing file /opt/airflow/dags/maritime_intelligence_pipeline.py for tasks to queue
[2026-09-09T10:24:24.307+0000] {logging_mixin.py:188} INFO - [2026-09-09T10:24:24.307+0000] {dagbag.py:545} INFO - Filling up the DagBag from /opt/airflow/dags/maritime_intelligence_pipeline.py
[2026-09-09T10:24:24.348+0000] {processor.py:840} INFO - DAG(s) 'maritime_intelligence_pipeline' retrieved from /opt/airflow/dags/maritime_intelligence_pipeline.py
[2026-09-09T10:24:24.545+0000] {logging_mixin.py:188} INFO - [2026-09-09T10:24:24.545+0000] {dag.py:3089} INFO - Sync 1 DAGs
[2026-09-09T10:24:24.598+0000] {logging_mixin.py:188} INFO - [2026-09-09T10:24:24.597+0000] {dag.py:3947} INFO - Setting next_dagrun for maritime_intelligence_pipeline to 2026-09-08 00:00:00+00:00, run_after=2026-09-09 00:00:00+00:00
[2026-09-09T10:24:24.644+0000] {processor.py:183} INFO - Processing /opt/airflow/dags/maritime_intelligence_pipeline.py took 0.357 seconds
[2026-09-09T10:24:54.836+0000] {processor.py:161} INFO - Started process (PID=250) to work on /opt/airflow/dags/maritime_intelligence_pipeline.py
[2026-09-09T10:24:54.839+0000] {processor.py:830} INFO - Processing file /opt/airflow/dags/maritime_intelligence_pipeline.py for tasks to queue
[2026-09-09T10:24:54.844+0000] {logging_mixin.py:188} INFO - [2026-09-09T10:24:54.844+0000] {dagbag.py:545} INFO - Filling up the DagBag from /opt/airflow/dags/maritime_intelligence_pipeline.py
[2026-09-09T10:24:54.885+0000] {processor.py:840} INFO - DAG(s) 'maritime_intelligence_pipeline' retrieved from /opt/airflow/dags/maritime_intelligence_pipeline.py
[2026-09-09T10:24:54.936+0000] {logging_mixin.py:188} INFO - [2026-09-09T10:24:54.936+0000] {dag.py:3089} INFO - Sync 1 DAGs
[2026-09-09T10:24:54.979+0000] {logging_mixin.py:188} INFO - [2026-09-09T10:24:54.979+0000] {dag.py:3947} INFO - Setting next_dagrun for maritime_intelligence_pipeline to 2026-09-08 00:00:00+00:00, run_after=2026-09-09 00:00:00+00:00
[2026-09-09T10:24:55.014+0000] {processor.py:183} INFO - Processing /opt/airflow/dags/maritime_intelligence_pipeline.py took 0.196 seconds
[2026-09-09T10:25:25.209+0000] {processor.py:161} INFO - Started process (PID=255) to work on /opt/airflow/dags/maritime_intelligence_pipeline.py
[2026-09-09T10:25:25.213+0000] {processor.py:830} INFO - Processing file /opt/airflow/dags/maritime_intelligence_pipeline.py for tasks to queue
[2026-09-09T10:25:25.219+0000] {logging_mixin.py:188} INFO - [2026-09-09T10:25:25.218+0000] {dagbag.py:545} INFO - Filling up the DagBag from /opt/airflow/dags/maritime_intelligence_pipeline.py
[2026-09-09T10:25:25.271+0000] {processor.py:840} INFO - DAG(s) 'maritime_intelligence_pipeline' retrieved from /opt/airflow/dags/maritime_intelligence_pipeline.py
[2026-09-09T10:25:25.341+0000] {logging_mixin.py:188} INFO - [2026-09-09T10:25:25.341+0000] {dag.py:3089} INFO - Sync 1 DAGs
[2026-09-09T10:25:25.460+0000] {logging_mixin.py:188} INFO - [2026-09-09T10:25:25.460+0000] {dag.py:3947} INFO - Setting next_dagrun for maritime_intelligence_pipeline to 2026-09-08 00:00:00+00:00, run_after=2026-09-09 00:00:00+00:00
[2026-09-09T10:25:25.579+0000] {processor.py:183} INFO - Processing /opt/airflow/dags/maritime_intelligence_pipeline.py took 0.385 seconds
[2026-09-09T10:25:55.913+0000] {processor.py:161} INFO - Started process (PID=260) to work on /opt/airflow/dags/maritime_intelligence_pipeline.py
[2026-09-09T10:25:55.916+0000] {processor.py:830} INFO - Processing file /opt/airflow/dags/maritime_intelligence_pipeline.py for tasks to queue
[2026-09-09T10:25:55.923+0000] {logging_mixin.py:188} INFO - [2026-09-09T10:25:55.922+0000] {dagbag.py:545} INFO - Filling up the DagBag from /opt/airflow/dags/maritime_intelligence_pipeline.py
[2026-09-09T10:25:56.195+0000] {processor.py:840} INFO - DAG(s) 'maritime_intelligence_pipeline' retrieved from /opt/airflow/dags/maritime_intelligence_pipeline.py
[2026-09-09T10:25:56.287+0000] {logging_mixin.py:188} INFO - [2026-09-09T10:25:56.287+0000] {dag.py:3089} INFO - Sync 1 DAGs
[2026-09-09T10:25:56.332+0000] {logging_mixin.py:188} INFO - [2026-09-09T10:25:56.331+0000] {dag.py:3947} INFO - Setting next_dagrun for maritime_intelligence_pipeline to 2026-09-08 00:00:00+00:00, run_after=2026-09-09 00:00:00+00:00
[2026-09-09T10:25:56.368+0000] {processor.py:183} INFO - Processing /opt/airflow/dags/maritime_intelligence_pipeline.py took 0.487 seconds
[2026-09-09T10:26:26.688+0000] {processor.py:161} INFO - Started process (PID=265) to work on /opt/airflow/dags/maritime_intelligence_pipeline.py
[2026-09-09T10:26:26.690+0000] {processor.py:830} INFO - Processing file /opt/airflow/dags/maritime_intelligence_pipeline.py for tasks to queue
[2026-09-09T10:26:26.694+0000] {logging_mixin.py:188} INFO - [2026-09-09T10:26:26.693+0000] {dagbag.py:545} INFO - Filling up the DagBag from /opt/airflow/dags/maritime_intelligence_pipeline.py
[2026-09-09T10:26:26.732+0000] {processor.py:840} INFO - DAG(s) 'maritime_intelligence_pipeline' retrieved from /opt/airflow/dags/maritime_intelligence_pipeline.py
[2026-09-09T10:26:26.787+0000] {logging_mixin.py:188} INFO - [2026-09-09T10:26:26.787+0000] {dag.py:3089} INFO - Sync 1 DAGs
[2026-09-09T10:26:26.832+0000] {logging_mixin.py:188} INFO - [2026-09-09T10:26:26.832+0000] {dag.py:3947} INFO - Setting next_dagrun for maritime_intelligence_pipeline to 2026-09-08 00:00:00+00:00, run_after=2026-09-09 00:00:00+00:00
[2026-09-09T10:26:26.870+0000] {processor.py:183} INFO - Processing /opt/airflow/dags/maritime_intelligence_pipeline.py took 0.193 seconds
[2026-09-09T10:26:57.132+0000] {processor.py:161} INFO - Started process (PID=270) to work on /opt/airflow/dags/maritime_intelligence_pipeline.py
[2026-09-09T10:26:57.134+0000] {processor.py:830} INFO - Processing file /opt/airflow/dags/maritime_intelligence_pipeline.py for tasks to queue
[2026-09-09T10:26:57.139+0000] {logging_mixin.py:188} INFO - [2026-09-09T10:26:57.138+0000] {dagbag.py:545} INFO - Filling up the DagBag from /opt/airflow/dags/maritime_intelligence_pipeline.py
[2026-09-09T10:26:57.196+0000] {processor.py:840} INFO - DAG(s) 'maritime_intelligence_pipeline' retrieved from /opt/airflow/dags/maritime_intelligence_pipeline.py
[2026-09-09T10:26:57.280+0000] {logging_mixin.py:188} INFO - [2026-09-09T10:26:57.279+0000] {dag.py:3089} INFO - Sync 1 DAGs
[2026-09-09T10:26:57.345+0000] {logging_mixin.py:188} INFO - [2026-09-09T10:26:57.344+0000] {dag.py:3947} INFO - Setting next_dagrun for maritime_intelligence_pipeline to 2026-09-08 00:00:00+00:00, run_after=2026-09-09 00:00:00+00:00
[2026-09-09T10:26:57.396+0000] {processor.py:183} INFO - Processing /opt/airflow/dags/maritime_intelligence_pipeline.py took 0.286 seconds
[2026-09-09T10:27:27.656+0000] {processor.py:161} INFO - Started process (PID=275) to work on /opt/airflow/dags/maritime_intelligence_pipeline.py
[2026-09-09T10:27:27.659+0000] {processor.py:830} INFO - Processing file /opt/airflow/dags/maritime_intelligence_pipeline.py for tasks to queue
[2026-09-09T10:27:27.665+0000] {logging_mixin.py:188} INFO - [2026-09-09T10:27:27.664+0000] {dagbag.py:545} INFO - Filling up the DagBag from /opt/airflow/dags/maritime_intelligence_pipeline.py
[2026-09-09T10:27:27.704+0000] {processor.py:840} INFO - DAG(s) 'maritime_intelligence_pipeline' retrieved from /opt/airflow/dags/maritime_intelligence_pipeline.py
[2026-09-09T10:27:27.753+0000] {logging_mixin.py:188} INFO - [2026-09-09T10:27:27.753+0000] {dag.py:3089} INFO - Sync 1 DAGs
[2026-09-09T10:27:27.798+0000] {logging_mixin.py:188} INFO - [2026-09-09T10:27:27.798+0000] {dag.py:3947} INFO - Setting next_dagrun for maritime_intelligence_pipeline to 2026-09-08 00:00:00+00:00, run_after=2026-09-09 00:00:00+00:00
[2026-09-09T10:27:27.833+0000] {processor.py:183} INFO - Processing /opt/airflow/dags/maritime_intelligence_pipeline.py took 0.188 seconds
[2026-09-09T10:27:57.911+0000] {processor.py:161} INFO - Started process (PID=280) to work on /opt/airflow/dags/maritime_intelligence_pipeline.py
[2026-09-09T10:27:57.913+0000] {processor.py:830} INFO - Processing file /opt/airflow/dags/maritime_intelligence_pipeline.py for tasks to queue
[2026-09-09T10:27:57.919+0000] {logging_mixin.py:188} INFO - [2026-09-09T10:27:57.918+0000] {dagbag.py:545} INFO - Filling up the DagBag from /opt/airflow/dags/maritime_intelligence_pipeline.py
[2026-09-09T10:27:58.033+0000] {processor.py:840} INFO - DAG(s) 'maritime_intelligence_pipeline' retrieved from /opt/airflow/dags/maritime_intelligence_pipeline.py
[2026-09-09T10:27:58.083+0000] {logging_mixin.py:188} INFO - [2026-09-09T10:27:58.083+0000] {dag.py:3089} INFO - Sync 1 DAGs
[2026-09-09T10:27:58.125+0000] {logging_mixin.py:188} INFO - [2026-09-09T10:27:58.125+0000] {dag.py:3947} INFO - Setting next_dagrun for maritime_intelligence_pipeline to 2026-09-08 00:00:00+00:00, run_after=2026-09-09 00:00:00+00:00
[2026-09-09T10:27:58.158+0000] {processor.py:183} INFO - Processing /opt/airflow/dags/maritime_intelligence_pipeline.py took 0.260 seconds
[2026-09-09T10:28:28.269+0000] {processor.py:161} INFO - Started process (PID=285) to work on /opt/airflow/dags/maritime_intelligence_pipeline.py
[2026-09-09T10:28:28.273+0000] {processor.py:830} INFO - Processing file /opt/airflow/dags/maritime_intelligence_pipeline.py for tasks to queue
[2026-09-09T10:28:28.279+0000] {logging_mixin.py:188} INFO - [2026-09-09T10:28:28.278+0000] {dagbag.py:545} INFO - Filling up the DagBag from /opt/airflow/dags/maritime_intelligence_pipeline.py
[2026-09-09T10:28:28.324+0000] {processor.py:840} INFO - DAG(s) 'maritime_intelligence_pipeline' retrieved from /opt/airflow/dags/maritime_intelligence_pipeline.py
[2026-09-09T10:28:28.381+0000] {logging_mixin.py:188} INFO - [2026-09-09T10:28:28.380+0000] {dag.py:3089} INFO - Sync 1 DAGs
[2026-09-09T10:28:28.420+0000] {logging_mixin.py:188} INFO - [2026-09-09T10:28:28.420+0000] {dag.py:3947} INFO - Setting next_dagrun for maritime_intelligence_pipeline to 2026-09-08 00:00:00+00:00, run_after=2026-09-09 00:00:00+00:00
[2026-09-09T10:28:28.456+0000] {processor.py:183} INFO - Processing /opt/airflow/dags/maritime_intelligence_pipeline.py took 0.200 seconds
[2026-09-09T10:28:58.667+0000] {processor.py:161} INFO - Started process (PID=290) to work on /opt/airflow/dags/maritime_intelligence_pipeline.py
[2026-09-09T10:28:58.686+0000] {processor.py:830} INFO - Processing file /opt/airflow/dags/maritime_intelligence_pipeline.py for tasks to queue
[2026-09-09T10:28:58.701+0000] {logging_mixin.py:188} INFO - [2026-09-09T10:28:58.700+0000] {dagbag.py:545} INFO - Filling up the DagBag from /opt/airflow/dags/maritime_intelligence_pipeline.py
[2026-09-09T10:28:58.753+0000] {processor.py:840} INFO - DAG(s) 'maritime_intelligence_pipeline' retrieved from /opt/airflow/dags/maritime_intelligence_pipeline.py
[2026-09-09T10:28:58.972+0000] {logging_mixin.py:188} INFO - [2026-09-09T10:28:58.972+0000] {dag.py:3089} INFO - Sync 1 DAGs
[2026-09-09T10:28:59.152+0000] {logging_mixin.py:188} INFO - [2026-09-09T10:28:59.152+0000] {dag.py:3947} INFO - Setting next_dagrun for maritime_intelligence_pipeline to 2026-09-08 00:00:00+00:00, run_after=2026-09-09 00:00:00+00:00
[2026-09-09T10:28:59.224+0000] {processor.py:183} INFO - Processing /opt/airflow/dags/maritime_intelligence_pipeline.py took 0.584 seconds
[2026-09-09T10:29:29.489+0000] {processor.py:161} INFO - Started process (PID=295) to work on /opt/airflow/dags/maritime_intelligence_pipeline.py
[2026-09-09T10:29:29.491+0000] {processor.py:830} INFO - Processing file /opt/airflow/dags/maritime_intelligence_pipeline.py for tasks to queue
[2026-09-09T10:29:29.497+0000] {logging_mixin.py:188} INFO - [2026-09-09T10:29:29.496+0000] {dagbag.py:545} INFO - Filling up the DagBag from /opt/airflow/dags/maritime_intelligence_pipeline.py
[2026-09-09T10:29:29.536+0000] {processor.py:840} INFO - DAG(s) 'maritime_intelligence_pipeline' retrieved from /opt/airflow/dags/maritime_intelligence_pipeline.py
[2026-09-09T10:29:29.591+0000] {logging_mixin.py:188} INFO - [2026-09-09T10:29:29.590+0000] {dag.py:3089} INFO - Sync 1 DAGs
[2026-09-09T10:29:29.628+0000] {logging_mixin.py:188} INFO - [2026-09-09T10:29:29.628+0000] {dag.py:3947} INFO - Setting next_dagrun for maritime_intelligence_pipeline to 2026-09-08 00:00:00+00:00, run_after=2026-09-09 00:00:00+00:00
[2026-09-09T10:29:29.658+0000] {processor.py:183} INFO - Processing /opt/airflow/dags/maritime_intelligence_pipeline.py took 0.186 seconds
[2026-09-09T10:29:59.948+0000] {processor.py:161} INFO - Started process (PID=300) to work on /opt/airflow/dags/maritime_intelligence_pipeline.py
[2026-09-09T10:29:59.951+0000] {processor.py:830} INFO - Processing file /opt/airflow/dags/maritime_intelligence_pipeline.py for tasks to queue
[2026-09-09T10:29:59.956+0000] {logging_mixin.py:188} INFO - [2026-09-09T10:29:59.955+0000] {dagbag.py:545} INFO - Filling up the DagBag from /opt/airflow/dags/maritime_intelligence_pipeline.py
[2026-09-09T10:29:59.998+0000] {processor.py:840} INFO - DAG(s) 'maritime_intelligence_pipeline' retrieved from /opt/airflow/dags/maritime_intelligence_pipeline.py
[2026-09-09T10:30:00.072+0000] {logging_mixin.py:188} INFO - [2026-09-09T10:30:00.072+0000] {dag.py:3089} INFO - Sync 1 DAGs
[2026-09-09T10:30:00.122+0000] {logging_mixin.py:188} INFO - [2026-09-09T10:30:00.121+0000] {dag.py:3947} INFO - Setting next_dagrun for maritime_intelligence_pipeline to 2026-09-08 00:00:00+00:00, run_after=2026-09-09 00:00:00+00:00
[2026-09-09T10:30:00.160+0000] {processor.py:183} INFO - Processing /opt/airflow/dags/maritime_intelligence_pipeline.py took 0.249 seconds
[2026-09-09T10:30:30.416+0000] {processor.py:161} INFO - Started process (PID=305) to work on /opt/airflow/dags/maritime_intelligence_pipeline.py
[2026-09-09T10:30:30.419+0000] {processor.py:830} INFO - Processing file /opt/airflow/dags/maritime_intelligence_pipeline.py for tasks to queue
[2026-09-09T10:30:30.424+0000] {logging_mixin.py:188} INFO - [2026-09-09T10:30:30.423+0000] {dagbag.py:545} INFO - Filling up the DagBag from /opt/airflow/dags/maritime_intelligence_pipeline.py
[2026-09-09T10:30:30.462+0000] {processor.py:840} INFO - DAG(s) 'maritime_intelligence_pipeline' retrieved from /opt/airflow/dags/maritime_intelligence_pipeline.py
[2026-09-09T10:30:30.511+0000] {logging_mixin.py:188} INFO - [2026-09-09T10:30:30.511+0000] {dag.py:3089} INFO - Sync 1 DAGs
[2026-09-09T10:30:30.553+0000] {logging_mixin.py:188} INFO - [2026-09-09T10:30:30.552+0000] {dag.py:3947} INFO - Setting next_dagrun for maritime_intelligence_pipeline to 2026-09-08 00:00:00+00:00, run_after=2026-09-09 00:00:00+00:00
[2026-09-09T10:30:30.584+0000] {processor.py:183} INFO - Processing /opt/airflow/dags/maritime_intelligence_pipeline.py took 0.179 seconds
[2026-09-09T10:31:00.719+0000] {processor.py:161} INFO - Started process (PID=310) to work on /opt/airflow/dags/maritime_intelligence_pipeline.py
[2026-09-09T10:31:00.721+0000] {processor.py:830} INFO - Processing file /opt/airflow/dags/maritime_intelligence_pipeline.py for tasks to queue
[2026-09-09T10:31:00.727+0000] {logging_mixin.py:188} INFO - [2026-09-09T10:31:00.726+0000] {dagbag.py:545} INFO - Filling up the DagBag from /opt/airflow/dags/maritime_intelligence_pipeline.py
[2026-09-09T10:31:00.770+0000] {processor.py:840} INFO - DAG(s) 'maritime_intelligence_pipeline' retrieved from /opt/airflow/dags/maritime_intelligence_pipeline.py
[2026-09-09T10:31:00.824+0000] {logging_mixin.py:188} INFO - [2026-09-09T10:31:00.824+0000] {dag.py:3089} INFO - Sync 1 DAGs
[2026-09-09T10:31:00.866+0000] {logging_mixin.py:188} INFO - [2026-09-09T10:31:00.866+0000] {dag.py:3947} INFO - Setting next_dagrun for maritime_intelligence_pipeline to 2026-09-08 00:00:00+00:00, run_after=2026-09-09 00:00:00+00:00
[2026-09-09T10:31:00.899+0000] {processor.py:183} INFO - Processing /opt/airflow/dags/maritime_intelligence_pipeline.py took 0.192 seconds
[2026-09-09T10:31:31.284+0000] {processor.py:161} INFO - Started process (PID=315) to work on /opt/airflow/dags/maritime_intelligence_pipeline.py
[2026-09-09T10:31:31.287+0000] {processor.py:830} INFO - Processing file /opt/airflow/dags/maritime_intelligence_pipeline.py for tasks to queue
[2026-09-09T10:31:31.300+0000] {logging_mixin.py:188} INFO - [2026-09-09T10:31:31.299+0000] {dagbag.py:545} INFO - Filling up the DagBag from /opt/airflow/dags/maritime_intelligence_pipeline.py
[2026-09-09T10:31:31.385+0000] {processor.py:840} INFO - DAG(s) 'maritime_intelligence_pipeline' retrieved from /opt/airflow/dags/maritime_intelligence_pipeline.py
[2026-09-09T10:31:31.503+0000] {logging_mixin.py:188} INFO - [2026-09-09T10:31:31.503+0000] {dag.py:3089} INFO - Sync 1 DAGs
[2026-09-09T10:31:31.598+0000] {logging_mixin.py:188} INFO - [2026-09-09T10:31:31.597+0000] {dag.py:3947} INFO - Setting next_dagrun for maritime_intelligence_pipeline to 2026-09-08 00:00:00+00:00, run_after=2026-09-09 00:00:00+00:00
[2026-09-09T10:31:31.667+0000] {processor.py:183} INFO - Processing /opt/airflow/dags/maritime_intelligence_pipeline.py took 0.590 seconds
[2026-09-09T10:32:01.991+0000] {processor.py:161} INFO - Started process (PID=320) to work on /opt/airflow/dags/maritime_intelligence_pipeline.py
[2026-09-09T10:32:01.994+0000] {processor.py:830} INFO - Processing file /opt/airflow/dags/maritime_intelligence_pipeline.py for tasks to queue
[2026-09-09T10:32:01.999+0000] {logging_mixin.py:188} INFO - [2026-09-09T10:32:01.998+0000] {dagbag.py:545} INFO - Filling up the DagBag from /opt/airflow/dags/maritime_intelligence_pipeline.py
[2026-09-09T10:32:02.050+0000] {processor.py:840} INFO - DAG(s) 'maritime_intelligence_pipeline' retrieved from /opt/airflow/dags/maritime_intelligence_pipeline.py
[2026-09-09T10:32:02.109+0000] {logging_mixin.py:188} INFO - [2026-09-09T10:32:02.109+0000] {dag.py:3089} INFO - Sync 1 DAGs
[2026-09-09T10:32:02.156+0000] {logging_mixin.py:188} INFO - [2026-09-09T10:32:02.156+0000] {dag.py:3947} INFO - Setting next_dagrun for maritime_intelligence_pipeline to 2026-09-08 00:00:00+00:00, run_after=2026-09-09 00:00:00+00:00
[2026-09-09T10:32:02.192+0000] {processor.py:183} INFO - Processing /opt/airflow/dags/maritime_intelligence_pipeline.py took 0.259 seconds
[2026-09-09T10:32:32.437+0000] {processor.py:161} INFO - Started process (PID=325) to work on /opt/airflow/dags/maritime_intelligence_pipeline.py
[2026-09-09T10:32:32.439+0000] {processor.py:830} INFO - Processing file /opt/airflow/dags/maritime_intelligence_pipeline.py for tasks to queue
[2026-09-09T10:32:32.444+0000] {logging_mixin.py:188} INFO - [2026-09-09T10:32:32.443+0000] {dagbag.py:545} INFO - Filling up the DagBag from /opt/airflow/dags/maritime_intelligence_pipeline.py
[2026-09-09T10:32:32.487+0000] {processor.py:840} INFO - DAG(s) 'maritime_intelligence_pipeline' retrieved from /opt/airflow/dags/maritime_intelligence_pipeline.py
[2026-09-09T10:32:32.543+0000] {logging_mixin.py:188} INFO - [2026-09-09T10:32:32.543+0000] {dag.py:3089} INFO - Sync 1 DAGs
[2026-09-09T10:32:32.584+0000] {logging_mixin.py:188} INFO - [2026-09-09T10:32:32.583+0000] {dag.py:3947} INFO - Setting next_dagrun for maritime_intelligence_pipeline to 2026-09-08 00:00:00+00:00, run_after=2026-09-09 00:00:00+00:00
[2026-09-09T10:32:32.616+0000] {processor.py:183} INFO - Processing /opt/airflow/dags/maritime_intelligence_pipeline.py took 0.192 seconds
[2026-09-09T10:33:02.852+0000] {processor.py:161} INFO - Started process (PID=330) to work on /opt/airflow/dags/maritime_intelligence_pipeline.py
[2026-09-09T10:33:02.854+0000] {processor.py:830} INFO - Processing file /opt/airflow/dags/maritime_intelligence_pipeline.py for tasks to queue
[2026-09-09T10:33:02.859+0000] {logging_mixin.py:188} INFO - [2026-09-09T10:33:02.858+0000] {dagbag.py:545} INFO - Filling up the DagBag from /opt/airflow/dags/maritime_intelligence_pipeline.py
[2026-09-09T10:33:02.905+0000] {processor.py:840} INFO - DAG(s) 'maritime_intelligence_pipeline' retrieved from /opt/airflow/dags/maritime_intelligence_pipeline.py
[2026-09-09T10:33:02.957+0000] {logging_mixin.py:188} INFO - [2026-09-09T10:33:02.956+0000] {dag.py:3089} INFO - Sync 1 DAGs
[2026-09-09T10:33:02.994+0000] {logging_mixin.py:188} INFO - [2026-09-09T10:33:02.994+0000] {dag.py:3947} INFO - Setting next_dagrun for maritime_intelligence_pipeline to 2026-09-08 00:00:00+00:00, run_after=2026-09-09 00:00:00+00:00
[2026-09-09T10:33:03.026+0000] {processor.py:183} INFO - Processing /opt/airflow/dags/maritime_intelligence_pipeline.py took 0.188 seconds
[2026-09-09T10:33:33.111+0000] {processor.py:161} INFO - Started process (PID=335) to work on /opt/airflow/dags/maritime_intelligence_pipeline.py
[2026-09-09T10:33:33.114+0000] {processor.py:830} INFO - Processing file /opt/airflow/dags/maritime_intelligence_pipeline.py for tasks to queue
[2026-09-09T10:33:33.119+0000] {logging_mixin.py:188} INFO - [2026-09-09T10:33:33.118+0000] {dagbag.py:545} INFO - Filling up the DagBag from /opt/airflow/dags/maritime_intelligence_pipeline.py
[2026-09-09T10:33:33.167+0000] {processor.py:840} INFO - DAG(s) 'maritime_intelligence_pipeline' retrieved from /opt/airflow/dags/maritime_intelligence_pipeline.py
[2026-09-09T10:33:33.220+0000] {logging_mixin.py:188} INFO - [2026-09-09T10:33:33.219+0000] {dag.py:3089} INFO - Sync 1 DAGs
[2026-09-09T10:33:33.262+0000] {logging_mixin.py:188} INFO - [2026-09-09T10:33:33.261+0000] {dag.py:3947} INFO - Setting next_dagrun for maritime_intelligence_pipeline to 2026-09-08 00:00:00+00:00, run_after=2026-09-09 00:00:00+00:00
[2026-09-09T10:33:33.294+0000] {processor.py:183} INFO - Processing /opt/airflow/dags/maritime_intelligence_pipeline.py took 0.192 seconds
[2026-09-09T10:34:03.440+0000] {processor.py:161} INFO - Started process (PID=340) to work on /opt/airflow/dags/maritime_intelligence_pipeline.py
[2026-09-09T10:34:03.442+0000] {processor.py:830} INFO - Processing file /opt/airflow/dags/maritime_intelligence_pipeline.py for tasks to queue
[2026-09-09T10:34:03.447+0000] {logging_mixin.py:188} INFO - [2026-09-09T10:34:03.446+0000] {dagbag.py:545} INFO - Filling up the DagBag from /opt/airflow/dags/maritime_intelligence_pipeline.py
[2026-09-09T10:34:03.492+0000] {processor.py:840} INFO - DAG(s) 'maritime_intelligence_pipeline' retrieved from /opt/airflow/dags/maritime_intelligence_pipeline.py
[2026-09-09T10:34:03.549+0000] {logging_mixin.py:188} INFO - [2026-09-09T10:34:03.548+0000] {dag.py:3089} INFO - Sync 1 DAGs
[2026-09-09T10:34:03.587+0000] {logging_mixin.py:188} INFO - [2026-09-09T10:34:03.587+0000] {dag.py:3947} INFO - Setting next_dagrun for maritime_intelligence_pipeline to 2026-09-08 00:00:00+00:00, run_after=2026-09-09 00:00:00+00:00
[2026-09-09T10:34:03.618+0000] {processor.py:183} INFO - Processing /opt/airflow/dags/maritime_intelligence_pipeline.py took 0.191 seconds
[2026-09-09T10:34:33.834+0000] {processor.py:161} INFO - Started process (PID=345) to work on /opt/airflow/dags/maritime_intelligence_pipeline.py
[2026-09-09T10:34:33.837+0000] {processor.py:830} INFO - Processing file /opt/airflow/dags/maritime_intelligence_pipeline.py for tasks to queue
[2026-09-09T10:34:33.841+0000] {logging_mixin.py:188} INFO - [2026-09-09T10:34:33.840+0000] {dagbag.py:545} INFO - Filling up the DagBag from /opt/airflow/dags/maritime_intelligence_pipeline.py
[2026-09-09T10:34:33.882+0000] {processor.py:840} INFO - DAG(s) 'maritime_intelligence_pipeline' retrieved from /opt/airflow/dags/maritime_intelligence_pipeline.py
[2026-09-09T10:34:33.939+0000] {logging_mixin.py:188} INFO - [2026-09-09T10:34:33.939+0000] {dag.py:3089} INFO - Sync 1 DAGs
[2026-09-09T10:34:33.983+0000] {logging_mixin.py:188} INFO - [2026-09-09T10:34:33.983+0000] {dag.py:3947} INFO - Setting next_dagrun for maritime_intelligence_pipeline to 2026-09-08 00:00:00+00:00, run_after=2026-09-09 00:00:00+00:00
[2026-09-09T10:34:34.023+0000] {processor.py:183} INFO - Processing /opt/airflow/dags/maritime_intelligence_pipeline.py took 0.204 seconds
[2026-09-09T10:35:04.267+0000] {processor.py:161} INFO - Started process (PID=350) to work on /opt/airflow/dags/maritime_intelligence_pipeline.py
[2026-09-09T10:35:04.271+0000] {processor.py:830} INFO - Processing file /opt/airflow/dags/maritime_intelligence_pipeline.py for tasks to queue
[2026-09-09T10:35:04.277+0000] {logging_mixin.py:188} INFO - [2026-09-09T10:35:04.276+0000] {dagbag.py:545} INFO - Filling up the DagBag from /opt/airflow/dags/maritime_intelligence_pipeline.py
[2026-09-09T10:35:04.461+0000] {processor.py:840} INFO - DAG(s) 'maritime_intelligence_pipeline' retrieved from /opt/airflow/dags/maritime_intelligence_pipeline.py
[2026-09-09T10:35:04.536+0000] {logging_mixin.py:188} INFO - [2026-09-09T10:35:04.535+0000] {dag.py:3089} INFO - Sync 1 DAGs
[2026-09-09T10:35:04.592+0000] {logging_mixin.py:188} INFO - [2026-09-09T10:35:04.591+0000] {dag.py:3947} INFO - Setting next_dagrun for maritime_intelligence_pipeline to 2026-09-08 00:00:00+00:00, run_after=2026-09-09 00:00:00+00:00
[2026-09-09T10:35:04.644+0000] {processor.py:183} INFO - Processing /opt/airflow/dags/maritime_intelligence_pipeline.py took 0.397 seconds
[2026-09-09T10:35:35.104+0000] {processor.py:161} INFO - Started process (PID=355) to work on /opt/airflow/dags/maritime_intelligence_pipeline.py
[2026-09-09T10:35:35.106+0000] {processor.py:830} INFO - Processing file /opt/airflow/dags/maritime_intelligence_pipeline.py for tasks to queue
[2026-09-09T10:35:35.110+0000] {logging_mixin.py:188} INFO - [2026-09-09T10:35:35.110+0000] {dagbag.py:545} INFO - Filling up the DagBag from /opt/airflow/dags/maritime_intelligence_pipeline.py
[2026-09-09T10:35:35.154+0000] {processor.py:840} INFO - DAG(s) 'maritime_intelligence_pipeline' retrieved from /opt/airflow/dags/maritime_intelligence_pipeline.py
[2026-09-09T10:35:35.203+0000] {logging_mixin.py:188} INFO - [2026-09-09T10:35:35.203+0000] {dag.py:3089} INFO - Sync 1 DAGs
[2026-09-09T10:35:35.240+0000] {logging_mixin.py:188} INFO - [2026-09-09T10:35:35.240+0000] {dag.py:3947} INFO - Setting next_dagrun for maritime_intelligence_pipeline to 2026-09-08 00:00:00+00:00, run_after=2026-09-09 00:00:00+00:00
[2026-09-09T10:35:35.271+0000] {processor.py:183} INFO - Processing /opt/airflow/dags/maritime_intelligence_pipeline.py took 0.242 seconds
[2026-09-09T10:36:05.519+0000] {processor.py:161} INFO - Started process (PID=360) to work on /opt/airflow/dags/maritime_intelligence_pipeline.py
[2026-09-09T10:36:05.521+0000] {processor.py:830} INFO - Processing file /opt/airflow/dags/maritime_intelligence_pipeline.py for tasks to queue
[2026-09-09T10:36:05.526+0000] {logging_mixin.py:188} INFO - [2026-09-09T10:36:05.525+0000] {dagbag.py:545} INFO - Filling up the DagBag from /opt/airflow/dags/maritime_intelligence_pipeline.py
[2026-09-09T10:36:05.575+0000] {processor.py:840} INFO - DAG(s) 'maritime_intelligence_pipeline' retrieved from /opt/airflow/dags/maritime_intelligence_pipeline.py
[2026-09-09T10:36:05.641+0000] {logging_mixin.py:188} INFO - [2026-09-09T10:36:05.641+0000] {dag.py:3089} INFO - Sync 1 DAGs
[2026-09-09T10:36:05.687+0000] {logging_mixin.py:188} INFO - [2026-09-09T10:36:05.687+0000] {dag.py:3947} INFO - Setting next_dagrun for maritime_intelligence_pipeline to 2026-09-08 00:00:00+00:00, run_after=2026-09-09 00:00:00+00:00
[2026-09-09T10:36:05.724+0000] {processor.py:183} INFO - Processing /opt/airflow/dags/maritime_intelligence_pipeline.py took 0.218 seconds
[2026-09-09T10:36:35.806+0000] {processor.py:161} INFO - Started process (PID=365) to work on /opt/airflow/dags/maritime_intelligence_pipeline.py
[2026-09-09T10:36:35.809+0000] {processor.py:830} INFO - Processing file /opt/airflow/dags/maritime_intelligence_pipeline.py for tasks to queue
[2026-09-09T10:36:35.813+0000] {logging_mixin.py:188} INFO - [2026-09-09T10:36:35.813+0000] {dagbag.py:545} INFO - Filling up the DagBag from /opt/airflow/dags/maritime_intelligence_pipeline.py
[2026-09-09T10:36:35.859+0000] {processor.py:840} INFO - DAG(s) 'maritime_intelligence_pipeline' retrieved from /opt/airflow/dags/maritime_intelligence_pipeline.py
[2026-09-09T10:36:35.923+0000] {logging_mixin.py:188} INFO - [2026-09-09T10:36:35.922+0000] {dag.py:3089} INFO - Sync 1 DAGs
[2026-09-09T10:36:35.975+0000] {logging_mixin.py:188} INFO - [2026-09-09T10:36:35.975+0000] {dag.py:3947} INFO - Setting next_dagrun for maritime_intelligence_pipeline to 2026-09-08 00:00:00+00:00, run_after=2026-09-09 00:00:00+00:00
[2026-09-09T10:36:36.015+0000] {processor.py:183} INFO - Processing /opt/airflow/dags/maritime_intelligence_pipeline.py took 0.223 seconds
[2026-09-09T10:37:06.172+0000] {processor.py:161} INFO - Started process (PID=370) to work on /opt/airflow/dags/maritime_intelligence_pipeline.py
[2026-09-09T10:37:06.175+0000] {processor.py:830} INFO - Processing file /opt/airflow/dags/maritime_intelligence_pipeline.py for tasks to queue
[2026-09-09T10:37:06.179+0000] {logging_mixin.py:188} INFO - [2026-09-09T10:37:06.179+0000] {dagbag.py:545} INFO - Filling up the DagBag from /opt/airflow/dags/maritime_intelligence_pipeline.py
[2026-09-09T10:37:06.227+0000] {processor.py:840} INFO - DAG(s) 'maritime_intelligence_pipeline' retrieved from /opt/airflow/dags/maritime_intelligence_pipeline.py
[2026-09-09T10:37:06.306+0000] {logging_mixin.py:188} INFO - [2026-09-09T10:37:06.306+0000] {dag.py:3089} INFO - Sync 1 DAGs
[2026-09-09T10:37:06.380+0000] {logging_mixin.py:188} INFO - [2026-09-09T10:37:06.379+0000] {dag.py:3947} INFO - Setting next_dagrun for maritime_intelligence_pipeline to 2026-09-08 00:00:00+00:00, run_after=2026-09-09 00:00:00+00:00
[2026-09-09T10:37:06.411+0000] {processor.py:183} INFO - Processing /opt/airflow/dags/maritime_intelligence_pipeline.py took 0.255 seconds
[2026-09-09T10:37:36.883+0000] {processor.py:161} INFO - Started process (PID=375) to work on /opt/airflow/dags/maritime_intelligence_pipeline.py
[2026-09-09T10:37:36.885+0000] {processor.py:830} INFO - Processing file /opt/airflow/dags/maritime_intelligence_pipeline.py for tasks to queue
[2026-09-09T10:37:36.889+0000] {logging_mixin.py:188} INFO - [2026-09-09T10:37:36.888+0000] {dagbag.py:545} INFO - Filling up the DagBag from /opt/airflow/dags/maritime_intelligence_pipeline.py
[2026-09-09T10:37:36.932+0000] {processor.py:840} INFO - DAG(s) 'maritime_intelligence_pipeline' retrieved from /opt/airflow/dags/maritime_intelligence_pipeline.py
[2026-09-09T10:37:36.977+0000] {logging_mixin.py:188} INFO - [2026-09-09T10:37:36.977+0000] {dag.py:3089} INFO - Sync 1 DAGs
[2026-09-09T10:37:37.150+0000] {logging_mixin.py:188} INFO - [2026-09-09T10:37:37.150+0000] {dag.py:3947} INFO - Setting next_dagrun for maritime_intelligence_pipeline to 2026-09-08 00:00:00+00:00, run_after=2026-09-09 00:00:00+00:00
[2026-09-09T10:37:37.188+0000] {processor.py:183} INFO - Processing /opt/airflow/dags/maritime_intelligence_pipeline.py took 0.314 seconds
[2026-09-09T10:38:07.453+0000] {processor.py:161} INFO - Started process (PID=380) to work on /opt/airflow/dags/maritime_intelligence_pipeline.py
[2026-09-09T10:38:07.456+0000] {processor.py:830} INFO - Processing file /opt/airflow/dags/maritime_intelligence_pipeline.py for tasks to queue
[2026-09-09T10:38:07.460+0000] {logging_mixin.py:188} INFO - [2026-09-09T10:38:07.459+0000] {dagbag.py:545} INFO - Filling up the DagBag from /opt/airflow/dags/maritime_intelligence_pipeline.py
[2026-09-09T10:38:07.502+0000] {processor.py:840} INFO - DAG(s) 'maritime_intelligence_pipeline' retrieved from /opt/airflow/dags/maritime_intelligence_pipeline.py
[2026-09-09T10:38:07.549+0000] {logging_mixin.py:188} INFO - [2026-09-09T10:38:07.549+0000] {dag.py:3089} INFO - Sync 1 DAGs
[2026-09-09T10:38:07.593+0000] {logging_mixin.py:188} INFO - [2026-09-09T10:38:07.592+0000] {dag.py:3947} INFO - Setting next_dagrun for maritime_intelligence_pipeline to 2026-09-08 00:00:00+00:00, run_after=2026-09-09 00:00:00+00:00
[2026-09-09T10:38:07.629+0000] {processor.py:183} INFO - Processing /opt/airflow/dags/maritime_intelligence_pipeline.py took 0.187 seconds
[2026-09-09T10:38:37.783+0000] {processor.py:161} INFO - Started process (PID=385) to work on /opt/airflow/dags/maritime_intelligence_pipeline.py
[2026-09-09T10:38:37.788+0000] {processor.py:830} INFO - Processing file /opt/airflow/dags/maritime_intelligence_pipeline.py for tasks to queue
[2026-09-09T10:38:37.914+0000] {logging_mixin.py:188} INFO - [2026-09-09T10:38:37.900+0000] {dagbag.py:545} INFO - Filling up the DagBag from /opt/airflow/dags/maritime_intelligence_pipeline.py
[2026-09-09T10:38:38.305+0000] {processor.py:840} INFO - DAG(s) 'maritime_intelligence_pipeline' retrieved from /opt/airflow/dags/maritime_intelligence_pipeline.py
[2026-09-09T10:38:38.849+0000] {logging_mixin.py:188} INFO - [2026-09-09T10:38:38.849+0000] {dag.py:3089} INFO - Sync 1 DAGs
[2026-09-09T10:38:39.040+0000] {logging_mixin.py:188} INFO - [2026-09-09T10:38:39.040+0000] {dag.py:3947} INFO - Setting next_dagrun for maritime_intelligence_pipeline to 2026-09-08 00:00:00+00:00, run_after=2026-09-09 00:00:00+00:00
[2026-09-09T10:38:39.099+0000] {processor.py:183} INFO - Processing /opt/airflow/dags/maritime_intelligence_pipeline.py took 1.346 seconds
[2026-09-09T10:39:09.852+0000] {processor.py:161} INFO - Started process (PID=390) to work on /opt/airflow/dags/maritime_intelligence_pipeline.py
[2026-09-09T10:39:09.858+0000] {processor.py:830} INFO - Processing file /opt/airflow/dags/maritime_intelligence_pipeline.py for tasks to queue
[2026-09-09T10:39:09.863+0000] {logging_mixin.py:188} INFO - [2026-09-09T10:39:09.862+0000] {dagbag.py:545} INFO - Filling up the DagBag from /opt/airflow/dags/maritime_intelligence_pipeline.py
[2026-09-09T10:39:09.986+0000] {processor.py:840} INFO - DAG(s) 'maritime_intelligence_pipeline' retrieved from /opt/airflow/dags/maritime_intelligence_pipeline.py
[2026-09-09T10:39:10.112+0000] {logging_mixin.py:188} INFO - [2026-09-09T10:39:10.111+0000] {dag.py:3089} INFO - Sync 1 DAGs
[2026-09-09T10:39:10.208+0000] {logging_mixin.py:188} INFO - [2026-09-09T10:39:10.206+0000] {dag.py:3947} INFO - Setting next_dagrun for maritime_intelligence_pipeline to 2026-09-08 00:00:00+00:00, run_after=2026-09-09 00:00:00+00:00
[2026-09-09T10:39:10.301+0000] {processor.py:183} INFO - Processing /opt/airflow/dags/maritime_intelligence_pipeline.py took 0.553 seconds
[2026-09-09T10:39:41.221+0000] {processor.py:161} INFO - Started process (PID=395) to work on /opt/airflow/dags/maritime_intelligence_pipeline.py
[2026-09-09T10:39:41.225+0000] {processor.py:830} INFO - Processing file /opt/airflow/dags/maritime_intelligence_pipeline.py for tasks to queue
[2026-09-09T10:39:41.232+0000] {logging_mixin.py:188} INFO - [2026-09-09T10:39:41.231+0000] {dagbag.py:545} INFO - Filling up the DagBag from /opt/airflow/dags/maritime_intelligence_pipeline.py
[2026-09-09T10:39:41.299+0000] {processor.py:840} INFO - DAG(s) 'maritime_intelligence_pipeline' retrieved from /opt/airflow/dags/maritime_intelligence_pipeline.py
[2026-09-09T10:39:41.611+0000] {logging_mixin.py:188} INFO - [2026-09-09T10:39:41.610+0000] {dag.py:3089} INFO - Sync 1 DAGs
[2026-09-09T10:39:41.728+0000] {logging_mixin.py:188} INFO - [2026-09-09T10:39:41.727+0000] {dag.py:3947} INFO - Setting next_dagrun for maritime_intelligence_pipeline to 2026-09-08 00:00:00+00:00, run_after=2026-09-09 00:00:00+00:00
[2026-09-09T10:39:42.252+0000] {processor.py:183} INFO - Processing /opt/airflow/dags/maritime_intelligence_pipeline.py took 1.131 seconds
[2026-09-09T10:40:12.599+0000] {processor.py:161} INFO - Started process (PID=400) to work on /opt/airflow/dags/maritime_intelligence_pipeline.py
[2026-09-09T10:40:12.602+0000] {processor.py:830} INFO - Processing file /opt/airflow/dags/maritime_intelligence_pipeline.py for tasks to queue
[2026-09-09T10:40:12.610+0000] {logging_mixin.py:188} INFO - [2026-09-09T10:40:12.609+0000] {dagbag.py:545} INFO - Filling up the DagBag from /opt/airflow/dags/maritime_intelligence_pipeline.py
[2026-09-09T10:40:12.864+0000] {processor.py:840} INFO - DAG(s) 'maritime_intelligence_pipeline' retrieved from /opt/airflow/dags/maritime_intelligence_pipeline.py
[2026-09-09T10:40:13.341+0000] {logging_mixin.py:188} INFO - [2026-09-09T10:40:13.341+0000] {dag.py:3089} INFO - Sync 1 DAGs
[2026-09-09T10:40:13.468+0000] {logging_mixin.py:188} INFO - [2026-09-09T10:40:13.467+0000] {dag.py:3947} INFO - Setting next_dagrun for maritime_intelligence_pipeline to 2026-09-08 00:00:00+00:00, run_after=2026-09-09 00:00:00+00:00
[2026-09-09T10:40:13.524+0000] {processor.py:183} INFO - Processing /opt/airflow/dags/maritime_intelligence_pipeline.py took 0.953 seconds
[2026-09-09T10:40:43.942+0000] {processor.py:161} INFO - Started process (PID=405) to work on /opt/airflow/dags/maritime_intelligence_pipeline.py
[2026-09-09T10:40:43.945+0000] {processor.py:830} INFO - Processing file /opt/airflow/dags/maritime_intelligence_pipeline.py for tasks to queue
[2026-09-09T10:40:44.008+0000] {logging_mixin.py:188} INFO - [2026-09-09T10:40:44.007+0000] {dagbag.py:545} INFO - Filling up the DagBag from /opt/airflow/dags/maritime_intelligence_pipeline.py
[2026-09-09T10:40:44.063+0000] {processor.py:840} INFO - DAG(s) 'maritime_intelligence_pipeline' retrieved from /opt/airflow/dags/maritime_intelligence_pipeline.py
[2026-09-09T10:40:44.139+0000] {logging_mixin.py:188} INFO - [2026-09-09T10:40:44.139+0000] {dag.py:3089} INFO - Sync 1 DAGs
[2026-09-09T10:40:44.197+0000] {logging_mixin.py:188} INFO - [2026-09-09T10:40:44.197+0000] {dag.py:3947} INFO - Setting next_dagrun for maritime_intelligence_pipeline to 2026-09-08 00:00:00+00:00, run_after=2026-09-09 00:00:00+00:00
[2026-09-09T10:40:44.272+0000] {processor.py:183} INFO - Processing /opt/airflow/dags/maritime_intelligence_pipeline.py took 0.354 seconds
[2026-09-09T10:41:14.638+0000] {processor.py:161} INFO - Started process (PID=410) to work on /opt/airflow/dags/maritime_intelligence_pipeline.py
[2026-09-09T10:41:14.643+0000] {processor.py:830} INFO - Processing file /opt/airflow/dags/maritime_intelligence_pipeline.py for tasks to queue
[2026-09-09T10:41:14.648+0000] {logging_mixin.py:188} INFO - [2026-09-09T10:41:14.647+0000] {dagbag.py:545} INFO - Filling up the DagBag from /opt/airflow/dags/maritime_intelligence_pipeline.py
[2026-09-09T10:41:14.763+0000] {processor.py:840} INFO - DAG(s) 'maritime_intelligence_pipeline' retrieved from /opt/airflow/dags/maritime_intelligence_pipeline.py
[2026-09-09T10:41:14.907+0000] {logging_mixin.py:188} INFO - [2026-09-09T10:41:14.907+0000] {dag.py:3089} INFO - Sync 1 DAGs
[2026-09-09T10:41:15.060+0000] {logging_mixin.py:188} INFO - [2026-09-09T10:41:15.059+0000] {dag.py:3947} INFO - Setting next_dagrun for maritime_intelligence_pipeline to 2026-09-08 00:00:00+00:00, run_after=2026-09-09 00:00:00+00:00
[2026-09-09T10:41:15.122+0000] {processor.py:183} INFO - Processing /opt/airflow/dags/maritime_intelligence_pipeline.py took 0.507 seconds
[2026-09-09T10:41:45.712+0000] {processor.py:161} INFO - Started process (PID=415) to work on /opt/airflow/dags/maritime_intelligence_pipeline.py
[2026-09-09T10:41:45.726+0000] {processor.py:830} INFO - Processing file /opt/airflow/dags/maritime_intelligence_pipeline.py for tasks to queue
[2026-09-09T10:41:45.747+0000] {logging_mixin.py:188} INFO - [2026-09-09T10:41:45.746+0000] {dagbag.py:545} INFO - Filling up the DagBag from /opt/airflow/dags/maritime_intelligence_pipeline.py
[2026-09-09T10:41:45.836+0000] {processor.py:840} INFO - DAG(s) 'maritime_intelligence_pipeline' retrieved from /opt/airflow/dags/maritime_intelligence_pipeline.py
[2026-09-09T10:41:46.067+0000] {logging_mixin.py:188} INFO - [2026-09-09T10:41:46.066+0000] {dag.py:3089} INFO - Sync 1 DAGs
[2026-09-09T10:41:46.133+0000] {logging_mixin.py:188} INFO - [2026-09-09T10:41:46.133+0000] {dag.py:3947} INFO - Setting next_dagrun for maritime_intelligence_pipeline to 2026-09-08 00:00:00+00:00, run_after=2026-09-09 00:00:00+00:00
[2026-09-09T10:41:46.191+0000] {processor.py:183} INFO - Processing /opt/airflow/dags/maritime_intelligence_pipeline.py took 0.498 seconds
[2026-09-09T10:42:16.514+0000] {processor.py:161} INFO - Started process (PID=420) to work on /opt/airflow/dags/maritime_intelligence_pipeline.py
[2026-09-09T10:42:16.517+0000] {processor.py:830} INFO - Processing file /opt/airflow/dags/maritime_intelligence_pipeline.py for tasks to queue
[2026-09-09T10:42:16.522+0000] {logging_mixin.py:188} INFO - [2026-09-09T10:42:16.521+0000] {dagbag.py:545} INFO - Filling up the DagBag from /opt/airflow/dags/maritime_intelligence_pipeline.py
[2026-09-09T10:42:16.572+0000] {processor.py:840} INFO - DAG(s) 'maritime_intelligence_pipeline' retrieved from /opt/airflow/dags/maritime_intelligence_pipeline.py
[2026-09-09T10:42:16.634+0000] {logging_mixin.py:188} INFO - [2026-09-09T10:42:16.633+0000] {dag.py:3089} INFO - Sync 1 DAGs
[2026-09-09T10:42:16.685+0000] {logging_mixin.py:188} INFO - [2026-09-09T10:42:16.684+0000] {dag.py:3947} INFO - Setting next_dagrun for maritime_intelligence_pipeline to 2026-09-08 00:00:00+00:00, run_after=2026-09-09 00:00:00+00:00
[2026-09-09T10:42:16.726+0000] {processor.py:183} INFO - Processing /opt/airflow/dags/maritime_intelligence_pipeline.py took 0.229 seconds
[2026-09-09T10:42:46.827+0000] {processor.py:161} INFO - Started process (PID=425) to work on /opt/airflow/dags/maritime_intelligence_pipeline.py
[2026-09-09T10:42:46.830+0000] {processor.py:830} INFO - Processing file /opt/airflow/dags/maritime_intelligence_pipeline.py for tasks to queue
[2026-09-09T10:42:46.838+0000] {logging_mixin.py:188} INFO - [2026-09-09T10:42:46.837+0000] {dagbag.py:545} INFO - Filling up the DagBag from /opt/airflow/dags/maritime_intelligence_pipeline.py
[2026-09-09T10:42:47.280+0000] {processor.py:840} INFO - DAG(s) 'maritime_intelligence_pipeline' retrieved from /opt/airflow/dags/maritime_intelligence_pipeline.py
[2026-09-09T10:42:47.354+0000] {logging_mixin.py:188} INFO - [2026-09-09T10:42:47.353+0000] {dag.py:3089} INFO - Sync 1 DAGs
[2026-09-09T10:42:47.408+0000] {logging_mixin.py:188} INFO - [2026-09-09T10:42:47.408+0000] {dag.py:3947} INFO - Setting next_dagrun for maritime_intelligence_pipeline to 2026-09-08 00:00:00+00:00, run_after=2026-09-09 00:00:00+00:00
[2026-09-09T10:42:47.452+0000] {processor.py:183} INFO - Processing /opt/airflow/dags/maritime_intelligence_pipeline.py took 0.643 seconds
[2026-09-09T10:43:18.021+0000] {processor.py:161} INFO - Started process (PID=430) to work on /opt/airflow/dags/maritime_intelligence_pipeline.py
[2026-09-09T10:43:18.024+0000] {processor.py:830} INFO - Processing file /opt/airflow/dags/maritime_intelligence_pipeline.py for tasks to queue
[2026-09-09T10:43:18.029+0000] {logging_mixin.py:188} INFO - [2026-09-09T10:43:18.029+0000] {dagbag.py:545} INFO - Filling up the DagBag from /opt/airflow/dags/maritime_intelligence_pipeline.py
[2026-09-09T10:43:18.089+0000] {processor.py:840} INFO - DAG(s) 'maritime_intelligence_pipeline' retrieved from /opt/airflow/dags/maritime_intelligence_pipeline.py
[2026-09-09T10:43:18.248+0000] {logging_mixin.py:188} INFO - [2026-09-09T10:43:18.248+0000] {dag.py:3089} INFO - Sync 1 DAGs
[2026-09-09T10:43:18.303+0000] {logging_mixin.py:188} INFO - [2026-09-09T10:43:18.303+0000] {dag.py:3947} INFO - Setting next_dagrun for maritime_intelligence_pipeline to 2026-09-08 00:00:00+00:00, run_after=2026-09-09 00:00:00+00:00
[2026-09-09T10:43:18.344+0000] {processor.py:183} INFO - Processing /opt/airflow/dags/maritime_intelligence_pipeline.py took 0.343 seconds
[2026-09-09T10:43:48.659+0000] {processor.py:161} INFO - Started process (PID=435) to work on /opt/airflow/dags/maritime_intelligence_pipeline.py
[2026-09-09T10:43:48.667+0000] {processor.py:830} INFO - Processing file /opt/airflow/dags/maritime_intelligence_pipeline.py for tasks to queue
[2026-09-09T10:43:48.672+0000] {logging_mixin.py:188} INFO - [2026-09-09T10:43:48.671+0000] {dagbag.py:545} INFO - Filling up the DagBag from /opt/airflow/dags/maritime_intelligence_pipeline.py
[2026-09-09T10:43:48.738+0000] {processor.py:840} INFO - DAG(s) 'maritime_intelligence_pipeline' retrieved from /opt/airflow/dags/maritime_intelligence_pipeline.py
[2026-09-09T10:43:48.812+0000] {logging_mixin.py:188} INFO - [2026-09-09T10:43:48.812+0000] {dag.py:3089} INFO - Sync 1 DAGs
[2026-09-09T10:43:49.009+0000] {logging_mixin.py:188} INFO - [2026-09-09T10:43:49.008+0000] {dag.py:3947} INFO - Setting next_dagrun for maritime_intelligence_pipeline to 2026-09-08 00:00:00+00:00, run_after=2026-09-09 00:00:00+00:00
[2026-09-09T10:43:49.045+0000] {processor.py:183} INFO - Processing /opt/airflow/dags/maritime_intelligence_pipeline.py took 0.408 seconds
[2026-09-09T10:44:19.556+0000] {processor.py:161} INFO - Started process (PID=440) to work on /opt/airflow/dags/maritime_intelligence_pipeline.py
[2026-09-09T10:44:19.562+0000] {processor.py:830} INFO - Processing file /opt/airflow/dags/maritime_intelligence_pipeline.py for tasks to queue
[2026-09-09T10:44:19.568+0000] {logging_mixin.py:188} INFO - [2026-09-09T10:44:19.567+0000] {dagbag.py:545} INFO - Filling up the DagBag from /opt/airflow/dags/maritime_intelligence_pipeline.py
[2026-09-09T10:44:19.625+0000] {processor.py:840} INFO - DAG(s) 'maritime_intelligence_pipeline' retrieved from /opt/airflow/dags/maritime_intelligence_pipeline.py
[2026-09-09T10:44:19.723+0000] {logging_mixin.py:188} INFO - [2026-09-09T10:44:19.722+0000] {dag.py:3089} INFO - Sync 1 DAGs
[2026-09-09T10:44:19.776+0000] {logging_mixin.py:188} INFO - [2026-09-09T10:44:19.775+0000] {dag.py:3947} INFO - Setting next_dagrun for maritime_intelligence_pipeline to 2026-09-08 00:00:00+00:00, run_after=2026-09-09 00:00:00+00:00
[2026-09-09T10:44:19.824+0000] {processor.py:183} INFO - Processing /opt/airflow/dags/maritime_intelligence_pipeline.py took 0.298 seconds
[2026-09-09T10:44:50.225+0000] {processor.py:161} INFO - Started process (PID=445) to work on /opt/airflow/dags/maritime_intelligence_pipeline.py
[2026-09-09T10:44:50.228+0000] {processor.py:830} INFO - Processing file /opt/airflow/dags/maritime_intelligence_pipeline.py for tasks to queue
[2026-09-09T10:44:50.267+0000] {logging_mixin.py:188} INFO - [2026-09-09T10:44:50.264+0000] {dagbag.py:545} INFO - Filling up the DagBag from /opt/airflow/dags/maritime_intelligence_pipeline.py
[2026-09-09T10:44:50.332+0000] {processor.py:840} INFO - DAG(s) 'maritime_intelligence_pipeline' retrieved from /opt/airflow/dags/maritime_intelligence_pipeline.py
[2026-09-09T10:44:50.397+0000] {logging_mixin.py:188} INFO - [2026-09-09T10:44:50.396+0000] {dag.py:3089} INFO - Sync 1 DAGs
[2026-09-09T10:44:50.455+0000] {logging_mixin.py:188} INFO - [2026-09-09T10:44:50.454+0000] {dag.py:3947} INFO - Setting next_dagrun for maritime_intelligence_pipeline to 2026-09-08 00:00:00+00:00, run_after=2026-09-09 00:00:00+00:00
[2026-09-09T10:44:50.496+0000] {processor.py:183} INFO - Processing /opt/airflow/dags/maritime_intelligence_pipeline.py took 0.291 seconds
[2026-09-09T10:45:20.780+0000] {processor.py:161} INFO - Started process (PID=450) to work on /opt/airflow/dags/maritime_intelligence_pipeline.py
[2026-09-09T10:45:20.782+0000] {processor.py:830} INFO - Processing file /opt/airflow/dags/maritime_intelligence_pipeline.py for tasks to queue
[2026-09-09T10:45:20.786+0000] {logging_mixin.py:188} INFO - [2026-09-09T10:45:20.785+0000] {dagbag.py:545} INFO - Filling up the DagBag from /opt/airflow/dags/maritime_intelligence_pipeline.py
[2026-09-09T10:45:20.831+0000] {processor.py:840} INFO - DAG(s) 'maritime_intelligence_pipeline' retrieved from /opt/airflow/dags/maritime_intelligence_pipeline.py
[2026-09-09T10:45:20.895+0000] {logging_mixin.py:188} INFO - [2026-09-09T10:45:20.894+0000] {dag.py:3089} INFO - Sync 1 DAGs
[2026-09-09T10:45:20.943+0000] {logging_mixin.py:188} INFO - [2026-09-09T10:45:20.943+0000] {dag.py:3947} INFO - Setting next_dagrun for maritime_intelligence_pipeline to 2026-09-08 00:00:00+00:00, run_after=2026-09-09 00:00:00+00:00
[2026-09-09T10:45:20.985+0000] {processor.py:183} INFO - Processing /opt/airflow/dags/maritime_intelligence_pipeline.py took 0.219 seconds
[2026-09-09T10:45:51.527+0000] {processor.py:161} INFO - Started process (PID=455) to work on /opt/airflow/dags/maritime_intelligence_pipeline.py
[2026-09-09T10:45:51.536+0000] {processor.py:830} INFO - Processing file /opt/airflow/dags/maritime_intelligence_pipeline.py for tasks to queue
[2026-09-09T10:45:51.557+0000] {logging_mixin.py:188} INFO - [2026-09-09T10:45:51.549+0000] {dagbag.py:545} INFO - Filling up the DagBag from /opt/airflow/dags/maritime_intelligence_pipeline.py
[2026-09-09T10:45:51.719+0000] {processor.py:840} INFO - DAG(s) 'maritime_intelligence_pipeline' retrieved from /opt/airflow/dags/maritime_intelligence_pipeline.py
[2026-09-09T10:45:51.907+0000] {logging_mixin.py:188} INFO - [2026-09-09T10:45:51.907+0000] {dag.py:3089} INFO - Sync 1 DAGs
[2026-09-09T10:45:52.097+0000] {logging_mixin.py:188} INFO - [2026-09-09T10:45:52.097+0000] {dag.py:3947} INFO - Setting next_dagrun for maritime_intelligence_pipeline to 2026-09-08 00:00:00+00:00, run_after=2026-09-09 00:00:00+00:00
[2026-09-09T10:45:52.175+0000] {processor.py:183} INFO - Processing /opt/airflow/dags/maritime_intelligence_pipeline.py took 0.713 seconds
[2026-09-09T10:46:22.418+0000] {processor.py:161} INFO - Started process (PID=460) to work on /opt/airflow/dags/maritime_intelligence_pipeline.py
[2026-09-09T10:46:22.422+0000] {processor.py:830} INFO - Processing file /opt/airflow/dags/maritime_intelligence_pipeline.py for tasks to queue
[2026-09-09T10:46:22.436+0000] {logging_mixin.py:188} INFO - [2026-09-09T10:46:22.435+0000] {dagbag.py:545} INFO - Filling up the DagBag from /opt/airflow/dags/maritime_intelligence_pipeline.py
[2026-09-09T10:46:22.539+0000] {processor.py:840} INFO - DAG(s) 'maritime_intelligence_pipeline' retrieved from /opt/airflow/dags/maritime_intelligence_pipeline.py
[2026-09-09T10:46:22.613+0000] {logging_mixin.py:188} INFO - [2026-09-09T10:46:22.613+0000] {dag.py:3089} INFO - Sync 1 DAGs
[2026-09-09T10:46:22.672+0000] {logging_mixin.py:188} INFO - [2026-09-09T10:46:22.672+0000] {dag.py:3947} INFO - Setting next_dagrun for maritime_intelligence_pipeline to 2026-09-08 00:00:00+00:00, run_after=2026-09-09 00:00:00+00:00
[2026-09-09T10:46:22.717+0000] {processor.py:183} INFO - Processing /opt/airflow/dags/maritime_intelligence_pipeline.py took 0.342 seconds
[2026-09-09T10:46:52.884+0000] {processor.py:161} INFO - Started process (PID=465) to work on /opt/airflow/dags/maritime_intelligence_pipeline.py
[2026-09-09T10:46:52.887+0000] {processor.py:830} INFO - Processing file /opt/airflow/dags/maritime_intelligence_pipeline.py for tasks to queue
[2026-09-09T10:46:52.892+0000] {logging_mixin.py:188} INFO - [2026-09-09T10:46:52.891+0000] {dagbag.py:545} INFO - Filling up the DagBag from /opt/airflow/dags/maritime_intelligence_pipeline.py
[2026-09-09T10:46:52.934+0000] {processor.py:840} INFO - DAG(s) 'maritime_intelligence_pipeline' retrieved from /opt/airflow/dags/maritime_intelligence_pipeline.py
[2026-09-09T10:46:52.994+0000] {logging_mixin.py:188} INFO - [2026-09-09T10:46:52.993+0000] {dag.py:3089} INFO - Sync 1 DAGs
[2026-09-09T10:46:53.059+0000] {logging_mixin.py:188} INFO - [2026-09-09T10:46:53.058+0000] {dag.py:3947} INFO - Setting next_dagrun for maritime_intelligence_pipeline to 2026-09-08 00:00:00+00:00, run_after=2026-09-09 00:00:00+00:00
[2026-09-09T10:46:53.104+0000] {processor.py:183} INFO - Processing /opt/airflow/dags/maritime_intelligence_pipeline.py took 0.233 seconds
[2026-09-09T10:47:23.436+0000] {processor.py:161} INFO - Started process (PID=470) to work on /opt/airflow/dags/maritime_intelligence_pipeline.py
[2026-09-09T10:47:23.439+0000] {processor.py:830} INFO - Processing file /opt/airflow/dags/maritime_intelligence_pipeline.py for tasks to queue
[2026-09-09T10:47:23.445+0000] {logging_mixin.py:188} INFO - [2026-09-09T10:47:23.444+0000] {dagbag.py:545} INFO - Filling up the DagBag from /opt/airflow/dags/maritime_intelligence_pipeline.py
[2026-09-09T10:47:23.500+0000] {processor.py:840} INFO - DAG(s) 'maritime_intelligence_pipeline' retrieved from /opt/airflow/dags/maritime_intelligence_pipeline.py
[2026-09-09T10:47:23.566+0000] {logging_mixin.py:188} INFO - [2026-09-09T10:47:23.565+0000] {dag.py:3089} INFO - Sync 1 DAGs
[2026-09-09T10:47:23.625+0000] {logging_mixin.py:188} INFO - [2026-09-09T10:47:23.625+0000] {dag.py:3947} INFO - Setting next_dagrun for maritime_intelligence_pipeline to 2026-09-08 00:00:00+00:00, run_after=2026-09-09 00:00:00+00:00
[2026-09-09T10:47:23.666+0000] {processor.py:183} INFO - Processing /opt/airflow/dags/maritime_intelligence_pipeline.py took 0.248 seconds
[2026-09-09T10:47:53.980+0000] {processor.py:161} INFO - Started process (PID=475) to work on /opt/airflow/dags/maritime_intelligence_pipeline.py
[2026-09-09T10:47:53.983+0000] {processor.py:830} INFO - Processing file /opt/airflow/dags/maritime_intelligence_pipeline.py for tasks to queue
[2026-09-09T10:47:53.988+0000] {logging_mixin.py:188} INFO - [2026-09-09T10:47:53.988+0000] {dagbag.py:545} INFO - Filling up the DagBag from /opt/airflow/dags/maritime_intelligence_pipeline.py
[2026-09-09T10:47:54.044+0000] {processor.py:840} INFO - DAG(s) 'maritime_intelligence_pipeline' retrieved from /opt/airflow/dags/maritime_intelligence_pipeline.py
[2026-09-09T10:47:54.117+0000] {logging_mixin.py:188} INFO - [2026-09-09T10:47:54.116+0000] {dag.py:3089} INFO - Sync 1 DAGs
[2026-09-09T10:47:54.173+0000] {logging_mixin.py:188} INFO - [2026-09-09T10:47:54.173+0000] {dag.py:3947} INFO - Setting next_dagrun for maritime_intelligence_pipeline to 2026-09-08 00:00:00+00:00, run_after=2026-09-09 00:00:00+00:00
[2026-09-09T10:47:54.216+0000] {processor.py:183} INFO - Processing /opt/airflow/dags/maritime_intelligence_pipeline.py took 0.255 seconds
[2026-09-09T10:48:25.029+0000] {processor.py:161} INFO - Started process (PID=480) to work on /opt/airflow/dags/maritime_intelligence_pipeline.py
[2026-09-09T10:48:25.034+0000] {processor.py:830} INFO - Processing file /opt/airflow/dags/maritime_intelligence_pipeline.py for tasks to queue
[2026-09-09T10:48:25.045+0000] {logging_mixin.py:188} INFO - [2026-09-09T10:48:25.044+0000] {dagbag.py:545} INFO - Filling up the DagBag from /opt/airflow/dags/maritime_intelligence_pipeline.py
[2026-09-09T10:48:25.131+0000] {processor.py:840} INFO - DAG(s) 'maritime_intelligence_pipeline' retrieved from /opt/airflow/dags/maritime_intelligence_pipeline.py
[2026-09-09T10:48:25.207+0000] {logging_mixin.py:188} INFO - [2026-09-09T10:48:25.206+0000] {dag.py:3089} INFO - Sync 1 DAGs
[2026-09-09T10:48:25.267+0000] {logging_mixin.py:188} INFO - [2026-09-09T10:48:25.267+0000] {dag.py:3947} INFO - Setting next_dagrun for maritime_intelligence_pipeline to 2026-09-08 00:00:00+00:00, run_after=2026-09-09 00:00:00+00:00
[2026-09-09T10:48:25.323+0000] {processor.py:183} INFO - Processing /opt/airflow/dags/maritime_intelligence_pipeline.py took 0.308 seconds
[2026-09-09T10:48:55.742+0000] {processor.py:161} INFO - Started process (PID=485) to work on /opt/airflow/dags/maritime_intelligence_pipeline.py
[2026-09-09T10:48:55.744+0000] {processor.py:830} INFO - Processing file /opt/airflow/dags/maritime_intelligence_pipeline.py for tasks to queue
[2026-09-09T10:48:55.750+0000] {logging_mixin.py:188} INFO - [2026-09-09T10:48:55.749+0000] {dagbag.py:545} INFO - Filling up the DagBag from /opt/airflow/dags/maritime_intelligence_pipeline.py
[2026-09-09T10:48:55.792+0000] {processor.py:840} INFO - DAG(s) 'maritime_intelligence_pipeline' retrieved from /opt/airflow/dags/maritime_intelligence_pipeline.py
[2026-09-09T10:48:55.852+0000] {logging_mixin.py:188} INFO - [2026-09-09T10:48:55.851+0000] {dag.py:3089} INFO - Sync 1 DAGs
[2026-09-09T10:48:55.938+0000] {logging_mixin.py:188} INFO - [2026-09-09T10:48:55.937+0000] {dag.py:3947} INFO - Setting next_dagrun for maritime_intelligence_pipeline to 2026-09-08 00:00:00+00:00, run_after=2026-09-09 00:00:00+00:00
[2026-09-09T10:48:55.978+0000] {processor.py:183} INFO - Processing /opt/airflow/dags/maritime_intelligence_pipeline.py took 0.250 seconds
[2026-09-09T10:49:26.300+0000] {processor.py:161} INFO - Started process (PID=490) to work on /opt/airflow/dags/maritime_intelligence_pipeline.py
[2026-09-09T10:49:26.304+0000] {processor.py:830} INFO - Processing file /opt/airflow/dags/maritime_intelligence_pipeline.py for tasks to queue
[2026-09-09T10:49:26.311+0000] {logging_mixin.py:188} INFO - [2026-09-09T10:49:26.310+0000] {dagbag.py:545} INFO - Filling up the DagBag from /opt/airflow/dags/maritime_intelligence_pipeline.py
[2026-09-09T10:49:26.362+0000] {processor.py:840} INFO - DAG(s) 'maritime_intelligence_pipeline' retrieved from /opt/airflow/dags/maritime_intelligence_pipeline.py
[2026-09-09T10:49:26.435+0000] {logging_mixin.py:188} INFO - [2026-09-09T10:49:26.434+0000] {dag.py:3089} INFO - Sync 1 DAGs
[2026-09-09T10:49:26.488+0000] {logging_mixin.py:188} INFO - [2026-09-09T10:49:26.487+0000] {dag.py:3947} INFO - Setting next_dagrun for maritime_intelligence_pipeline to 2026-09-08 00:00:00+00:00, run_after=2026-09-09 00:00:00+00:00
[2026-09-09T10:49:26.535+0000] {processor.py:183} INFO - Processing /opt/airflow/dags/maritime_intelligence_pipeline.py took 0.254 seconds
[2026-09-09T10:49:56.740+0000] {processor.py:161} INFO - Started process (PID=495) to work on /opt/airflow/dags/maritime_intelligence_pipeline.py
[2026-09-09T10:49:56.743+0000] {processor.py:830} INFO - Processing file /opt/airflow/dags/maritime_intelligence_pipeline.py for tasks to queue
[2026-09-09T10:49:56.749+0000] {logging_mixin.py:188} INFO - [2026-09-09T10:49:56.748+0000] {dagbag.py:545} INFO - Filling up the DagBag from /opt/airflow/dags/maritime_intelligence_pipeline.py
[2026-09-09T10:49:56.877+0000] {processor.py:840} INFO - DAG(s) 'maritime_intelligence_pipeline' retrieved from /opt/airflow/dags/maritime_intelligence_pipeline.py
[2026-09-09T10:49:56.938+0000] {logging_mixin.py:188} INFO - [2026-09-09T10:49:56.937+0000] {dag.py:3089} INFO - Sync 1 DAGs
[2026-09-09T10:49:57.012+0000] {logging_mixin.py:188} INFO - [2026-09-09T10:49:57.011+0000] {dag.py:3947} INFO - Setting next_dagrun for maritime_intelligence_pipeline to 2026-09-08 00:00:00+00:00, run_after=2026-09-09 00:00:00+00:00
[2026-09-09T10:49:57.055+0000] {processor.py:183} INFO - Processing /opt/airflow/dags/maritime_intelligence_pipeline.py took 0.333 seconds
[2026-09-09T10:50:27.268+0000] {processor.py:161} INFO - Started process (PID=500) to work on /opt/airflow/dags/maritime_intelligence_pipeline.py
[2026-09-09T10:50:27.271+0000] {processor.py:830} INFO - Processing file /opt/airflow/dags/maritime_intelligence_pipeline.py for tasks to queue
[2026-09-09T10:50:27.280+0000] {logging_mixin.py:188} INFO - [2026-09-09T10:50:27.279+0000] {dagbag.py:545} INFO - Filling up the DagBag from /opt/airflow/dags/maritime_intelligence_pipeline.py
[2026-09-09T10:50:27.359+0000] {processor.py:840} INFO - DAG(s) 'maritime_intelligence_pipeline' retrieved from /opt/airflow/dags/maritime_intelligence_pipeline.py
[2026-09-09T10:50:27.599+0000] {logging_mixin.py:188} INFO - [2026-09-09T10:50:27.599+0000] {dag.py:3089} INFO - Sync 1 DAGs
[2026-09-09T10:50:27.660+0000] {logging_mixin.py:188} INFO - [2026-09-09T10:50:27.659+0000] {dag.py:3947} INFO - Setting next_dagrun for maritime_intelligence_pipeline to 2026-09-08 00:00:00+00:00, run_after=2026-09-09 00:00:00+00:00
[2026-09-09T10:50:27.704+0000] {processor.py:183} INFO - Processing /opt/airflow/dags/maritime_intelligence_pipeline.py took 0.466 seconds
[2026-09-09T10:50:58.102+0000] {processor.py:161} INFO - Started process (PID=505) to work on /opt/airflow/dags/maritime_intelligence_pipeline.py
[2026-09-09T10:50:58.105+0000] {processor.py:830} INFO - Processing file /opt/airflow/dags/maritime_intelligence_pipeline.py for tasks to queue
[2026-09-09T10:50:58.109+0000] {logging_mixin.py:188} INFO - [2026-09-09T10:50:58.108+0000] {dagbag.py:545} INFO - Filling up the DagBag from /opt/airflow/dags/maritime_intelligence_pipeline.py
[2026-09-09T10:50:58.155+0000] {processor.py:840} INFO - DAG(s) 'maritime_intelligence_pipeline' retrieved from /opt/airflow/dags/maritime_intelligence_pipeline.py
[2026-09-09T10:50:58.221+0000] {logging_mixin.py:188} INFO - [2026-09-09T10:50:58.220+0000] {dag.py:3089} INFO - Sync 1 DAGs
[2026-09-09T10:50:58.274+0000] {logging_mixin.py:188} INFO - [2026-09-09T10:50:58.274+0000] {dag.py:3947} INFO - Setting next_dagrun for maritime_intelligence_pipeline to 2026-09-08 00:00:00+00:00, run_after=2026-09-09 00:00:00+00:00
[2026-09-09T10:50:58.313+0000] {processor.py:183} INFO - Processing /opt/airflow/dags/maritime_intelligence_pipeline.py took 0.224 seconds
[2026-09-09T10:51:28.707+0000] {processor.py:161} INFO - Started process (PID=510) to work on /opt/airflow/dags/maritime_intelligence_pipeline.py
[2026-09-09T10:51:28.710+0000] {processor.py:830} INFO - Processing file /opt/airflow/dags/maritime_intelligence_pipeline.py for tasks to queue
[2026-09-09T10:51:28.716+0000] {logging_mixin.py:188} INFO - [2026-09-09T10:51:28.715+0000] {dagbag.py:545} INFO - Filling up the DagBag from /opt/airflow/dags/maritime_intelligence_pipeline.py
[2026-09-09T10:51:28.773+0000] {processor.py:840} INFO - DAG(s) 'maritime_intelligence_pipeline' retrieved from /opt/airflow/dags/maritime_intelligence_pipeline.py
[2026-09-09T10:51:28.841+0000] {logging_mixin.py:188} INFO - [2026-09-09T10:51:28.841+0000] {dag.py:3089} INFO - Sync 1 DAGs
[2026-09-09T10:51:28.906+0000] {logging_mixin.py:188} INFO - [2026-09-09T10:51:28.906+0000] {dag.py:3947} INFO - Setting next_dagrun for maritime_intelligence_pipeline to 2026-09-08 00:00:00+00:00, run_after=2026-09-09 00:00:00+00:00
[2026-09-09T10:51:28.947+0000] {processor.py:183} INFO - Processing /opt/airflow/dags/maritime_intelligence_pipeline.py took 0.259 seconds
[2026-09-09T10:51:59.277+0000] {processor.py:161} INFO - Started process (PID=515) to work on /opt/airflow/dags/maritime_intelligence_pipeline.py
[2026-09-09T10:51:59.284+0000] {processor.py:830} INFO - Processing file /opt/airflow/dags/maritime_intelligence_pipeline.py for tasks to queue
[2026-09-09T10:51:59.290+0000] {logging_mixin.py:188} INFO - [2026-09-09T10:51:59.289+0000] {dagbag.py:545} INFO - Filling up the DagBag from /opt/airflow/dags/maritime_intelligence_pipeline.py
[2026-09-09T10:51:59.345+0000] {processor.py:840} INFO - DAG(s) 'maritime_intelligence_pipeline' retrieved from /opt/airflow/dags/maritime_intelligence_pipeline.py
[2026-09-09T10:51:59.416+0000] {logging_mixin.py:188} INFO - [2026-09-09T10:51:59.415+0000] {dag.py:3089} INFO - Sync 1 DAGs
[2026-09-09T10:51:59.493+0000] {logging_mixin.py:188} INFO - [2026-09-09T10:51:59.492+0000] {dag.py:3947} INFO - Setting next_dagrun for maritime_intelligence_pipeline to 2026-09-08 00:00:00+00:00, run_after=2026-09-09 00:00:00+00:00
[2026-09-09T10:51:59.538+0000] {processor.py:183} INFO - Processing /opt/airflow/dags/maritime_intelligence_pipeline.py took 0.281 seconds
[2026-09-09T10:52:29.916+0000] {processor.py:161} INFO - Started process (PID=520) to work on /opt/airflow/dags/maritime_intelligence_pipeline.py
[2026-09-09T10:52:29.919+0000] {processor.py:830} INFO - Processing file /opt/airflow/dags/maritime_intelligence_pipeline.py for tasks to queue
[2026-09-09T10:52:29.925+0000] {logging_mixin.py:188} INFO - [2026-09-09T10:52:29.924+0000] {dagbag.py:545} INFO - Filling up the DagBag from /opt/airflow/dags/maritime_intelligence_pipeline.py
[2026-09-09T10:52:29.978+0000] {processor.py:840} INFO - DAG(s) 'maritime_intelligence_pipeline' retrieved from /opt/airflow/dags/maritime_intelligence_pipeline.py
[2026-09-09T10:52:30.056+0000] {logging_mixin.py:188} INFO - [2026-09-09T10:52:30.055+0000] {dag.py:3089} INFO - Sync 1 DAGs
[2026-09-09T10:52:30.123+0000] {logging_mixin.py:188} INFO - [2026-09-09T10:52:30.123+0000] {dag.py:3947} INFO - Setting next_dagrun for maritime_intelligence_pipeline to 2026-09-08 00:00:00+00:00, run_after=2026-09-09 00:00:00+00:00
[2026-09-09T10:52:30.165+0000] {processor.py:183} INFO - Processing /opt/airflow/dags/maritime_intelligence_pipeline.py took 0.268 seconds
[2026-09-09T10:53:00.660+0000] {processor.py:161} INFO - Started process (PID=525) to work on /opt/airflow/dags/maritime_intelligence_pipeline.py
[2026-09-09T10:53:00.663+0000] {processor.py:830} INFO - Processing file /opt/airflow/dags/maritime_intelligence_pipeline.py for tasks to queue
[2026-09-09T10:53:00.671+0000] {logging_mixin.py:188} INFO - [2026-09-09T10:53:00.668+0000] {dagbag.py:545} INFO - Filling up the DagBag from /opt/airflow/dags/maritime_intelligence_pipeline.py
[2026-09-09T10:53:00.725+0000] {processor.py:840} INFO - DAG(s) 'maritime_intelligence_pipeline' retrieved from /opt/airflow/dags/maritime_intelligence_pipeline.py
[2026-09-09T10:53:00.813+0000] {logging_mixin.py:188} INFO - [2026-09-09T10:53:00.812+0000] {dag.py:3089} INFO - Sync 1 DAGs
[2026-09-09T10:53:00.875+0000] {logging_mixin.py:188} INFO - [2026-09-09T10:53:00.874+0000] {dag.py:3947} INFO - Setting next_dagrun for maritime_intelligence_pipeline to 2026-09-08 00:00:00+00:00, run_after=2026-09-09 00:00:00+00:00
[2026-09-09T10:53:00.971+0000] {processor.py:183} INFO - Processing /opt/airflow/dags/maritime_intelligence_pipeline.py took 0.276 seconds
[2026-09-09T10:53:31.303+0000] {processor.py:161} INFO - Started process (PID=530) to work on /opt/airflow/dags/maritime_intelligence_pipeline.py
[2026-09-09T10:53:31.307+0000] {processor.py:830} INFO - Processing file /opt/airflow/dags/maritime_intelligence_pipeline.py for tasks to queue
[2026-09-09T10:53:31.315+0000] {logging_mixin.py:188} INFO - [2026-09-09T10:53:31.313+0000] {dagbag.py:545} INFO - Filling up the DagBag from /opt/airflow/dags/maritime_intelligence_pipeline.py
[2026-09-09T10:53:31.381+0000] {processor.py:840} INFO - DAG(s) 'maritime_intelligence_pipeline' retrieved from /opt/airflow/dags/maritime_intelligence_pipeline.py
[2026-09-09T10:53:31.470+0000] {logging_mixin.py:188} INFO - [2026-09-09T10:53:31.470+0000] {dag.py:3089} INFO - Sync 1 DAGs
[2026-09-09T10:53:31.531+0000] {logging_mixin.py:188} INFO - [2026-09-09T10:53:31.531+0000] {dag.py:3947} INFO - Setting next_dagrun for maritime_intelligence_pipeline to 2026-09-08 00:00:00+00:00, run_after=2026-09-09 00:00:00+00:00
[2026-09-09T10:53:31.592+0000] {processor.py:183} INFO - Processing /opt/airflow/dags/maritime_intelligence_pipeline.py took 0.310 seconds
[2026-09-09T10:54:02.029+0000] {processor.py:161} INFO - Started process (PID=535) to work on /opt/airflow/dags/maritime_intelligence_pipeline.py
[2026-09-09T10:54:02.034+0000] {processor.py:830} INFO - Processing file /opt/airflow/dags/maritime_intelligence_pipeline.py for tasks to queue
[2026-09-09T10:54:02.045+0000] {logging_mixin.py:188} INFO - [2026-09-09T10:54:02.044+0000] {dagbag.py:545} INFO - Filling up the DagBag from /opt/airflow/dags/maritime_intelligence_pipeline.py
[2026-09-09T10:54:02.111+0000] {processor.py:840} INFO - DAG(s) 'maritime_intelligence_pipeline' retrieved from /opt/airflow/dags/maritime_intelligence_pipeline.py
[2026-09-09T10:54:02.199+0000] {logging_mixin.py:188} INFO - [2026-09-09T10:54:02.199+0000] {dag.py:3089} INFO - Sync 1 DAGs
[2026-09-09T10:54:02.299+0000] {logging_mixin.py:188} INFO - [2026-09-09T10:54:02.296+0000] {dag.py:3947} INFO - Setting next_dagrun for maritime_intelligence_pipeline to 2026-09-08 00:00:00+00:00, run_after=2026-09-09 00:00:00+00:00
[2026-09-09T10:54:02.425+0000] {processor.py:183} INFO - Processing /opt/airflow/dags/maritime_intelligence_pipeline.py took 0.420 seconds
[2026-09-09T10:54:33.024+0000] {processor.py:161} INFO - Started process (PID=540) to work on /opt/airflow/dags/maritime_intelligence_pipeline.py
[2026-09-09T10:54:33.029+0000] {processor.py:830} INFO - Processing file /opt/airflow/dags/maritime_intelligence_pipeline.py for tasks to queue
[2026-09-09T10:54:33.049+0000] {logging_mixin.py:188} INFO - [2026-09-09T10:54:33.048+0000] {dagbag.py:545} INFO - Filling up the DagBag from /opt/airflow/dags/maritime_intelligence_pipeline.py
[2026-09-09T10:54:33.129+0000] {processor.py:840} INFO - DAG(s) 'maritime_intelligence_pipeline' retrieved from /opt/airflow/dags/maritime_intelligence_pipeline.py
[2026-09-09T10:54:33.208+0000] {logging_mixin.py:188} INFO - [2026-09-09T10:54:33.207+0000] {dag.py:3089} INFO - Sync 1 DAGs
[2026-09-09T10:54:33.289+0000] {logging_mixin.py:188} INFO - [2026-09-09T10:54:33.288+0000] {dag.py:3947} INFO - Setting next_dagrun for maritime_intelligence_pipeline to 2026-09-08 00:00:00+00:00, run_after=2026-09-09 00:00:00+00:00
[2026-09-09T10:54:33.334+0000] {processor.py:183} INFO - Processing /opt/airflow/dags/maritime_intelligence_pipeline.py took 0.337 seconds
[2026-09-09T10:55:03.586+0000] {processor.py:161} INFO - Started process (PID=545) to work on /opt/airflow/dags/maritime_intelligence_pipeline.py
[2026-09-09T10:55:03.590+0000] {processor.py:830} INFO - Processing file /opt/airflow/dags/maritime_intelligence_pipeline.py for tasks to queue
[2026-09-09T10:55:03.598+0000] {logging_mixin.py:188} INFO - [2026-09-09T10:55:03.597+0000] {dagbag.py:545} INFO - Filling up the DagBag from /opt/airflow/dags/maritime_intelligence_pipeline.py
[2026-09-09T10:55:03.675+0000] {processor.py:840} INFO - DAG(s) 'maritime_intelligence_pipeline' retrieved from /opt/airflow/dags/maritime_intelligence_pipeline.py
[2026-09-09T10:55:03.751+0000] {logging_mixin.py:188} INFO - [2026-09-09T10:55:03.751+0000] {dag.py:3089} INFO - Sync 1 DAGs
[2026-09-09T10:55:03.855+0000] {logging_mixin.py:188} INFO - [2026-09-09T10:55:03.854+0000] {dag.py:3947} INFO - Setting next_dagrun for maritime_intelligence_pipeline to 2026-09-08 00:00:00+00:00, run_after=2026-09-09 00:00:00+00:00
[2026-09-09T10:55:03.906+0000] {processor.py:183} INFO - Processing /opt/airflow/dags/maritime_intelligence_pipeline.py took 0.340 seconds
[2026-09-09T10:55:34.298+0000] {processor.py:161} INFO - Started process (PID=550) to work on /opt/airflow/dags/maritime_intelligence_pipeline.py
[2026-09-09T10:55:34.302+0000] {processor.py:830} INFO - Processing file /opt/airflow/dags/maritime_intelligence_pipeline.py for tasks to queue
[2026-09-09T10:55:34.307+0000] {logging_mixin.py:188} INFO - [2026-09-09T10:55:34.306+0000] {dagbag.py:545} INFO - Filling up the DagBag from /opt/airflow/dags/maritime_intelligence_pipeline.py
[2026-09-09T10:55:34.360+0000] {processor.py:840} INFO - DAG(s) 'maritime_intelligence_pipeline' retrieved from /opt/airflow/dags/maritime_intelligence_pipeline.py
[2026-09-09T10:55:34.424+0000] {logging_mixin.py:188} INFO - [2026-09-09T10:55:34.424+0000] {dag.py:3089} INFO - Sync 1 DAGs
[2026-09-09T10:55:34.476+0000] {logging_mixin.py:188} INFO - [2026-09-09T10:55:34.475+0000] {dag.py:3947} INFO - Setting next_dagrun for maritime_intelligence_pipeline to 2026-09-08 00:00:00+00:00, run_after=2026-09-09 00:00:00+00:00
[2026-09-09T10:55:34.531+0000] {processor.py:183} INFO - Processing /opt/airflow/dags/maritime_intelligence_pipeline.py took 0.250 seconds
[2026-09-09T10:56:04.745+0000] {processor.py:161} INFO - Started process (PID=555) to work on /opt/airflow/dags/maritime_intelligence_pipeline.py
[2026-09-09T10:56:04.748+0000] {processor.py:830} INFO - Processing file /opt/airflow/dags/maritime_intelligence_pipeline.py for tasks to queue
[2026-09-09T10:56:04.757+0000] {logging_mixin.py:188} INFO - [2026-09-09T10:56:04.756+0000] {dagbag.py:545} INFO - Filling up the DagBag from /opt/airflow/dags/maritime_intelligence_pipeline.py
[2026-09-09T10:56:04.818+0000] {processor.py:840} INFO - DAG(s) 'maritime_intelligence_pipeline' retrieved from /opt/airflow/dags/maritime_intelligence_pipeline.py
[2026-09-09T10:56:04.896+0000] {logging_mixin.py:188} INFO - [2026-09-09T10:56:04.896+0000] {dag.py:3089} INFO - Sync 1 DAGs
[2026-09-09T10:56:04.953+0000] {logging_mixin.py:188} INFO - [2026-09-09T10:56:04.953+0000] {dag.py:3947} INFO - Setting next_dagrun for maritime_intelligence_pipeline to 2026-09-08 00:00:00+00:00, run_after=2026-09-09 00:00:00+00:00
[2026-09-09T10:56:04.996+0000] {processor.py:183} INFO - Processing /opt/airflow/dags/maritime_intelligence_pipeline.py took 0.271 seconds
[2026-09-09T10:56:35.388+0000] {processor.py:161} INFO - Started process (PID=560) to work on /opt/airflow/dags/maritime_intelligence_pipeline.py
[2026-09-09T10:56:35.393+0000] {processor.py:830} INFO - Processing file /opt/airflow/dags/maritime_intelligence_pipeline.py for tasks to queue
[2026-09-09T10:56:35.402+0000] {logging_mixin.py:188} INFO - [2026-09-09T10:56:35.401+0000] {dagbag.py:545} INFO - Filling up the DagBag from /opt/airflow/dags/maritime_intelligence_pipeline.py
[2026-09-09T10:56:35.502+0000] {processor.py:840} INFO - DAG(s) 'maritime_intelligence_pipeline' retrieved from /opt/airflow/dags/maritime_intelligence_pipeline.py
[2026-09-09T10:56:35.815+0000] {logging_mixin.py:188} INFO - [2026-09-09T10:56:35.813+0000] {dag.py:3089} INFO - Sync 1 DAGs
[2026-09-09T10:56:35.897+0000] {logging_mixin.py:188} INFO - [2026-09-09T10:56:35.896+0000] {dag.py:3947} INFO - Setting next_dagrun for maritime_intelligence_pipeline to 2026-09-08 00:00:00+00:00, run_after=2026-09-09 00:00:00+00:00
[2026-09-09T10:56:35.961+0000] {processor.py:183} INFO - Processing /opt/airflow/dags/maritime_intelligence_pipeline.py took 0.595 seconds
[2026-09-09T10:57:06.334+0000] {processor.py:161} INFO - Started process (PID=565) to work on /opt/airflow/dags/maritime_intelligence_pipeline.py
[2026-09-09T10:57:06.337+0000] {processor.py:830} INFO - Processing file /opt/airflow/dags/maritime_intelligence_pipeline.py for tasks to queue
[2026-09-09T10:57:06.343+0000] {logging_mixin.py:188} INFO - [2026-09-09T10:57:06.342+0000] {dagbag.py:545} INFO - Filling up the DagBag from /opt/airflow/dags/maritime_intelligence_pipeline.py
[2026-09-09T10:57:06.397+0000] {processor.py:840} INFO - DAG(s) 'maritime_intelligence_pipeline' retrieved from /opt/airflow/dags/maritime_intelligence_pipeline.py
[2026-09-09T10:57:06.465+0000] {logging_mixin.py:188} INFO - [2026-09-09T10:57:06.465+0000] {dag.py:3089} INFO - Sync 1 DAGs
[2026-09-09T10:57:06.522+0000] {logging_mixin.py:188} INFO - [2026-09-09T10:57:06.521+0000] {dag.py:3947} INFO - Setting next_dagrun for maritime_intelligence_pipeline to 2026-09-08 00:00:00+00:00, run_after=2026-09-09 00:00:00+00:00
[2026-09-09T10:57:06.567+0000] {processor.py:183} INFO - Processing /opt/airflow/dags/maritime_intelligence_pipeline.py took 0.251 seconds
[2026-09-09T10:57:36.895+0000] {processor.py:161} INFO - Started process (PID=570) to work on /opt/airflow/dags/maritime_intelligence_pipeline.py
[2026-09-09T10:57:36.898+0000] {processor.py:830} INFO - Processing file /opt/airflow/dags/maritime_intelligence_pipeline.py for tasks to queue
[2026-09-09T10:57:36.906+0000] {logging_mixin.py:188} INFO - [2026-09-09T10:57:36.905+0000] {dagbag.py:545} INFO - Filling up the DagBag from /opt/airflow/dags/maritime_intelligence_pipeline.py
[2026-09-09T10:57:36.969+0000] {processor.py:840} INFO - DAG(s) 'maritime_intelligence_pipeline' retrieved from /opt/airflow/dags/maritime_intelligence_pipeline.py
[2026-09-09T10:57:37.037+0000] {logging_mixin.py:188} INFO - [2026-09-09T10:57:37.036+0000] {dag.py:3089} INFO - Sync 1 DAGs
[2026-09-09T10:57:37.092+0000] {logging_mixin.py:188} INFO - [2026-09-09T10:57:37.092+0000] {dag.py:3947} INFO - Setting next_dagrun for maritime_intelligence_pipeline to 2026-09-08 00:00:00+00:00, run_after=2026-09-09 00:00:00+00:00
[2026-09-09T10:57:37.133+0000] {processor.py:183} INFO - Processing /opt/airflow/dags/maritime_intelligence_pipeline.py took 0.254 seconds
[2026-09-09T10:58:07.472+0000] {processor.py:161} INFO - Started process (PID=575) to work on /opt/airflow/dags/maritime_intelligence_pipeline.py
[2026-09-09T10:58:07.475+0000] {processor.py:830} INFO - Processing file /opt/airflow/dags/maritime_intelligence_pipeline.py for tasks to queue
[2026-09-09T10:58:07.487+0000] {logging_mixin.py:188} INFO - [2026-09-09T10:58:07.484+0000] {dagbag.py:545} INFO - Filling up the DagBag from /opt/airflow/dags/maritime_intelligence_pipeline.py
[2026-09-09T10:58:07.550+0000] {processor.py:840} INFO - DAG(s) 'maritime_intelligence_pipeline' retrieved from /opt/airflow/dags/maritime_intelligence_pipeline.py
[2026-09-09T10:58:07.625+0000] {logging_mixin.py:188} INFO - [2026-09-09T10:58:07.624+0000] {dag.py:3089} INFO - Sync 1 DAGs
[2026-09-09T10:58:07.693+0000] {logging_mixin.py:188} INFO - [2026-09-09T10:58:07.692+0000] {dag.py:3947} INFO - Setting next_dagrun for maritime_intelligence_pipeline to 2026-09-08 00:00:00+00:00, run_after=2026-09-09 00:00:00+00:00
[2026-09-09T10:58:07.734+0000] {processor.py:183} INFO - Processing /opt/airflow/dags/maritime_intelligence_pipeline.py took 0.289 seconds
[2026-09-09T10:58:38.077+0000] {processor.py:161} INFO - Started process (PID=580) to work on /opt/airflow/dags/maritime_intelligence_pipeline.py
[2026-09-09T10:58:38.083+0000] {processor.py:830} INFO - Processing file /opt/airflow/dags/maritime_intelligence_pipeline.py for tasks to queue
[2026-09-09T10:58:38.089+0000] {logging_mixin.py:188} INFO - [2026-09-09T10:58:38.088+0000] {dagbag.py:545} INFO - Filling up the DagBag from /opt/airflow/dags/maritime_intelligence_pipeline.py
[2026-09-09T10:58:38.164+0000] {processor.py:840} INFO - DAG(s) 'maritime_intelligence_pipeline' retrieved from /opt/airflow/dags/maritime_intelligence_pipeline.py
[2026-09-09T10:58:38.240+0000] {logging_mixin.py:188} INFO - [2026-09-09T10:58:38.239+0000] {dag.py:3089} INFO - Sync 1 DAGs
[2026-09-09T10:58:38.297+0000] {logging_mixin.py:188} INFO - [2026-09-09T10:58:38.297+0000] {dag.py:3947} INFO - Setting next_dagrun for maritime_intelligence_pipeline to 2026-09-08 00:00:00+00:00, run_after=2026-09-09 00:00:00+00:00
[2026-09-09T10:58:38.338+0000] {processor.py:183} INFO - Processing /opt/airflow/dags/maritime_intelligence_pipeline.py took 0.284 seconds
[2026-09-09T10:59:08.673+0000] {processor.py:161} INFO - Started process (PID=585) to work on /opt/airflow/dags/maritime_intelligence_pipeline.py
[2026-09-09T10:59:08.677+0000] {processor.py:830} INFO - Processing file /opt/airflow/dags/maritime_intelligence_pipeline.py for tasks to queue
[2026-09-09T10:59:08.683+0000] {logging_mixin.py:188} INFO - [2026-09-09T10:59:08.682+0000] {dagbag.py:545} INFO - Filling up the DagBag from /opt/airflow/dags/maritime_intelligence_pipeline.py
[2026-09-09T10:59:08.735+0000] {processor.py:840} INFO - DAG(s) 'maritime_intelligence_pipeline' retrieved from /opt/airflow/dags/maritime_intelligence_pipeline.py
[2026-09-09T10:59:08.813+0000] {logging_mixin.py:188} INFO - [2026-09-09T10:59:08.813+0000] {dag.py:3089} INFO - Sync 1 DAGs
[2026-09-09T10:59:08.970+0000] {logging_mixin.py:188} INFO - [2026-09-09T10:59:08.970+0000] {dag.py:3947} INFO - Setting next_dagrun for maritime_intelligence_pipeline to 2026-09-08 00:00:00+00:00, run_after=2026-09-09 00:00:00+00:00
[2026-09-09T10:59:09.009+0000] {processor.py:183} INFO - Processing /opt/airflow/dags/maritime_intelligence_pipeline.py took 0.352 seconds
[2026-09-09T10:59:39.305+0000] {processor.py:161} INFO - Started process (PID=590) to work on /opt/airflow/dags/maritime_intelligence_pipeline.py
[2026-09-09T10:59:39.308+0000] {processor.py:830} INFO - Processing file /opt/airflow/dags/maritime_intelligence_pipeline.py for tasks to queue
[2026-09-09T10:59:39.317+0000] {logging_mixin.py:188} INFO - [2026-09-09T10:59:39.316+0000] {dagbag.py:545} INFO - Filling up the DagBag from /opt/airflow/dags/maritime_intelligence_pipeline.py
[2026-09-09T10:59:39.368+0000] {processor.py:840} INFO - DAG(s) 'maritime_intelligence_pipeline' retrieved from /opt/airflow/dags/maritime_intelligence_pipeline.py
[2026-09-09T10:59:39.436+0000] {logging_mixin.py:188} INFO - [2026-09-09T10:59:39.435+0000] {dag.py:3089} INFO - Sync 1 DAGs
[2026-09-09T10:59:39.488+0000] {logging_mixin.py:188} INFO - [2026-09-09T10:59:39.488+0000] {dag.py:3947} INFO - Setting next_dagrun for maritime_intelligence_pipeline to 2026-09-08 00:00:00+00:00, run_after=2026-09-09 00:00:00+00:00
[2026-09-09T10:59:39.529+0000] {processor.py:183} INFO - Processing /opt/airflow/dags/maritime_intelligence_pipeline.py took 0.242 seconds
[2026-09-09T11:00:09.925+0000] {processor.py:161} INFO - Started process (PID=595) to work on /opt/airflow/dags/maritime_intelligence_pipeline.py
[2026-09-09T11:00:09.930+0000] {processor.py:830} INFO - Processing file /opt/airflow/dags/maritime_intelligence_pipeline.py for tasks to queue
[2026-09-09T11:00:09.936+0000] {logging_mixin.py:188} INFO - [2026-09-09T11:00:09.934+0000] {dagbag.py:545} INFO - Filling up the DagBag from /opt/airflow/dags/maritime_intelligence_pipeline.py
[2026-09-09T11:00:09.987+0000] {processor.py:840} INFO - DAG(s) 'maritime_intelligence_pipeline' retrieved from /opt/airflow/dags/maritime_intelligence_pipeline.py
[2026-09-09T11:00:10.074+0000] {logging_mixin.py:188} INFO - [2026-09-09T11:00:10.074+0000] {dag.py:3089} INFO - Sync 1 DAGs
[2026-09-09T11:00:10.130+0000] {logging_mixin.py:188} INFO - [2026-09-09T11:00:10.130+0000] {dag.py:3947} INFO - Setting next_dagrun for maritime_intelligence_pipeline to 2026-09-08 00:00:00+00:00, run_after=2026-09-09 00:00:00+00:00
[2026-09-09T11:00:10.196+0000] {processor.py:183} INFO - Processing /opt/airflow/dags/maritime_intelligence_pipeline.py took 0.303 seconds
[2026-09-09T11:00:40.542+0000] {processor.py:161} INFO - Started process (PID=600) to work on /opt/airflow/dags/maritime_intelligence_pipeline.py
[2026-09-09T11:00:40.545+0000] {processor.py:830} INFO - Processing file /opt/airflow/dags/maritime_intelligence_pipeline.py for tasks to queue
[2026-09-09T11:00:40.550+0000] {logging_mixin.py:188} INFO - [2026-09-09T11:00:40.549+0000] {dagbag.py:545} INFO - Filling up the DagBag from /opt/airflow/dags/maritime_intelligence_pipeline.py
[2026-09-09T11:00:40.596+0000] {processor.py:840} INFO - DAG(s) 'maritime_intelligence_pipeline' retrieved from /opt/airflow/dags/maritime_intelligence_pipeline.py
[2026-09-09T11:00:40.664+0000] {logging_mixin.py:188} INFO - [2026-09-09T11:00:40.664+0000] {dag.py:3089} INFO - Sync 1 DAGs
[2026-09-09T11:00:40.721+0000] {logging_mixin.py:188} INFO - [2026-09-09T11:00:40.721+0000] {dag.py:3947} INFO - Setting next_dagrun for maritime_intelligence_pipeline to 2026-09-08 00:00:00+00:00, run_after=2026-09-09 00:00:00+00:00
[2026-09-09T11:00:40.762+0000] {processor.py:183} INFO - Processing /opt/airflow/dags/maritime_intelligence_pipeline.py took 0.238 seconds
[2026-09-09T11:01:10.894+0000] {processor.py:161} INFO - Started process (PID=605) to work on /opt/airflow/dags/maritime_intelligence_pipeline.py
[2026-09-09T11:01:10.897+0000] {processor.py:830} INFO - Processing file /opt/airflow/dags/maritime_intelligence_pipeline.py for tasks to queue
[2026-09-09T11:01:10.902+0000] {logging_mixin.py:188} INFO - [2026-09-09T11:01:10.901+0000] {dagbag.py:545} INFO - Filling up the DagBag from /opt/airflow/dags/maritime_intelligence_pipeline.py
[2026-09-09T11:01:10.962+0000] {processor.py:840} INFO - DAG(s) 'maritime_intelligence_pipeline' retrieved from /opt/airflow/dags/maritime_intelligence_pipeline.py
[2026-09-09T11:01:11.060+0000] {logging_mixin.py:188} INFO - [2026-09-09T11:01:11.060+0000] {dag.py:3089} INFO - Sync 1 DAGs
[2026-09-09T11:01:11.141+0000] {logging_mixin.py:188} INFO - [2026-09-09T11:01:11.141+0000] {dag.py:3947} INFO - Setting next_dagrun for maritime_intelligence_pipeline to 2026-09-08 00:00:00+00:00, run_after=2026-09-09 00:00:00+00:00
[2026-09-09T11:01:11.184+0000] {processor.py:183} INFO - Processing /opt/airflow/dags/maritime_intelligence_pipeline.py took 0.312 seconds
[2026-09-09T11:01:41.394+0000] {processor.py:161} INFO - Started process (PID=610) to work on /opt/airflow/dags/maritime_intelligence_pipeline.py
[2026-09-09T11:01:41.398+0000] {processor.py:830} INFO - Processing file /opt/airflow/dags/maritime_intelligence_pipeline.py for tasks to queue
[2026-09-09T11:01:41.403+0000] {logging_mixin.py:188} INFO - [2026-09-09T11:01:41.403+0000] {dagbag.py:545} INFO - Filling up the DagBag from /opt/airflow/dags/maritime_intelligence_pipeline.py
[2026-09-09T11:01:41.483+0000] {processor.py:840} INFO - DAG(s) 'maritime_intelligence_pipeline' retrieved from /opt/airflow/dags/maritime_intelligence_pipeline.py
[2026-09-09T11:01:41.595+0000] {logging_mixin.py:188} INFO - [2026-09-09T11:01:41.595+0000] {dag.py:3089} INFO - Sync 1 DAGs
[2026-09-09T11:01:41.676+0000] {logging_mixin.py:188} INFO - [2026-09-09T11:01:41.675+0000] {dag.py:3947} INFO - Setting next_dagrun for maritime_intelligence_pipeline to 2026-09-08 00:00:00+00:00, run_after=2026-09-09 00:00:00+00:00
[2026-09-09T11:01:41.822+0000] {processor.py:183} INFO - Processing /opt/airflow/dags/maritime_intelligence_pipeline.py took 0.462 seconds
[2026-09-09T11:02:12.158+0000] {processor.py:161} INFO - Started process (PID=615) to work on /opt/airflow/dags/maritime_intelligence_pipeline.py
[2026-09-09T11:02:12.161+0000] {processor.py:830} INFO - Processing file /opt/airflow/dags/maritime_intelligence_pipeline.py for tasks to queue
[2026-09-09T11:02:12.166+0000] {logging_mixin.py:188} INFO - [2026-09-09T11:02:12.165+0000] {dagbag.py:545} INFO - Filling up the DagBag from /opt/airflow/dags/maritime_intelligence_pipeline.py
[2026-09-09T11:02:12.215+0000] {processor.py:840} INFO - DAG(s) 'maritime_intelligence_pipeline' retrieved from /opt/airflow/dags/maritime_intelligence_pipeline.py
[2026-09-09T11:02:12.276+0000] {logging_mixin.py:188} INFO - [2026-09-09T11:02:12.276+0000] {dag.py:3089} INFO - Sync 1 DAGs
[2026-09-09T11:02:12.336+0000] {logging_mixin.py:188} INFO - [2026-09-09T11:02:12.336+0000] {dag.py:3947} INFO - Setting next_dagrun for maritime_intelligence_pipeline to 2026-09-08 00:00:00+00:00, run_after=2026-09-09 00:00:00+00:00
[2026-09-09T11:02:12.377+0000] {processor.py:183} INFO - Processing /opt/airflow/dags/maritime_intelligence_pipeline.py took 0.240 seconds
[2026-09-09T11:02:42.807+0000] {processor.py:161} INFO - Started process (PID=620) to work on /opt/airflow/dags/maritime_intelligence_pipeline.py
[2026-09-09T11:02:42.811+0000] {processor.py:830} INFO - Processing file /opt/airflow/dags/maritime_intelligence_pipeline.py for tasks to queue
[2026-09-09T11:02:42.821+0000] {logging_mixin.py:188} INFO - [2026-09-09T11:02:42.820+0000] {dagbag.py:545} INFO - Filling up the DagBag from /opt/airflow/dags/maritime_intelligence_pipeline.py
[2026-09-09T11:02:42.904+0000] {processor.py:840} INFO - DAG(s) 'maritime_intelligence_pipeline' retrieved from /opt/airflow/dags/maritime_intelligence_pipeline.py
[2026-09-09T11:02:43.026+0000] {logging_mixin.py:188} INFO - [2026-09-09T11:02:43.025+0000] {dag.py:3089} INFO - Sync 1 DAGs
[2026-09-09T11:02:43.101+0000] {logging_mixin.py:188} INFO - [2026-09-09T11:02:43.100+0000] {dag.py:3947} INFO - Setting next_dagrun for maritime_intelligence_pipeline to 2026-09-08 00:00:00+00:00, run_after=2026-09-09 00:00:00+00:00
[2026-09-09T11:02:43.172+0000] {processor.py:183} INFO - Processing /opt/airflow/dags/maritime_intelligence_pipeline.py took 0.392 seconds
[2026-09-09T11:03:13.478+0000] {processor.py:161} INFO - Started process (PID=625) to work on /opt/airflow/dags/maritime_intelligence_pipeline.py
[2026-09-09T11:03:13.482+0000] {processor.py:830} INFO - Processing file /opt/airflow/dags/maritime_intelligence_pipeline.py for tasks to queue
[2026-09-09T11:03:13.491+0000] {logging_mixin.py:188} INFO - [2026-09-09T11:03:13.490+0000] {dagbag.py:545} INFO - Filling up the DagBag from /opt/airflow/dags/maritime_intelligence_pipeline.py
[2026-09-09T11:03:13.545+0000] {processor.py:840} INFO - DAG(s) 'maritime_intelligence_pipeline' retrieved from /opt/airflow/dags/maritime_intelligence_pipeline.py
[2026-09-09T11:03:13.617+0000] {logging_mixin.py:188} INFO - [2026-09-09T11:03:13.617+0000] {dag.py:3089} INFO - Sync 1 DAGs
[2026-09-09T11:03:13.679+0000] {logging_mixin.py:188} INFO - [2026-09-09T11:03:13.679+0000] {dag.py:3947} INFO - Setting next_dagrun for maritime_intelligence_pipeline to 2026-09-08 00:00:00+00:00, run_after=2026-09-09 00:00:00+00:00
[2026-09-09T11:03:13.730+0000] {processor.py:183} INFO - Processing /opt/airflow/dags/maritime_intelligence_pipeline.py took 0.274 seconds
[2026-09-09T11:03:43.999+0000] {processor.py:161} INFO - Started process (PID=630) to work on /opt/airflow/dags/maritime_intelligence_pipeline.py
[2026-09-09T11:03:44.003+0000] {processor.py:830} INFO - Processing file /opt/airflow/dags/maritime_intelligence_pipeline.py for tasks to queue
[2026-09-09T11:03:44.016+0000] {logging_mixin.py:188} INFO - [2026-09-09T11:03:44.015+0000] {dagbag.py:545} INFO - Filling up the DagBag from /opt/airflow/dags/maritime_intelligence_pipeline.py
[2026-09-09T11:03:44.085+0000] {processor.py:840} INFO - DAG(s) 'maritime_intelligence_pipeline' retrieved from /opt/airflow/dags/maritime_intelligence_pipeline.py
[2026-09-09T11:03:44.155+0000] {logging_mixin.py:188} INFO - [2026-09-09T11:03:44.154+0000] {dag.py:3089} INFO - Sync 1 DAGs
[2026-09-09T11:03:44.222+0000] {logging_mixin.py:188} INFO - [2026-09-09T11:03:44.222+0000] {dag.py:3947} INFO - Setting next_dagrun for maritime_intelligence_pipeline to 2026-09-08 00:00:00+00:00, run_after=2026-09-09 00:00:00+00:00
[2026-09-09T11:03:44.263+0000] {processor.py:183} INFO - Processing /opt/airflow/dags/maritime_intelligence_pipeline.py took 0.287 seconds
[2026-09-09T11:04:14.612+0000] {processor.py:161} INFO - Started process (PID=635) to work on /opt/airflow/dags/maritime_intelligence_pipeline.py
[2026-09-09T11:04:14.615+0000] {processor.py:830} INFO - Processing file /opt/airflow/dags/maritime_intelligence_pipeline.py for tasks to queue
[2026-09-09T11:04:14.623+0000] {logging_mixin.py:188} INFO - [2026-09-09T11:04:14.622+0000] {dagbag.py:545} INFO - Filling up the DagBag from /opt/airflow/dags/maritime_intelligence_pipeline.py
[2026-09-09T11:04:14.682+0000] {processor.py:840} INFO - DAG(s) 'maritime_intelligence_pipeline' retrieved from /opt/airflow/dags/maritime_intelligence_pipeline.py
[2026-09-09T11:04:14.761+0000] {logging_mixin.py:188} INFO - [2026-09-09T11:04:14.761+0000] {dag.py:3089} INFO - Sync 1 DAGs
[2026-09-09T11:04:14.815+0000] {logging_mixin.py:188} INFO - [2026-09-09T11:04:14.814+0000] {dag.py:3947} INFO - Setting next_dagrun for maritime_intelligence_pipeline to 2026-09-08 00:00:00+00:00, run_after=2026-09-09 00:00:00+00:00
[2026-09-09T11:04:14.869+0000] {processor.py:183} INFO - Processing /opt/airflow/dags/maritime_intelligence_pipeline.py took 0.281 seconds
[2026-09-09T11:04:45.162+0000] {processor.py:161} INFO - Started process (PID=640) to work on /opt/airflow/dags/maritime_intelligence_pipeline.py
[2026-09-09T11:04:45.166+0000] {processor.py:830} INFO - Processing file /opt/airflow/dags/maritime_intelligence_pipeline.py for tasks to queue
[2026-09-09T11:04:45.173+0000] {logging_mixin.py:188} INFO - [2026-09-09T11:04:45.172+0000] {dagbag.py:545} INFO - Filling up the DagBag from /opt/airflow/dags/maritime_intelligence_pipeline.py
[2026-09-09T11:04:45.227+0000] {processor.py:840} INFO - DAG(s) 'maritime_intelligence_pipeline' retrieved from /opt/airflow/dags/maritime_intelligence_pipeline.py
[2026-09-09T11:04:45.284+0000] {logging_mixin.py:188} INFO - [2026-09-09T11:04:45.283+0000] {dag.py:3089} INFO - Sync 1 DAGs
[2026-09-09T11:04:45.334+0000] {logging_mixin.py:188} INFO - [2026-09-09T11:04:45.334+0000] {dag.py:3947} INFO - Setting next_dagrun for maritime_intelligence_pipeline to 2026-09-08 00:00:00+00:00, run_after=2026-09-09 00:00:00+00:00
[2026-09-09T11:04:45.372+0000] {processor.py:183} INFO - Processing /opt/airflow/dags/maritime_intelligence_pipeline.py took 0.245 seconds
[2026-09-09T11:05:15.601+0000] {processor.py:161} INFO - Started process (PID=645) to work on /opt/airflow/dags/maritime_intelligence_pipeline.py
[2026-09-09T11:05:15.603+0000] {processor.py:830} INFO - Processing file /opt/airflow/dags/maritime_intelligence_pipeline.py for tasks to queue
[2026-09-09T11:05:15.607+0000] {logging_mixin.py:188} INFO - [2026-09-09T11:05:15.606+0000] {dagbag.py:545} INFO - Filling up the DagBag from /opt/airflow/dags/maritime_intelligence_pipeline.py
[2026-09-09T11:05:15.641+0000] {processor.py:840} INFO - DAG(s) 'maritime_intelligence_pipeline' retrieved from /opt/airflow/dags/maritime_intelligence_pipeline.py
[2026-09-09T11:05:15.716+0000] {logging_mixin.py:188} INFO - [2026-09-09T11:05:15.715+0000] {dag.py:3089} INFO - Sync 1 DAGs
[2026-09-09T11:05:15.752+0000] {logging_mixin.py:188} INFO - [2026-09-09T11:05:15.751+0000] {dag.py:3947} INFO - Setting next_dagrun for maritime_intelligence_pipeline to 2026-09-08 00:00:00+00:00, run_after=2026-09-09 00:00:00+00:00
[2026-09-09T11:05:15.778+0000] {processor.py:183} INFO - Processing /opt/airflow/dags/maritime_intelligence_pipeline.py took 0.188 seconds
[2026-09-09T11:05:46.023+0000] {processor.py:161} INFO - Started process (PID=650) to work on /opt/airflow/dags/maritime_intelligence_pipeline.py
[2026-09-09T11:05:46.026+0000] {processor.py:830} INFO - Processing file /opt/airflow/dags/maritime_intelligence_pipeline.py for tasks to queue
[2026-09-09T11:05:46.030+0000] {logging_mixin.py:188} INFO - [2026-09-09T11:05:46.029+0000] {dagbag.py:545} INFO - Filling up the DagBag from /opt/airflow/dags/maritime_intelligence_pipeline.py
[2026-09-09T11:05:46.069+0000] {processor.py:840} INFO - DAG(s) 'maritime_intelligence_pipeline' retrieved from /opt/airflow/dags/maritime_intelligence_pipeline.py
[2026-09-09T11:05:46.117+0000] {logging_mixin.py:188} INFO - [2026-09-09T11:05:46.117+0000] {dag.py:3089} INFO - Sync 1 DAGs
[2026-09-09T11:05:46.154+0000] {logging_mixin.py:188} INFO - [2026-09-09T11:05:46.153+0000] {dag.py:3947} INFO - Setting next_dagrun for maritime_intelligence_pipeline to 2026-09-08 00:00:00+00:00, run_after=2026-09-09 00:00:00+00:00
[2026-09-09T11:05:46.182+0000] {processor.py:183} INFO - Processing /opt/airflow/dags/maritime_intelligence_pipeline.py took 0.172 seconds
[2026-09-09T11:06:16.333+0000] {processor.py:161} INFO - Started process (PID=655) to work on /opt/airflow/dags/maritime_intelligence_pipeline.py
[2026-09-09T11:06:16.335+0000] {processor.py:830} INFO - Processing file /opt/airflow/dags/maritime_intelligence_pipeline.py for tasks to queue
[2026-09-09T11:06:16.339+0000] {logging_mixin.py:188} INFO - [2026-09-09T11:06:16.338+0000] {dagbag.py:545} INFO - Filling up the DagBag from /opt/airflow/dags/maritime_intelligence_pipeline.py
[2026-09-09T11:06:16.378+0000] {processor.py:840} INFO - DAG(s) 'maritime_intelligence_pipeline' retrieved from /opt/airflow/dags/maritime_intelligence_pipeline.py
[2026-09-09T11:06:16.424+0000] {logging_mixin.py:188} INFO - [2026-09-09T11:06:16.423+0000] {dag.py:3089} INFO - Sync 1 DAGs
[2026-09-09T11:06:16.458+0000] {logging_mixin.py:188} INFO - [2026-09-09T11:06:16.457+0000] {dag.py:3947} INFO - Setting next_dagrun for maritime_intelligence_pipeline to 2026-09-08 00:00:00+00:00, run_after=2026-09-09 00:00:00+00:00
[2026-09-09T11:06:16.487+0000] {processor.py:183} INFO - Processing /opt/airflow/dags/maritime_intelligence_pipeline.py took 0.164 seconds
[2026-09-09T11:06:46.780+0000] {processor.py:161} INFO - Started process (PID=660) to work on /opt/airflow/dags/maritime_intelligence_pipeline.py
[2026-09-09T11:06:46.783+0000] {processor.py:830} INFO - Processing file /opt/airflow/dags/maritime_intelligence_pipeline.py for tasks to queue
[2026-09-09T11:06:46.788+0000] {logging_mixin.py:188} INFO - [2026-09-09T11:06:46.787+0000] {dagbag.py:545} INFO - Filling up the DagBag from /opt/airflow/dags/maritime_intelligence_pipeline.py
[2026-09-09T11:06:46.832+0000] {processor.py:840} INFO - DAG(s) 'maritime_intelligence_pipeline' retrieved from /opt/airflow/dags/maritime_intelligence_pipeline.py
[2026-09-09T11:06:46.876+0000] {logging_mixin.py:188} INFO - [2026-09-09T11:06:46.876+0000] {dag.py:3089} INFO - Sync 1 DAGs
[2026-09-09T11:06:46.911+0000] {logging_mixin.py:188} INFO - [2026-09-09T11:06:46.911+0000] {dag.py:3947} INFO - Setting next_dagrun for maritime_intelligence_pipeline to 2026-09-08 00:00:00+00:00, run_after=2026-09-09 00:00:00+00:00
[2026-09-09T11:06:47.032+0000] {processor.py:183} INFO - Processing /opt/airflow/dags/maritime_intelligence_pipeline.py took 0.263 seconds
[2026-09-09T11:07:17.315+0000] {processor.py:161} INFO - Started process (PID=665) to work on /opt/airflow/dags/maritime_intelligence_pipeline.py
[2026-09-09T11:07:17.318+0000] {processor.py:830} INFO - Processing file /opt/airflow/dags/maritime_intelligence_pipeline.py for tasks to queue
[2026-09-09T11:07:17.322+0000] {logging_mixin.py:188} INFO - [2026-09-09T11:07:17.322+0000] {dagbag.py:545} INFO - Filling up the DagBag from /opt/airflow/dags/maritime_intelligence_pipeline.py
[2026-09-09T11:07:17.363+0000] {processor.py:840} INFO - DAG(s) 'maritime_intelligence_pipeline' retrieved from /opt/airflow/dags/maritime_intelligence_pipeline.py
[2026-09-09T11:07:17.413+0000] {logging_mixin.py:188} INFO - [2026-09-09T11:07:17.413+0000] {dag.py:3089} INFO - Sync 1 DAGs
[2026-09-09T11:07:17.452+0000] {logging_mixin.py:188} INFO - [2026-09-09T11:07:17.451+0000] {dag.py:3947} INFO - Setting next_dagrun for maritime_intelligence_pipeline to 2026-09-08 00:00:00+00:00, run_after=2026-09-09 00:00:00+00:00
[2026-09-09T11:07:17.485+0000] {processor.py:183} INFO - Processing /opt/airflow/dags/maritime_intelligence_pipeline.py took 0.182 seconds
[2026-09-09T11:07:47.712+0000] {processor.py:161} INFO - Started process (PID=670) to work on /opt/airflow/dags/maritime_intelligence_pipeline.py
[2026-09-09T11:07:47.715+0000] {processor.py:830} INFO - Processing file /opt/airflow/dags/maritime_intelligence_pipeline.py for tasks to queue
[2026-09-09T11:07:47.720+0000] {logging_mixin.py:188} INFO - [2026-09-09T11:07:47.719+0000] {dagbag.py:545} INFO - Filling up the DagBag from /opt/airflow/dags/maritime_intelligence_pipeline.py
[2026-09-09T11:07:47.761+0000] {processor.py:840} INFO - DAG(s) 'maritime_intelligence_pipeline' retrieved from /opt/airflow/dags/maritime_intelligence_pipeline.py
[2026-09-09T11:07:47.815+0000] {logging_mixin.py:188} INFO - [2026-09-09T11:07:47.814+0000] {dag.py:3089} INFO - Sync 1 DAGs
[2026-09-09T11:07:47.863+0000] {logging_mixin.py:188} INFO - [2026-09-09T11:07:47.863+0000] {dag.py:3947} INFO - Setting next_dagrun for maritime_intelligence_pipeline to 2026-09-08 00:00:00+00:00, run_after=2026-09-09 00:00:00+00:00
[2026-09-09T11:07:47.897+0000] {processor.py:183} INFO - Processing /opt/airflow/dags/maritime_intelligence_pipeline.py took 0.196 seconds
[2026-09-09T11:08:18.193+0000] {processor.py:161} INFO - Started process (PID=675) to work on /opt/airflow/dags/maritime_intelligence_pipeline.py
[2026-09-09T11:08:18.195+0000] {processor.py:830} INFO - Processing file /opt/airflow/dags/maritime_intelligence_pipeline.py for tasks to queue
[2026-09-09T11:08:18.200+0000] {logging_mixin.py:188} INFO - [2026-09-09T11:08:18.199+0000] {dagbag.py:545} INFO - Filling up the DagBag from /opt/airflow/dags/maritime_intelligence_pipeline.py
[2026-09-09T11:08:18.244+0000] {processor.py:840} INFO - DAG(s) 'maritime_intelligence_pipeline' retrieved from /opt/airflow/dags/maritime_intelligence_pipeline.py
[2026-09-09T11:08:18.298+0000] {logging_mixin.py:188} INFO - [2026-09-09T11:08:18.297+0000] {dag.py:3089} INFO - Sync 1 DAGs
[2026-09-09T11:08:18.337+0000] {logging_mixin.py:188} INFO - [2026-09-09T11:08:18.336+0000] {dag.py:3947} INFO - Setting next_dagrun for maritime_intelligence_pipeline to 2026-09-08 00:00:00+00:00, run_after=2026-09-09 00:00:00+00:00
[2026-09-09T11:08:18.371+0000] {processor.py:183} INFO - Processing /opt/airflow/dags/maritime_intelligence_pipeline.py took 0.189 seconds
[2026-09-09T11:08:48.610+0000] {processor.py:161} INFO - Started process (PID=680) to work on /opt/airflow/dags/maritime_intelligence_pipeline.py
[2026-09-09T11:08:48.613+0000] {processor.py:830} INFO - Processing file /opt/airflow/dags/maritime_intelligence_pipeline.py for tasks to queue
[2026-09-09T11:08:48.617+0000] {logging_mixin.py:188} INFO - [2026-09-09T11:08:48.617+0000] {dagbag.py:545} INFO - Filling up the DagBag from /opt/airflow/dags/maritime_intelligence_pipeline.py
[2026-09-09T11:08:48.658+0000] {processor.py:840} INFO - DAG(s) 'maritime_intelligence_pipeline' retrieved from /opt/airflow/dags/maritime_intelligence_pipeline.py
[2026-09-09T11:08:48.702+0000] {logging_mixin.py:188} INFO - [2026-09-09T11:08:48.702+0000] {dag.py:3089} INFO - Sync 1 DAGs
[2026-09-09T11:08:48.737+0000] {logging_mixin.py:188} INFO - [2026-09-09T11:08:48.736+0000] {dag.py:3947} INFO - Setting next_dagrun for maritime_intelligence_pipeline to 2026-09-08 00:00:00+00:00, run_after=2026-09-09 00:00:00+00:00
[2026-09-09T11:08:48.766+0000] {processor.py:183} INFO - Processing /opt/airflow/dags/maritime_intelligence_pipeline.py took 0.168 seconds
[2026-09-09T11:09:18.996+0000] {processor.py:161} INFO - Started process (PID=685) to work on /opt/airflow/dags/maritime_intelligence_pipeline.py
[2026-09-09T11:09:18.999+0000] {processor.py:830} INFO - Processing file /opt/airflow/dags/maritime_intelligence_pipeline.py for tasks to queue
[2026-09-09T11:09:19.002+0000] {logging_mixin.py:188} INFO - [2026-09-09T11:09:19.002+0000] {dagbag.py:545} INFO - Filling up the DagBag from /opt/airflow/dags/maritime_intelligence_pipeline.py
[2026-09-09T11:09:19.036+0000] {processor.py:840} INFO - DAG(s) 'maritime_intelligence_pipeline' retrieved from /opt/airflow/dags/maritime_intelligence_pipeline.py
[2026-09-09T11:09:19.080+0000] {logging_mixin.py:188} INFO - [2026-09-09T11:09:19.080+0000] {dag.py:3089} INFO - Sync 1 DAGs
[2026-09-09T11:09:19.113+0000] {logging_mixin.py:188} INFO - [2026-09-09T11:09:19.113+0000] {dag.py:3947} INFO - Setting next_dagrun for maritime_intelligence_pipeline to 2026-09-08 00:00:00+00:00, run_after=2026-09-09 00:00:00+00:00
[2026-09-09T11:09:19.143+0000] {processor.py:183} INFO - Processing /opt/airflow/dags/maritime_intelligence_pipeline.py took 0.156 seconds
[2026-09-09T11:09:49.239+0000] {processor.py:161} INFO - Started process (PID=690) to work on /opt/airflow/dags/maritime_intelligence_pipeline.py
[2026-09-09T11:09:49.242+0000] {processor.py:830} INFO - Processing file /opt/airflow/dags/maritime_intelligence_pipeline.py for tasks to queue
[2026-09-09T11:09:49.245+0000] {logging_mixin.py:188} INFO - [2026-09-09T11:09:49.245+0000] {dagbag.py:545} INFO - Filling up the DagBag from /opt/airflow/dags/maritime_intelligence_pipeline.py
[2026-09-09T11:09:49.282+0000] {processor.py:840} INFO - DAG(s) 'maritime_intelligence_pipeline' retrieved from /opt/airflow/dags/maritime_intelligence_pipeline.py
[2026-09-09T11:09:49.327+0000] {logging_mixin.py:188} INFO - [2026-09-09T11:09:49.327+0000] {dag.py:3089} INFO - Sync 1 DAGs
[2026-09-09T11:09:49.361+0000] {logging_mixin.py:188} INFO - [2026-09-09T11:09:49.361+0000] {dag.py:3947} INFO - Setting next_dagrun for maritime_intelligence_pipeline to 2026-09-08 00:00:00+00:00, run_after=2026-09-09 00:00:00+00:00
[2026-09-09T11:09:49.389+0000] {processor.py:183} INFO - Processing /opt/airflow/dags/maritime_intelligence_pipeline.py took 0.161 seconds
[2026-09-09T11:10:19.470+0000] {processor.py:161} INFO - Started process (PID=695) to work on /opt/airflow/dags/maritime_intelligence_pipeline.py
[2026-09-09T11:10:19.472+0000] {processor.py:830} INFO - Processing file /opt/airflow/dags/maritime_intelligence_pipeline.py for tasks to queue
[2026-09-09T11:10:19.477+0000] {logging_mixin.py:188} INFO - [2026-09-09T11:10:19.476+0000] {dagbag.py:545} INFO - Filling up the DagBag from /opt/airflow/dags/maritime_intelligence_pipeline.py
[2026-09-09T11:10:19.513+0000] {processor.py:840} INFO - DAG(s) 'maritime_intelligence_pipeline' retrieved from /opt/airflow/dags/maritime_intelligence_pipeline.py
[2026-09-09T11:10:19.560+0000] {logging_mixin.py:188} INFO - [2026-09-09T11:10:19.559+0000] {dag.py:3089} INFO - Sync 1 DAGs
[2026-09-09T11:10:19.596+0000] {logging_mixin.py:188} INFO - [2026-09-09T11:10:19.595+0000] {dag.py:3947} INFO - Setting next_dagrun for maritime_intelligence_pipeline to 2026-09-08 00:00:00+00:00, run_after=2026-09-09 00:00:00+00:00
[2026-09-09T11:10:19.628+0000] {processor.py:183} INFO - Processing /opt/airflow/dags/maritime_intelligence_pipeline.py took 0.171 seconds
[2026-09-09T11:10:49.883+0000] {processor.py:161} INFO - Started process (PID=700) to work on /opt/airflow/dags/maritime_intelligence_pipeline.py
[2026-09-09T11:10:49.885+0000] {processor.py:830} INFO - Processing file /opt/airflow/dags/maritime_intelligence_pipeline.py for tasks to queue
[2026-09-09T11:10:49.889+0000] {logging_mixin.py:188} INFO - [2026-09-09T11:10:49.888+0000] {dagbag.py:545} INFO - Filling up the DagBag from /opt/airflow/dags/maritime_intelligence_pipeline.py
[2026-09-09T11:10:49.926+0000] {processor.py:840} INFO - DAG(s) 'maritime_intelligence_pipeline' retrieved from /opt/airflow/dags/maritime_intelligence_pipeline.py
[2026-09-09T11:10:49.969+0000] {logging_mixin.py:188} INFO - [2026-09-09T11:10:49.969+0000] {dag.py:3089} INFO - Sync 1 DAGs
[2026-09-09T11:10:50.004+0000] {logging_mixin.py:188} INFO - [2026-09-09T11:10:50.004+0000] {dag.py:3947} INFO - Setting next_dagrun for maritime_intelligence_pipeline to 2026-09-08 00:00:00+00:00, run_after=2026-09-09 00:00:00+00:00
[2026-09-09T11:10:50.034+0000] {processor.py:183} INFO - Processing /opt/airflow/dags/maritime_intelligence_pipeline.py took 0.159 seconds
[2026-09-09T11:11:20.258+0000] {processor.py:161} INFO - Started process (PID=705) to work on /opt/airflow/dags/maritime_intelligence_pipeline.py
[2026-09-09T11:11:20.261+0000] {processor.py:830} INFO - Processing file /opt/airflow/dags/maritime_intelligence_pipeline.py for tasks to queue
[2026-09-09T11:11:20.265+0000] {logging_mixin.py:188} INFO - [2026-09-09T11:11:20.264+0000] {dagbag.py:545} INFO - Filling up the DagBag from /opt/airflow/dags/maritime_intelligence_pipeline.py
[2026-09-09T11:11:20.311+0000] {processor.py:840} INFO - DAG(s) 'maritime_intelligence_pipeline' retrieved from /opt/airflow/dags/maritime_intelligence_pipeline.py
[2026-09-09T11:11:20.358+0000] {logging_mixin.py:188} INFO - [2026-09-09T11:11:20.357+0000] {dag.py:3089} INFO - Sync 1 DAGs
[2026-09-09T11:11:20.397+0000] {logging_mixin.py:188} INFO - [2026-09-09T11:11:20.396+0000] {dag.py:3947} INFO - Setting next_dagrun for maritime_intelligence_pipeline to 2026-09-08 00:00:00+00:00, run_after=2026-09-09 00:00:00+00:00
[2026-09-09T11:11:20.429+0000] {processor.py:183} INFO - Processing /opt/airflow/dags/maritime_intelligence_pipeline.py took 0.184 seconds
[2026-09-09T11:11:50.559+0000] {processor.py:161} INFO - Started process (PID=710) to work on /opt/airflow/dags/maritime_intelligence_pipeline.py
[2026-09-09T11:11:50.562+0000] {processor.py:830} INFO - Processing file /opt/airflow/dags/maritime_intelligence_pipeline.py for tasks to queue
[2026-09-09T11:11:50.566+0000] {logging_mixin.py:188} INFO - [2026-09-09T11:11:50.566+0000] {dagbag.py:545} INFO - Filling up the DagBag from /opt/airflow/dags/maritime_intelligence_pipeline.py
[2026-09-09T11:11:50.612+0000] {processor.py:840} INFO - DAG(s) 'maritime_intelligence_pipeline' retrieved from /opt/airflow/dags/maritime_intelligence_pipeline.py
[2026-09-09T11:11:50.665+0000] {logging_mixin.py:188} INFO - [2026-09-09T11:11:50.664+0000] {dag.py:3089} INFO - Sync 1 DAGs
[2026-09-09T11:11:50.702+0000] {logging_mixin.py:188} INFO - [2026-09-09T11:11:50.702+0000] {dag.py:3947} INFO - Setting next_dagrun for maritime_intelligence_pipeline to 2026-09-08 00:00:00+00:00, run_after=2026-09-09 00:00:00+00:00
[2026-09-09T11:11:50.735+0000] {processor.py:183} INFO - Processing /opt/airflow/dags/maritime_intelligence_pipeline.py took 0.185 seconds
[2026-09-09T11:12:20.977+0000] {processor.py:161} INFO - Started process (PID=715) to work on /opt/airflow/dags/maritime_intelligence_pipeline.py
[2026-09-09T11:12:20.980+0000] {processor.py:830} INFO - Processing file /opt/airflow/dags/maritime_intelligence_pipeline.py for tasks to queue
[2026-09-09T11:12:20.984+0000] {logging_mixin.py:188} INFO - [2026-09-09T11:12:20.983+0000] {dagbag.py:545} INFO - Filling up the DagBag from /opt/airflow/dags/maritime_intelligence_pipeline.py
[2026-09-09T11:12:21.025+0000] {processor.py:840} INFO - DAG(s) 'maritime_intelligence_pipeline' retrieved from /opt/airflow/dags/maritime_intelligence_pipeline.py
[2026-09-09T11:12:21.069+0000] {logging_mixin.py:188} INFO - [2026-09-09T11:12:21.068+0000] {dag.py:3089} INFO - Sync 1 DAGs
[2026-09-09T11:12:21.103+0000] {logging_mixin.py:188} INFO - [2026-09-09T11:12:21.103+0000] {dag.py:3947} INFO - Setting next_dagrun for maritime_intelligence_pipeline to 2026-09-08 00:00:00+00:00, run_after=2026-09-09 00:00:00+00:00
[2026-09-09T11:12:21.135+0000] {processor.py:183} INFO - Processing /opt/airflow/dags/maritime_intelligence_pipeline.py took 0.168 seconds
[2026-09-09T11:12:51.306+0000] {processor.py:161} INFO - Started process (PID=720) to work on /opt/airflow/dags/maritime_intelligence_pipeline.py
[2026-09-09T11:12:51.309+0000] {processor.py:830} INFO - Processing file /opt/airflow/dags/maritime_intelligence_pipeline.py for tasks to queue
[2026-09-09T11:12:51.313+0000] {logging_mixin.py:188} INFO - [2026-09-09T11:12:51.312+0000] {dagbag.py:545} INFO - Filling up the DagBag from /opt/airflow/dags/maritime_intelligence_pipeline.py
[2026-09-09T11:12:51.353+0000] {processor.py:840} INFO - DAG(s) 'maritime_intelligence_pipeline' retrieved from /opt/airflow/dags/maritime_intelligence_pipeline.py
[2026-09-09T11:12:51.398+0000] {logging_mixin.py:188} INFO - [2026-09-09T11:12:51.397+0000] {dag.py:3089} INFO - Sync 1 DAGs
[2026-09-09T11:12:51.432+0000] {logging_mixin.py:188} INFO - [2026-09-09T11:12:51.431+0000] {dag.py:3947} INFO - Setting next_dagrun for maritime_intelligence_pipeline to 2026-09-08 00:00:00+00:00, run_after=2026-09-09 00:00:00+00:00
[2026-09-09T11:12:51.461+0000] {processor.py:183} INFO - Processing /opt/airflow/dags/maritime_intelligence_pipeline.py took 0.166 seconds
[2026-09-09T11:13:21.655+0000] {processor.py:161} INFO - Started process (PID=725) to work on /opt/airflow/dags/maritime_intelligence_pipeline.py
[2026-09-09T11:13:21.658+0000] {processor.py:830} INFO - Processing file /opt/airflow/dags/maritime_intelligence_pipeline.py for tasks to queue
[2026-09-09T11:13:21.662+0000] {logging_mixin.py:188} INFO - [2026-09-09T11:13:21.661+0000] {dagbag.py:545} INFO - Filling up the DagBag from /opt/airflow/dags/maritime_intelligence_pipeline.py
[2026-09-09T11:13:21.701+0000] {processor.py:840} INFO - DAG(s) 'maritime_intelligence_pipeline' retrieved from /opt/airflow/dags/maritime_intelligence_pipeline.py
[2026-09-09T11:13:21.746+0000] {logging_mixin.py:188} INFO - [2026-09-09T11:13:21.746+0000] {dag.py:3089} INFO - Sync 1 DAGs
[2026-09-09T11:13:21.780+0000] {logging_mixin.py:188} INFO - [2026-09-09T11:13:21.779+0000] {dag.py:3947} INFO - Setting next_dagrun for maritime_intelligence_pipeline to 2026-09-08 00:00:00+00:00, run_after=2026-09-09 00:00:00+00:00
[2026-09-09T11:13:21.810+0000] {processor.py:183} INFO - Processing /opt/airflow/dags/maritime_intelligence_pipeline.py took 0.164 seconds
[2026-09-09T11:13:52.004+0000] {processor.py:161} INFO - Started process (PID=730) to work on /opt/airflow/dags/maritime_intelligence_pipeline.py
[2026-09-09T11:13:52.007+0000] {processor.py:830} INFO - Processing file /opt/airflow/dags/maritime_intelligence_pipeline.py for tasks to queue
[2026-09-09T11:13:52.010+0000] {logging_mixin.py:188} INFO - [2026-09-09T11:13:52.010+0000] {dagbag.py:545} INFO - Filling up the DagBag from /opt/airflow/dags/maritime_intelligence_pipeline.py
[2026-09-09T11:13:52.057+0000] {processor.py:840} INFO - DAG(s) 'maritime_intelligence_pipeline' retrieved from /opt/airflow/dags/maritime_intelligence_pipeline.py
[2026-09-09T11:13:52.100+0000] {logging_mixin.py:188} INFO - [2026-09-09T11:13:52.100+0000] {dag.py:3089} INFO - Sync 1 DAGs
[2026-09-09T11:13:52.133+0000] {logging_mixin.py:188} INFO - [2026-09-09T11:13:52.132+0000] {dag.py:3947} INFO - Setting next_dagrun for maritime_intelligence_pipeline to 2026-09-08 00:00:00+00:00, run_after=2026-09-09 00:00:00+00:00
[2026-09-09T11:13:52.172+0000] {processor.py:183} INFO - Processing /opt/airflow/dags/maritime_intelligence_pipeline.py took 0.178 seconds
[2026-09-09T11:14:22.481+0000] {processor.py:161} INFO - Started process (PID=735) to work on /opt/airflow/dags/maritime_intelligence_pipeline.py
[2026-09-09T11:14:22.483+0000] {processor.py:830} INFO - Processing file /opt/airflow/dags/maritime_intelligence_pipeline.py for tasks to queue
[2026-09-09T11:14:22.487+0000] {logging_mixin.py:188} INFO - [2026-09-09T11:14:22.486+0000] {dagbag.py:545} INFO - Filling up the DagBag from /opt/airflow/dags/maritime_intelligence_pipeline.py
[2026-09-09T11:14:22.525+0000] {processor.py:840} INFO - DAG(s) 'maritime_intelligence_pipeline' retrieved from /opt/airflow/dags/maritime_intelligence_pipeline.py
[2026-09-09T11:14:22.565+0000] {logging_mixin.py:188} INFO - [2026-09-09T11:14:22.565+0000] {dag.py:3089} INFO - Sync 1 DAGs
[2026-09-09T11:14:22.596+0000] {logging_mixin.py:188} INFO - [2026-09-09T11:14:22.595+0000] {dag.py:3947} INFO - Setting next_dagrun for maritime_intelligence_pipeline to 2026-09-08 00:00:00+00:00, run_after=2026-09-09 00:00:00+00:00
[2026-09-09T11:14:22.622+0000] {processor.py:183} INFO - Processing /opt/airflow/dags/maritime_intelligence_pipeline.py took 0.149 seconds
[2026-09-09T11:14:52.761+0000] {processor.py:161} INFO - Started process (PID=740) to work on /opt/airflow/dags/maritime_intelligence_pipeline.py
[2026-09-09T11:14:52.763+0000] {processor.py:830} INFO - Processing file /opt/airflow/dags/maritime_intelligence_pipeline.py for tasks to queue
[2026-09-09T11:14:52.767+0000] {logging_mixin.py:188} INFO - [2026-09-09T11:14:52.766+0000] {dagbag.py:545} INFO - Filling up the DagBag from /opt/airflow/dags/maritime_intelligence_pipeline.py
[2026-09-09T11:14:52.808+0000] {processor.py:840} INFO - DAG(s) 'maritime_intelligence_pipeline' retrieved from /opt/airflow/dags/maritime_intelligence_pipeline.py
[2026-09-09T11:14:52.872+0000] {logging_mixin.py:188} INFO - [2026-09-09T11:14:52.871+0000] {dag.py:3089} INFO - Sync 1 DAGs
[2026-09-09T11:14:52.926+0000] {logging_mixin.py:188} INFO - [2026-09-09T11:14:52.925+0000] {dag.py:3947} INFO - Setting next_dagrun for maritime_intelligence_pipeline to 2026-09-08 00:00:00+00:00, run_after=2026-09-09 00:00:00+00:00
[2026-09-09T11:14:52.965+0000] {processor.py:183} INFO - Processing /opt/airflow/dags/maritime_intelligence_pipeline.py took 0.217 seconds
[2026-09-09T11:15:23.405+0000] {processor.py:161} INFO - Started process (PID=745) to work on /opt/airflow/dags/maritime_intelligence_pipeline.py
[2026-09-09T11:15:23.408+0000] {processor.py:830} INFO - Processing file /opt/airflow/dags/maritime_intelligence_pipeline.py for tasks to queue
[2026-09-09T11:15:23.424+0000] {logging_mixin.py:188} INFO - [2026-09-09T11:15:23.423+0000] {dagbag.py:545} INFO - Filling up the DagBag from /opt/airflow/dags/maritime_intelligence_pipeline.py
[2026-09-09T11:15:23.525+0000] {processor.py:840} INFO - DAG(s) 'maritime_intelligence_pipeline' retrieved from /opt/airflow/dags/maritime_intelligence_pipeline.py
[2026-09-09T11:15:23.626+0000] {logging_mixin.py:188} INFO - [2026-09-09T11:15:23.625+0000] {dag.py:3089} INFO - Sync 1 DAGs
[2026-09-09T11:15:23.718+0000] {logging_mixin.py:188} INFO - [2026-09-09T11:15:23.718+0000] {dag.py:3947} INFO - Setting next_dagrun for maritime_intelligence_pipeline to 2026-09-08 00:00:00+00:00, run_after=2026-09-09 00:00:00+00:00
[2026-09-09T11:15:23.782+0000] {processor.py:183} INFO - Processing /opt/airflow/dags/maritime_intelligence_pipeline.py took 0.425 seconds
[2026-09-09T11:15:54.131+0000] {processor.py:161} INFO - Started process (PID=750) to work on /opt/airflow/dags/maritime_intelligence_pipeline.py
[2026-09-09T11:15:54.144+0000] {processor.py:830} INFO - Processing file /opt/airflow/dags/maritime_intelligence_pipeline.py for tasks to queue
[2026-09-09T11:15:54.150+0000] {logging_mixin.py:188} INFO - [2026-09-09T11:15:54.149+0000] {dagbag.py:545} INFO - Filling up the DagBag from /opt/airflow/dags/maritime_intelligence_pipeline.py
[2026-09-09T11:15:54.192+0000] {processor.py:840} INFO - DAG(s) 'maritime_intelligence_pipeline' retrieved from /opt/airflow/dags/maritime_intelligence_pipeline.py
[2026-09-09T11:15:54.248+0000] {logging_mixin.py:188} INFO - [2026-09-09T11:15:54.247+0000] {dag.py:3089} INFO - Sync 1 DAGs
[2026-09-09T11:15:54.286+0000] {logging_mixin.py:188} INFO - [2026-09-09T11:15:54.286+0000] {dag.py:3947} INFO - Setting next_dagrun for maritime_intelligence_pipeline to 2026-09-08 00:00:00+00:00, run_after=2026-09-09 00:00:00+00:00
[2026-09-09T11:15:54.316+0000] {processor.py:183} INFO - Processing /opt/airflow/dags/maritime_intelligence_pipeline.py took 0.202 seconds
[2026-09-09T11:16:24.442+0000] {processor.py:161} INFO - Started process (PID=755) to work on /opt/airflow/dags/maritime_intelligence_pipeline.py
[2026-09-09T11:16:24.444+0000] {processor.py:830} INFO - Processing file /opt/airflow/dags/maritime_intelligence_pipeline.py for tasks to queue
[2026-09-09T11:16:24.449+0000] {logging_mixin.py:188} INFO - [2026-09-09T11:16:24.448+0000] {dagbag.py:545} INFO - Filling up the DagBag from /opt/airflow/dags/maritime_intelligence_pipeline.py
[2026-09-09T11:16:24.487+0000] {processor.py:840} INFO - DAG(s) 'maritime_intelligence_pipeline' retrieved from /opt/airflow/dags/maritime_intelligence_pipeline.py
[2026-09-09T11:16:24.537+0000] {logging_mixin.py:188} INFO - [2026-09-09T11:16:24.537+0000] {dag.py:3089} INFO - Sync 1 DAGs
[2026-09-09T11:16:24.569+0000] {logging_mixin.py:188} INFO - [2026-09-09T11:16:24.569+0000] {dag.py:3947} INFO - Setting next_dagrun for maritime_intelligence_pipeline to 2026-09-08 00:00:00+00:00, run_after=2026-09-09 00:00:00+00:00
[2026-09-09T11:16:24.600+0000] {processor.py:183} INFO - Processing /opt/airflow/dags/maritime_intelligence_pipeline.py took 0.168 seconds
[2026-09-09T11:16:55.009+0000] {processor.py:161} INFO - Started process (PID=760) to work on /opt/airflow/dags/maritime_intelligence_pipeline.py
[2026-09-09T11:16:55.011+0000] {processor.py:830} INFO - Processing file /opt/airflow/dags/maritime_intelligence_pipeline.py for tasks to queue
[2026-09-09T11:16:55.015+0000] {logging_mixin.py:188} INFO - [2026-09-09T11:16:55.014+0000] {dagbag.py:545} INFO - Filling up the DagBag from /opt/airflow/dags/maritime_intelligence_pipeline.py
[2026-09-09T11:16:55.053+0000] {processor.py:840} INFO - DAG(s) 'maritime_intelligence_pipeline' retrieved from /opt/airflow/dags/maritime_intelligence_pipeline.py
[2026-09-09T11:16:55.093+0000] {logging_mixin.py:188} INFO - [2026-09-09T11:16:55.093+0000] {dag.py:3089} INFO - Sync 1 DAGs
[2026-09-09T11:16:55.141+0000] {logging_mixin.py:188} INFO - [2026-09-09T11:16:55.140+0000] {dag.py:3947} INFO - Setting next_dagrun for maritime_intelligence_pipeline to 2026-09-08 00:00:00+00:00, run_after=2026-09-09 00:00:00+00:00
[2026-09-09T11:16:55.191+0000] {processor.py:183} INFO - Processing /opt/airflow/dags/maritime_intelligence_pipeline.py took 0.192 seconds
[2026-09-09T11:17:25.475+0000] {processor.py:161} INFO - Started process (PID=765) to work on /opt/airflow/dags/maritime_intelligence_pipeline.py
[2026-09-09T11:17:25.477+0000] {processor.py:830} INFO - Processing file /opt/airflow/dags/maritime_intelligence_pipeline.py for tasks to queue
[2026-09-09T11:17:25.481+0000] {logging_mixin.py:188} INFO - [2026-09-09T11:17:25.481+0000] {dagbag.py:545} INFO - Filling up the DagBag from /opt/airflow/dags/maritime_intelligence_pipeline.py
[2026-09-09T11:17:25.520+0000] {processor.py:840} INFO - DAG(s) 'maritime_intelligence_pipeline' retrieved from /opt/airflow/dags/maritime_intelligence_pipeline.py
[2026-09-09T11:17:25.564+0000] {logging_mixin.py:188} INFO - [2026-09-09T11:17:25.564+0000] {dag.py:3089} INFO - Sync 1 DAGs
[2026-09-09T11:17:25.600+0000] {logging_mixin.py:188} INFO - [2026-09-09T11:17:25.600+0000] {dag.py:3947} INFO - Setting next_dagrun for maritime_intelligence_pipeline to 2026-09-08 00:00:00+00:00, run_after=2026-09-09 00:00:00+00:00
[2026-09-09T11:17:25.632+0000] {processor.py:183} INFO - Processing /opt/airflow/dags/maritime_intelligence_pipeline.py took 0.169 seconds
[2026-09-09T11:17:55.800+0000] {processor.py:161} INFO - Started process (PID=770) to work on /opt/airflow/dags/maritime_intelligence_pipeline.py
[2026-09-09T11:17:55.802+0000] {processor.py:830} INFO - Processing file /opt/airflow/dags/maritime_intelligence_pipeline.py for tasks to queue
[2026-09-09T11:17:55.807+0000] {logging_mixin.py:188} INFO - [2026-09-09T11:17:55.807+0000] {dagbag.py:545} INFO - Filling up the DagBag from /opt/airflow/dags/maritime_intelligence_pipeline.py
[2026-09-09T11:17:55.840+0000] {processor.py:840} INFO - DAG(s) 'maritime_intelligence_pipeline' retrieved from /opt/airflow/dags/maritime_intelligence_pipeline.py
[2026-09-09T11:17:55.887+0000] {logging_mixin.py:188} INFO - [2026-09-09T11:17:55.887+0000] {dag.py:3089} INFO - Sync 1 DAGs
[2026-09-09T11:17:55.924+0000] {logging_mixin.py:188} INFO - [2026-09-09T11:17:55.923+0000] {dag.py:3947} INFO - Setting next_dagrun for maritime_intelligence_pipeline to 2026-09-08 00:00:00+00:00, run_after=2026-09-09 00:00:00+00:00
[2026-09-09T11:17:55.958+0000] {processor.py:183} INFO - Processing /opt/airflow/dags/maritime_intelligence_pipeline.py took 0.176 seconds
[2026-09-09T11:18:26.291+0000] {processor.py:161} INFO - Started process (PID=775) to work on /opt/airflow/dags/maritime_intelligence_pipeline.py
[2026-09-09T11:18:26.293+0000] {processor.py:830} INFO - Processing file /opt/airflow/dags/maritime_intelligence_pipeline.py for tasks to queue
[2026-09-09T11:18:26.297+0000] {logging_mixin.py:188} INFO - [2026-09-09T11:18:26.297+0000] {dagbag.py:545} INFO - Filling up the DagBag from /opt/airflow/dags/maritime_intelligence_pipeline.py
[2026-09-09T11:18:26.333+0000] {processor.py:840} INFO - DAG(s) 'maritime_intelligence_pipeline' retrieved from /opt/airflow/dags/maritime_intelligence_pipeline.py
[2026-09-09T11:18:26.380+0000] {logging_mixin.py:188} INFO - [2026-09-09T11:18:26.379+0000] {dag.py:3089} INFO - Sync 1 DAGs
[2026-09-09T11:18:26.424+0000] {logging_mixin.py:188} INFO - [2026-09-09T11:18:26.424+0000] {dag.py:3947} INFO - Setting next_dagrun for maritime_intelligence_pipeline to 2026-09-08 00:00:00+00:00, run_after=2026-09-09 00:00:00+00:00
[2026-09-09T11:18:26.452+0000] {processor.py:183} INFO - Processing /opt/airflow/dags/maritime_intelligence_pipeline.py took 0.178 seconds
[2026-09-09T11:18:56.576+0000] {processor.py:161} INFO - Started process (PID=780) to work on /opt/airflow/dags/maritime_intelligence_pipeline.py
[2026-09-09T11:18:56.578+0000] {processor.py:830} INFO - Processing file /opt/airflow/dags/maritime_intelligence_pipeline.py for tasks to queue
[2026-09-09T11:18:56.581+0000] {logging_mixin.py:188} INFO - [2026-09-09T11:18:56.581+0000] {dagbag.py:545} INFO - Filling up the DagBag from /opt/airflow/dags/maritime_intelligence_pipeline.py
[2026-09-09T11:18:56.614+0000] {processor.py:840} INFO - DAG(s) 'maritime_intelligence_pipeline' retrieved from /opt/airflow/dags/maritime_intelligence_pipeline.py
[2026-09-09T11:18:56.657+0000] {logging_mixin.py:188} INFO - [2026-09-09T11:18:56.657+0000] {dag.py:3089} INFO - Sync 1 DAGs
[2026-09-09T11:18:56.692+0000] {logging_mixin.py:188} INFO - [2026-09-09T11:18:56.692+0000] {dag.py:3947} INFO - Setting next_dagrun for maritime_intelligence_pipeline to 2026-09-08 00:00:00+00:00, run_after=2026-09-09 00:00:00+00:00
[2026-09-09T11:18:56.721+0000] {processor.py:183} INFO - Processing /opt/airflow/dags/maritime_intelligence_pipeline.py took 0.155 seconds
[2026-09-09T11:19:27.021+0000] {processor.py:161} INFO - Started process (PID=785) to work on /opt/airflow/dags/maritime_intelligence_pipeline.py
[2026-09-09T11:19:27.024+0000] {processor.py:830} INFO - Processing file /opt/airflow/dags/maritime_intelligence_pipeline.py for tasks to queue
[2026-09-09T11:19:27.028+0000] {logging_mixin.py:188} INFO - [2026-09-09T11:19:27.027+0000] {dagbag.py:545} INFO - Filling up the DagBag from /opt/airflow/dags/maritime_intelligence_pipeline.py
[2026-09-09T11:19:27.067+0000] {processor.py:840} INFO - DAG(s) 'maritime_intelligence_pipeline' retrieved from /opt/airflow/dags/maritime_intelligence_pipeline.py
[2026-09-09T11:19:27.119+0000] {logging_mixin.py:188} INFO - [2026-09-09T11:19:27.118+0000] {dag.py:3089} INFO - Sync 1 DAGs
[2026-09-09T11:19:27.159+0000] {logging_mixin.py:188} INFO - [2026-09-09T11:19:27.159+0000] {dag.py:3947} INFO - Setting next_dagrun for maritime_intelligence_pipeline to 2026-09-08 00:00:00+00:00, run_after=2026-09-09 00:00:00+00:00
[2026-09-09T11:19:27.193+0000] {processor.py:183} INFO - Processing /opt/airflow/dags/maritime_intelligence_pipeline.py took 0.184 seconds
[2026-09-09T11:19:57.318+0000] {processor.py:161} INFO - Started process (PID=790) to work on /opt/airflow/dags/maritime_intelligence_pipeline.py
[2026-09-09T11:19:57.320+0000] {processor.py:830} INFO - Processing file /opt/airflow/dags/maritime_intelligence_pipeline.py for tasks to queue
[2026-09-09T11:19:57.323+0000] {logging_mixin.py:188} INFO - [2026-09-09T11:19:57.323+0000] {dagbag.py:545} INFO - Filling up the DagBag from /opt/airflow/dags/maritime_intelligence_pipeline.py
[2026-09-09T11:19:57.360+0000] {processor.py:840} INFO - DAG(s) 'maritime_intelligence_pipeline' retrieved from /opt/airflow/dags/maritime_intelligence_pipeline.py
[2026-09-09T11:19:57.405+0000] {logging_mixin.py:188} INFO - [2026-09-09T11:19:57.404+0000] {dag.py:3089} INFO - Sync 1 DAGs
[2026-09-09T11:19:57.438+0000] {logging_mixin.py:188} INFO - [2026-09-09T11:19:57.438+0000] {dag.py:3947} INFO - Setting next_dagrun for maritime_intelligence_pipeline to 2026-09-08 00:00:00+00:00, run_after=2026-09-09 00:00:00+00:00
[2026-09-09T11:19:57.466+0000] {processor.py:183} INFO - Processing /opt/airflow/dags/maritime_intelligence_pipeline.py took 0.158 seconds
[2026-09-09T11:20:27.727+0000] {processor.py:161} INFO - Started process (PID=795) to work on /opt/airflow/dags/maritime_intelligence_pipeline.py
[2026-09-09T11:20:27.730+0000] {processor.py:830} INFO - Processing file /opt/airflow/dags/maritime_intelligence_pipeline.py for tasks to queue
[2026-09-09T11:20:27.733+0000] {logging_mixin.py:188} INFO - [2026-09-09T11:20:27.733+0000] {dagbag.py:545} INFO - Filling up the DagBag from /opt/airflow/dags/maritime_intelligence_pipeline.py
[2026-09-09T11:20:27.766+0000] {processor.py:840} INFO - DAG(s) 'maritime_intelligence_pipeline' retrieved from /opt/airflow/dags/maritime_intelligence_pipeline.py
[2026-09-09T11:20:27.806+0000] {logging_mixin.py:188} INFO - [2026-09-09T11:20:27.806+0000] {dag.py:3089} INFO - Sync 1 DAGs
[2026-09-09T11:20:27.839+0000] {logging_mixin.py:188} INFO - [2026-09-09T11:20:27.839+0000] {dag.py:3947} INFO - Setting next_dagrun for maritime_intelligence_pipeline to 2026-09-08 00:00:00+00:00, run_after=2026-09-09 00:00:00+00:00
[2026-09-09T11:20:27.869+0000] {processor.py:183} INFO - Processing /opt/airflow/dags/maritime_intelligence_pipeline.py took 0.150 seconds
[2026-09-09T11:20:58.056+0000] {processor.py:161} INFO - Started process (PID=800) to work on /opt/airflow/dags/maritime_intelligence_pipeline.py
[2026-09-09T11:20:58.058+0000] {processor.py:830} INFO - Processing file /opt/airflow/dags/maritime_intelligence_pipeline.py for tasks to queue
[2026-09-09T11:20:58.061+0000] {logging_mixin.py:188} INFO - [2026-09-09T11:20:58.061+0000] {dagbag.py:545} INFO - Filling up the DagBag from /opt/airflow/dags/maritime_intelligence_pipeline.py
[2026-09-09T11:20:58.100+0000] {processor.py:840} INFO - DAG(s) 'maritime_intelligence_pipeline' retrieved from /opt/airflow/dags/maritime_intelligence_pipeline.py
[2026-09-09T11:20:58.146+0000] {logging_mixin.py:188} INFO - [2026-09-09T11:20:58.146+0000] {dag.py:3089} INFO - Sync 1 DAGs
[2026-09-09T11:20:58.178+0000] {logging_mixin.py:188} INFO - [2026-09-09T11:20:58.178+0000] {dag.py:3947} INFO - Setting next_dagrun for maritime_intelligence_pipeline to 2026-09-08 00:00:00+00:00, run_after=2026-09-09 00:00:00+00:00
[2026-09-09T11:20:58.205+0000] {processor.py:183} INFO - Processing /opt/airflow/dags/maritime_intelligence_pipeline.py took 0.159 seconds
[2026-09-09T11:21:28.596+0000] {processor.py:161} INFO - Started process (PID=805) to work on /opt/airflow/dags/maritime_intelligence_pipeline.py
[2026-09-09T11:21:28.598+0000] {processor.py:830} INFO - Processing file /opt/airflow/dags/maritime_intelligence_pipeline.py for tasks to queue
[2026-09-09T11:21:28.601+0000] {logging_mixin.py:188} INFO - [2026-09-09T11:21:28.601+0000] {dagbag.py:545} INFO - Filling up the DagBag from /opt/airflow/dags/maritime_intelligence_pipeline.py
[2026-09-09T11:21:28.644+0000] {processor.py:840} INFO - DAG(s) 'maritime_intelligence_pipeline' retrieved from /opt/airflow/dags/maritime_intelligence_pipeline.py
[2026-09-09T11:21:28.683+0000] {logging_mixin.py:188} INFO - [2026-09-09T11:21:28.683+0000] {dag.py:3089} INFO - Sync 1 DAGs
[2026-09-09T11:21:28.714+0000] {logging_mixin.py:188} INFO - [2026-09-09T11:21:28.714+0000] {dag.py:3947} INFO - Setting next_dagrun for maritime_intelligence_pipeline to 2026-09-08 00:00:00+00:00, run_after=2026-09-09 00:00:00+00:00
[2026-09-09T11:21:28.741+0000] {processor.py:183} INFO - Processing /opt/airflow/dags/maritime_intelligence_pipeline.py took 0.153 seconds
[2026-09-09T11:21:58.896+0000] {processor.py:161} INFO - Started process (PID=810) to work on /opt/airflow/dags/maritime_intelligence_pipeline.py
[2026-09-09T11:21:58.899+0000] {processor.py:830} INFO - Processing file /opt/airflow/dags/maritime_intelligence_pipeline.py for tasks to queue
[2026-09-09T11:21:58.903+0000] {logging_mixin.py:188} INFO - [2026-09-09T11:21:58.902+0000] {dagbag.py:545} INFO - Filling up the DagBag from /opt/airflow/dags/maritime_intelligence_pipeline.py
[2026-09-09T11:21:58.947+0000] {processor.py:840} INFO - DAG(s) 'maritime_intelligence_pipeline' retrieved from /opt/airflow/dags/maritime_intelligence_pipeline.py
[2026-09-09T11:21:58.997+0000] {logging_mixin.py:188} INFO - [2026-09-09T11:21:58.997+0000] {dag.py:3089} INFO - Sync 1 DAGs
[2026-09-09T11:21:59.035+0000] {logging_mixin.py:188} INFO - [2026-09-09T11:21:59.034+0000] {dag.py:3947} INFO - Setting next_dagrun for maritime_intelligence_pipeline to 2026-09-08 00:00:00+00:00, run_after=2026-09-09 00:00:00+00:00
[2026-09-09T11:21:59.065+0000] {processor.py:183} INFO - Processing /opt/airflow/dags/maritime_intelligence_pipeline.py took 0.180 seconds
[2026-09-09T11:22:29.210+0000] {processor.py:161} INFO - Started process (PID=815) to work on /opt/airflow/dags/maritime_intelligence_pipeline.py
[2026-09-09T11:22:29.214+0000] {processor.py:830} INFO - Processing file /opt/airflow/dags/maritime_intelligence_pipeline.py for tasks to queue
[2026-09-09T11:22:29.222+0000] {logging_mixin.py:188} INFO - [2026-09-09T11:22:29.221+0000] {dagbag.py:545} INFO - Filling up the DagBag from /opt/airflow/dags/maritime_intelligence_pipeline.py
[2026-09-09T11:22:29.293+0000] {processor.py:840} INFO - DAG(s) 'maritime_intelligence_pipeline' retrieved from /opt/airflow/dags/maritime_intelligence_pipeline.py
[2026-09-09T11:22:29.361+0000] {logging_mixin.py:188} INFO - [2026-09-09T11:22:29.360+0000] {dag.py:3089} INFO - Sync 1 DAGs
[2026-09-09T11:22:29.409+0000] {logging_mixin.py:188} INFO - [2026-09-09T11:22:29.409+0000] {dag.py:3947} INFO - Setting next_dagrun for maritime_intelligence_pipeline to 2026-09-08 00:00:00+00:00, run_after=2026-09-09 00:00:00+00:00
[2026-09-09T11:22:29.457+0000] {processor.py:183} INFO - Processing /opt/airflow/dags/maritime_intelligence_pipeline.py took 0.260 seconds
[2026-09-09T11:22:59.677+0000] {processor.py:161} INFO - Started process (PID=820) to work on /opt/airflow/dags/maritime_intelligence_pipeline.py
[2026-09-09T11:22:59.680+0000] {processor.py:830} INFO - Processing file /opt/airflow/dags/maritime_intelligence_pipeline.py for tasks to queue
[2026-09-09T11:22:59.685+0000] {logging_mixin.py:188} INFO - [2026-09-09T11:22:59.684+0000] {dagbag.py:545} INFO - Filling up the DagBag from /opt/airflow/dags/maritime_intelligence_pipeline.py
[2026-09-09T11:22:59.738+0000] {processor.py:840} INFO - DAG(s) 'maritime_intelligence_pipeline' retrieved from /opt/airflow/dags/maritime_intelligence_pipeline.py
[2026-09-09T11:22:59.803+0000] {logging_mixin.py:188} INFO - [2026-09-09T11:22:59.803+0000] {dag.py:3089} INFO - Sync 1 DAGs
[2026-09-09T11:22:59.865+0000] {logging_mixin.py:188} INFO - [2026-09-09T11:22:59.865+0000] {dag.py:3947} INFO - Setting next_dagrun for maritime_intelligence_pipeline to 2026-09-08 00:00:00+00:00, run_after=2026-09-09 00:00:00+00:00
[2026-09-09T11:22:59.902+0000] {processor.py:183} INFO - Processing /opt/airflow/dags/maritime_intelligence_pipeline.py took 0.236 seconds
[2026-09-09T11:23:30.158+0000] {processor.py:161} INFO - Started process (PID=825) to work on /opt/airflow/dags/maritime_intelligence_pipeline.py
[2026-09-09T11:23:30.161+0000] {processor.py:830} INFO - Processing file /opt/airflow/dags/maritime_intelligence_pipeline.py for tasks to queue
[2026-09-09T11:23:30.164+0000] {logging_mixin.py:188} INFO - [2026-09-09T11:23:30.164+0000] {dagbag.py:545} INFO - Filling up the DagBag from /opt/airflow/dags/maritime_intelligence_pipeline.py
[2026-09-09T11:23:30.201+0000] {processor.py:840} INFO - DAG(s) 'maritime_intelligence_pipeline' retrieved from /opt/airflow/dags/maritime_intelligence_pipeline.py
[2026-09-09T11:23:30.250+0000] {logging_mixin.py:188} INFO - [2026-09-09T11:23:30.250+0000] {dag.py:3089} INFO - Sync 1 DAGs
[2026-09-09T11:23:30.290+0000] {logging_mixin.py:188} INFO - [2026-09-09T11:23:30.290+0000] {dag.py:3947} INFO - Setting next_dagrun for maritime_intelligence_pipeline to 2026-09-08 00:00:00+00:00, run_after=2026-09-09 00:00:00+00:00
[2026-09-09T11:23:30.323+0000] {processor.py:183} INFO - Processing /opt/airflow/dags/maritime_intelligence_pipeline.py took 0.175 seconds
[2026-09-09T11:24:00.549+0000] {processor.py:161} INFO - Started process (PID=830) to work on /opt/airflow/dags/maritime_intelligence_pipeline.py
[2026-09-09T11:24:00.551+0000] {processor.py:830} INFO - Processing file /opt/airflow/dags/maritime_intelligence_pipeline.py for tasks to queue
[2026-09-09T11:24:00.555+0000] {logging_mixin.py:188} INFO - [2026-09-09T11:24:00.555+0000] {dagbag.py:545} INFO - Filling up the DagBag from /opt/airflow/dags/maritime_intelligence_pipeline.py
[2026-09-09T11:24:00.596+0000] {processor.py:840} INFO - DAG(s) 'maritime_intelligence_pipeline' retrieved from /opt/airflow/dags/maritime_intelligence_pipeline.py
[2026-09-09T11:24:00.641+0000] {logging_mixin.py:188} INFO - [2026-09-09T11:24:00.641+0000] {dag.py:3089} INFO - Sync 1 DAGs
[2026-09-09T11:24:00.676+0000] {logging_mixin.py:188} INFO - [2026-09-09T11:24:00.675+0000] {dag.py:3947} INFO - Setting next_dagrun for maritime_intelligence_pipeline to 2026-09-08 00:00:00+00:00, run_after=2026-09-09 00:00:00+00:00
[2026-09-09T11:24:00.709+0000] {processor.py:183} INFO - Processing /opt/airflow/dags/maritime_intelligence_pipeline.py took 0.172 seconds
[2026-09-09T11:24:30.795+0000] {processor.py:161} INFO - Started process (PID=835) to work on /opt/airflow/dags/maritime_intelligence_pipeline.py
[2026-09-09T11:24:30.798+0000] {processor.py:830} INFO - Processing file /opt/airflow/dags/maritime_intelligence_pipeline.py for tasks to queue
[2026-09-09T11:24:30.802+0000] {logging_mixin.py:188} INFO - [2026-09-09T11:24:30.802+0000] {dagbag.py:545} INFO - Filling up the DagBag from /opt/airflow/dags/maritime_intelligence_pipeline.py
[2026-09-09T11:24:30.846+0000] {processor.py:840} INFO - DAG(s) 'maritime_intelligence_pipeline' retrieved from /opt/airflow/dags/maritime_intelligence_pipeline.py
[2026-09-09T11:24:30.895+0000] {logging_mixin.py:188} INFO - [2026-09-09T11:24:30.894+0000] {dag.py:3089} INFO - Sync 1 DAGs
[2026-09-09T11:24:30.930+0000] {logging_mixin.py:188} INFO - [2026-09-09T11:24:30.929+0000] {dag.py:3947} INFO - Setting next_dagrun for maritime_intelligence_pipeline to 2026-09-08 00:00:00+00:00, run_after=2026-09-09 00:00:00+00:00
[2026-09-09T11:24:30.960+0000] {processor.py:183} INFO - Processing /opt/airflow/dags/maritime_intelligence_pipeline.py took 0.181 seconds
[2026-09-09T11:25:01.047+0000] {processor.py:161} INFO - Started process (PID=840) to work on /opt/airflow/dags/maritime_intelligence_pipeline.py
[2026-09-09T11:25:01.050+0000] {processor.py:830} INFO - Processing file /opt/airflow/dags/maritime_intelligence_pipeline.py for tasks to queue
[2026-09-09T11:25:01.054+0000] {logging_mixin.py:188} INFO - [2026-09-09T11:25:01.053+0000] {dagbag.py:545} INFO - Filling up the DagBag from /opt/airflow/dags/maritime_intelligence_pipeline.py
[2026-09-09T11:25:01.089+0000] {processor.py:840} INFO - DAG(s) 'maritime_intelligence_pipeline' retrieved from /opt/airflow/dags/maritime_intelligence_pipeline.py
[2026-09-09T11:25:01.134+0000] {logging_mixin.py:188} INFO - [2026-09-09T11:25:01.134+0000] {dag.py:3089} INFO - Sync 1 DAGs
[2026-09-09T11:25:01.174+0000] {logging_mixin.py:188} INFO - [2026-09-09T11:25:01.173+0000] {dag.py:3947} INFO - Setting next_dagrun for maritime_intelligence_pipeline to 2026-09-08 00:00:00+00:00, run_after=2026-09-09 00:00:00+00:00
[2026-09-09T11:25:01.209+0000] {processor.py:183} INFO - Processing /opt/airflow/dags/maritime_intelligence_pipeline.py took 0.170 seconds
[2026-09-09T11:25:31.525+0000] {processor.py:161} INFO - Started process (PID=845) to work on /opt/airflow/dags/maritime_intelligence_pipeline.py
[2026-09-09T11:25:31.528+0000] {processor.py:830} INFO - Processing file /opt/airflow/dags/maritime_intelligence_pipeline.py for tasks to queue
[2026-09-09T11:25:31.531+0000] {logging_mixin.py:188} INFO - [2026-09-09T11:25:31.531+0000] {dagbag.py:545} INFO - Filling up the DagBag from /opt/airflow/dags/maritime_intelligence_pipeline.py
[2026-09-09T11:25:31.571+0000] {processor.py:840} INFO - DAG(s) 'maritime_intelligence_pipeline' retrieved from /opt/airflow/dags/maritime_intelligence_pipeline.py
[2026-09-09T11:25:31.614+0000] {logging_mixin.py:188} INFO - [2026-09-09T11:25:31.614+0000] {dag.py:3089} INFO - Sync 1 DAGs
[2026-09-09T11:25:31.647+0000] {logging_mixin.py:188} INFO - [2026-09-09T11:25:31.647+0000] {dag.py:3947} INFO - Setting next_dagrun for maritime_intelligence_pipeline to 2026-09-08 00:00:00+00:00, run_after=2026-09-09 00:00:00+00:00
[2026-09-09T11:25:31.678+0000] {processor.py:183} INFO - Processing /opt/airflow/dags/maritime_intelligence_pipeline.py took 0.161 seconds
[2026-09-09T11:26:01.822+0000] {processor.py:161} INFO - Started process (PID=850) to work on /opt/airflow/dags/maritime_intelligence_pipeline.py
[2026-09-09T11:26:01.824+0000] {processor.py:830} INFO - Processing file /opt/airflow/dags/maritime_intelligence_pipeline.py for tasks to queue
[2026-09-09T11:26:01.828+0000] {logging_mixin.py:188} INFO - [2026-09-09T11:26:01.827+0000] {dagbag.py:545} INFO - Filling up the DagBag from /opt/airflow/dags/maritime_intelligence_pipeline.py
[2026-09-09T11:26:01.868+0000] {processor.py:840} INFO - DAG(s) 'maritime_intelligence_pipeline' retrieved from /opt/airflow/dags/maritime_intelligence_pipeline.py
[2026-09-09T11:26:01.919+0000] {logging_mixin.py:188} INFO - [2026-09-09T11:26:01.919+0000] {dag.py:3089} INFO - Sync 1 DAGs
[2026-09-09T11:26:01.963+0000] {logging_mixin.py:188} INFO - [2026-09-09T11:26:01.962+0000] {dag.py:3947} INFO - Setting next_dagrun for maritime_intelligence_pipeline to 2026-09-08 00:00:00+00:00, run_after=2026-09-09 00:00:00+00:00
[2026-09-09T11:26:02.001+0000] {processor.py:183} INFO - Processing /opt/airflow/dags/maritime_intelligence_pipeline.py took 0.191 seconds
[2026-09-09T11:26:32.304+0000] {processor.py:161} INFO - Started process (PID=855) to work on /opt/airflow/dags/maritime_intelligence_pipeline.py
[2026-09-09T11:26:32.311+0000] {processor.py:830} INFO - Processing file /opt/airflow/dags/maritime_intelligence_pipeline.py for tasks to queue
[2026-09-09T11:26:32.320+0000] {logging_mixin.py:188} INFO - [2026-09-09T11:26:32.318+0000] {dagbag.py:545} INFO - Filling up the DagBag from /opt/airflow/dags/maritime_intelligence_pipeline.py
[2026-09-09T11:26:32.427+0000] {processor.py:840} INFO - DAG(s) 'maritime_intelligence_pipeline' retrieved from /opt/airflow/dags/maritime_intelligence_pipeline.py
[2026-09-09T11:26:32.564+0000] {logging_mixin.py:188} INFO - [2026-09-09T11:26:32.563+0000] {dag.py:3089} INFO - Sync 1 DAGs
[2026-09-09T11:26:32.655+0000] {logging_mixin.py:188} INFO - [2026-09-09T11:26:32.655+0000] {dag.py:3947} INFO - Setting next_dagrun for maritime_intelligence_pipeline to 2026-09-08 00:00:00+00:00, run_after=2026-09-09 00:00:00+00:00
[2026-09-09T11:26:32.712+0000] {processor.py:183} INFO - Processing /opt/airflow/dags/maritime_intelligence_pipeline.py took 0.425 seconds
[2026-09-09T11:27:03.026+0000] {processor.py:161} INFO - Started process (PID=860) to work on /opt/airflow/dags/maritime_intelligence_pipeline.py
[2026-09-09T11:27:03.028+0000] {processor.py:830} INFO - Processing file /opt/airflow/dags/maritime_intelligence_pipeline.py for tasks to queue
[2026-09-09T11:27:03.033+0000] {logging_mixin.py:188} INFO - [2026-09-09T11:27:03.032+0000] {dagbag.py:545} INFO - Filling up the DagBag from /opt/airflow/dags/maritime_intelligence_pipeline.py
[2026-09-09T11:27:03.075+0000] {processor.py:840} INFO - DAG(s) 'maritime_intelligence_pipeline' retrieved from /opt/airflow/dags/maritime_intelligence_pipeline.py
[2026-09-09T11:27:03.126+0000] {logging_mixin.py:188} INFO - [2026-09-09T11:27:03.126+0000] {dag.py:3089} INFO - Sync 1 DAGs
[2026-09-09T11:27:03.162+0000] {logging_mixin.py:188} INFO - [2026-09-09T11:27:03.162+0000] {dag.py:3947} INFO - Setting next_dagrun for maritime_intelligence_pipeline to 2026-09-08 00:00:00+00:00, run_after=2026-09-09 00:00:00+00:00
[2026-09-09T11:27:03.197+0000] {processor.py:183} INFO - Processing /opt/airflow/dags/maritime_intelligence_pipeline.py took 0.184 seconds
[2026-09-09T11:27:33.463+0000] {processor.py:161} INFO - Started process (PID=865) to work on /opt/airflow/dags/maritime_intelligence_pipeline.py
[2026-09-09T11:27:33.465+0000] {processor.py:830} INFO - Processing file /opt/airflow/dags/maritime_intelligence_pipeline.py for tasks to queue
[2026-09-09T11:27:33.468+0000] {logging_mixin.py:188} INFO - [2026-09-09T11:27:33.468+0000] {dagbag.py:545} INFO - Filling up the DagBag from /opt/airflow/dags/maritime_intelligence_pipeline.py
[2026-09-09T11:27:33.507+0000] {processor.py:840} INFO - DAG(s) 'maritime_intelligence_pipeline' retrieved from /opt/airflow/dags/maritime_intelligence_pipeline.py
[2026-09-09T11:27:33.552+0000] {logging_mixin.py:188} INFO - [2026-09-09T11:27:33.551+0000] {dag.py:3089} INFO - Sync 1 DAGs
[2026-09-09T11:27:33.587+0000] {logging_mixin.py:188} INFO - [2026-09-09T11:27:33.587+0000] {dag.py:3947} INFO - Setting next_dagrun for maritime_intelligence_pipeline to 2026-09-08 00:00:00+00:00, run_after=2026-09-09 00:00:00+00:00
[2026-09-09T11:27:33.618+0000] {processor.py:183} INFO - Processing /opt/airflow/dags/maritime_intelligence_pipeline.py took 0.164 seconds
[2026-09-09T11:28:03.749+0000] {processor.py:161} INFO - Started process (PID=870) to work on /opt/airflow/dags/maritime_intelligence_pipeline.py
[2026-09-09T11:28:03.751+0000] {processor.py:830} INFO - Processing file /opt/airflow/dags/maritime_intelligence_pipeline.py for tasks to queue
[2026-09-09T11:28:03.754+0000] {logging_mixin.py:188} INFO - [2026-09-09T11:28:03.754+0000] {dagbag.py:545} INFO - Filling up the DagBag from /opt/airflow/dags/maritime_intelligence_pipeline.py
[2026-09-09T11:28:03.801+0000] {processor.py:840} INFO - DAG(s) 'maritime_intelligence_pipeline' retrieved from /opt/airflow/dags/maritime_intelligence_pipeline.py
[2026-09-09T11:28:03.862+0000] {logging_mixin.py:188} INFO - [2026-09-09T11:28:03.862+0000] {dag.py:3089} INFO - Sync 1 DAGs
[2026-09-09T11:28:03.910+0000] {logging_mixin.py:188} INFO - [2026-09-09T11:28:03.910+0000] {dag.py:3947} INFO - Setting next_dagrun for maritime_intelligence_pipeline to 2026-09-08 00:00:00+00:00, run_after=2026-09-09 00:00:00+00:00
[2026-09-09T11:28:03.965+0000] {processor.py:183} INFO - Processing /opt/airflow/dags/maritime_intelligence_pipeline.py took 0.226 seconds
[2026-09-09T11:28:34.209+0000] {processor.py:161} INFO - Started process (PID=875) to work on /opt/airflow/dags/maritime_intelligence_pipeline.py
[2026-09-09T11:28:34.215+0000] {processor.py:830} INFO - Processing file /opt/airflow/dags/maritime_intelligence_pipeline.py for tasks to queue
[2026-09-09T11:28:34.223+0000] {logging_mixin.py:188} INFO - [2026-09-09T11:28:34.222+0000] {dagbag.py:545} INFO - Filling up the DagBag from /opt/airflow/dags/maritime_intelligence_pipeline.py
[2026-09-09T11:28:34.325+0000] {processor.py:840} INFO - DAG(s) 'maritime_intelligence_pipeline' retrieved from /opt/airflow/dags/maritime_intelligence_pipeline.py
[2026-09-09T11:28:34.411+0000] {logging_mixin.py:188} INFO - [2026-09-09T11:28:34.410+0000] {dag.py:3089} INFO - Sync 1 DAGs
[2026-09-09T11:28:34.455+0000] {logging_mixin.py:188} INFO - [2026-09-09T11:28:34.455+0000] {dag.py:3947} INFO - Setting next_dagrun for maritime_intelligence_pipeline to 2026-09-08 00:00:00+00:00, run_after=2026-09-09 00:00:00+00:00
[2026-09-09T11:28:34.486+0000] {processor.py:183} INFO - Processing /opt/airflow/dags/maritime_intelligence_pipeline.py took 0.294 seconds
[2026-09-09T11:29:04.573+0000] {processor.py:161} INFO - Started process (PID=880) to work on /opt/airflow/dags/maritime_intelligence_pipeline.py
[2026-09-09T11:29:04.578+0000] {processor.py:830} INFO - Processing file /opt/airflow/dags/maritime_intelligence_pipeline.py for tasks to queue
[2026-09-09T11:29:04.585+0000] {logging_mixin.py:188} INFO - [2026-09-09T11:29:04.584+0000] {dagbag.py:545} INFO - Filling up the DagBag from /opt/airflow/dags/maritime_intelligence_pipeline.py
[2026-09-09T11:29:04.632+0000] {processor.py:840} INFO - DAG(s) 'maritime_intelligence_pipeline' retrieved from /opt/airflow/dags/maritime_intelligence_pipeline.py
[2026-09-09T11:29:04.708+0000] {logging_mixin.py:188} INFO - [2026-09-09T11:29:04.708+0000] {dag.py:3089} INFO - Sync 1 DAGs
[2026-09-09T11:29:04.768+0000] {logging_mixin.py:188} INFO - [2026-09-09T11:29:04.768+0000] {dag.py:3947} INFO - Setting next_dagrun for maritime_intelligence_pipeline to 2026-09-08 00:00:00+00:00, run_after=2026-09-09 00:00:00+00:00
[2026-09-09T11:29:04.799+0000] {processor.py:183} INFO - Processing /opt/airflow/dags/maritime_intelligence_pipeline.py took 0.250 seconds
[2026-09-09T11:29:35.056+0000] {processor.py:161} INFO - Started process (PID=885) to work on /opt/airflow/dags/maritime_intelligence_pipeline.py
[2026-09-09T11:29:35.059+0000] {processor.py:830} INFO - Processing file /opt/airflow/dags/maritime_intelligence_pipeline.py for tasks to queue
[2026-09-09T11:29:35.064+0000] {logging_mixin.py:188} INFO - [2026-09-09T11:29:35.063+0000] {dagbag.py:545} INFO - Filling up the DagBag from /opt/airflow/dags/maritime_intelligence_pipeline.py
[2026-09-09T11:29:35.112+0000] {processor.py:840} INFO - DAG(s) 'maritime_intelligence_pipeline' retrieved from /opt/airflow/dags/maritime_intelligence_pipeline.py
[2026-09-09T11:29:35.163+0000] {logging_mixin.py:188} INFO - [2026-09-09T11:29:35.163+0000] {dag.py:3089} INFO - Sync 1 DAGs
[2026-09-09T11:29:35.202+0000] {logging_mixin.py:188} INFO - [2026-09-09T11:29:35.202+0000] {dag.py:3947} INFO - Setting next_dagrun for maritime_intelligence_pipeline to 2026-09-08 00:00:00+00:00, run_after=2026-09-09 00:00:00+00:00
[2026-09-09T11:29:35.235+0000] {processor.py:183} INFO - Processing /opt/airflow/dags/maritime_intelligence_pipeline.py took 0.194 seconds
[2026-09-09T11:30:05.492+0000] {processor.py:161} INFO - Started process (PID=890) to work on /opt/airflow/dags/maritime_intelligence_pipeline.py
[2026-09-09T11:30:05.495+0000] {processor.py:830} INFO - Processing file /opt/airflow/dags/maritime_intelligence_pipeline.py for tasks to queue
[2026-09-09T11:30:05.501+0000] {logging_mixin.py:188} INFO - [2026-09-09T11:30:05.500+0000] {dagbag.py:545} INFO - Filling up the DagBag from /opt/airflow/dags/maritime_intelligence_pipeline.py
[2026-09-09T11:30:05.549+0000] {processor.py:840} INFO - DAG(s) 'maritime_intelligence_pipeline' retrieved from /opt/airflow/dags/maritime_intelligence_pipeline.py
[2026-09-09T11:30:05.600+0000] {logging_mixin.py:188} INFO - [2026-09-09T11:30:05.600+0000] {dag.py:3089} INFO - Sync 1 DAGs
[2026-09-09T11:30:05.638+0000] {logging_mixin.py:188} INFO - [2026-09-09T11:30:05.638+0000] {dag.py:3947} INFO - Setting next_dagrun for maritime_intelligence_pipeline to 2026-09-08 00:00:00+00:00, run_after=2026-09-09 00:00:00+00:00
[2026-09-09T11:30:05.675+0000] {processor.py:183} INFO - Processing /opt/airflow/dags/maritime_intelligence_pipeline.py took 0.197 seconds
[2026-09-09T11:30:35.957+0000] {processor.py:161} INFO - Started process (PID=895) to work on /opt/airflow/dags/maritime_intelligence_pipeline.py
[2026-09-09T11:30:35.959+0000] {processor.py:830} INFO - Processing file /opt/airflow/dags/maritime_intelligence_pipeline.py for tasks to queue
[2026-09-09T11:30:35.964+0000] {logging_mixin.py:188} INFO - [2026-09-09T11:30:35.963+0000] {dagbag.py:545} INFO - Filling up the DagBag from /opt/airflow/dags/maritime_intelligence_pipeline.py
[2026-09-09T11:30:36.004+0000] {processor.py:840} INFO - DAG(s) 'maritime_intelligence_pipeline' retrieved from /opt/airflow/dags/maritime_intelligence_pipeline.py
[2026-09-09T11:30:36.050+0000] {logging_mixin.py:188} INFO - [2026-09-09T11:30:36.049+0000] {dag.py:3089} INFO - Sync 1 DAGs
[2026-09-09T11:30:36.085+0000] {logging_mixin.py:188} INFO - [2026-09-09T11:30:36.085+0000] {dag.py:3947} INFO - Setting next_dagrun for maritime_intelligence_pipeline to 2026-09-08 00:00:00+00:00, run_after=2026-09-09 00:00:00+00:00
[2026-09-09T11:30:36.116+0000] {processor.py:183} INFO - Processing /opt/airflow/dags/maritime_intelligence_pipeline.py took 0.168 seconds
[2026-09-09T11:31:06.236+0000] {processor.py:161} INFO - Started process (PID=900) to work on /opt/airflow/dags/maritime_intelligence_pipeline.py
[2026-09-09T11:31:06.239+0000] {processor.py:830} INFO - Processing file /opt/airflow/dags/maritime_intelligence_pipeline.py for tasks to queue
[2026-09-09T11:31:06.246+0000] {logging_mixin.py:188} INFO - [2026-09-09T11:31:06.245+0000] {dagbag.py:545} INFO - Filling up the DagBag from /opt/airflow/dags/maritime_intelligence_pipeline.py
[2026-09-09T11:31:06.285+0000] {processor.py:840} INFO - DAG(s) 'maritime_intelligence_pipeline' retrieved from /opt/airflow/dags/maritime_intelligence_pipeline.py
[2026-09-09T11:31:06.335+0000] {logging_mixin.py:188} INFO - [2026-09-09T11:31:06.335+0000] {dag.py:3089} INFO - Sync 1 DAGs
[2026-09-09T11:31:06.373+0000] {logging_mixin.py:188} INFO - [2026-09-09T11:31:06.372+0000] {dag.py:3947} INFO - Setting next_dagrun for maritime_intelligence_pipeline to 2026-09-08 00:00:00+00:00, run_after=2026-09-09 00:00:00+00:00
[2026-09-09T11:31:06.403+0000] {processor.py:183} INFO - Processing /opt/airflow/dags/maritime_intelligence_pipeline.py took 0.182 seconds
[2026-09-09T11:31:36.705+0000] {processor.py:161} INFO - Started process (PID=905) to work on /opt/airflow/dags/maritime_intelligence_pipeline.py
[2026-09-09T11:31:36.707+0000] {processor.py:830} INFO - Processing file /opt/airflow/dags/maritime_intelligence_pipeline.py for tasks to queue
[2026-09-09T11:31:36.713+0000] {logging_mixin.py:188} INFO - [2026-09-09T11:31:36.712+0000] {dagbag.py:545} INFO - Filling up the DagBag from /opt/airflow/dags/maritime_intelligence_pipeline.py
[2026-09-09T11:31:36.761+0000] {processor.py:840} INFO - DAG(s) 'maritime_intelligence_pipeline' retrieved from /opt/airflow/dags/maritime_intelligence_pipeline.py
[2026-09-09T11:31:36.829+0000] {logging_mixin.py:188} INFO - [2026-09-09T11:31:36.829+0000] {dag.py:3089} INFO - Sync 1 DAGs
[2026-09-09T11:31:36.885+0000] {logging_mixin.py:188} INFO - [2026-09-09T11:31:36.884+0000] {dag.py:3947} INFO - Setting next_dagrun for maritime_intelligence_pipeline to 2026-09-08 00:00:00+00:00, run_after=2026-09-09 00:00:00+00:00
[2026-09-09T11:31:36.928+0000] {processor.py:183} INFO - Processing /opt/airflow/dags/maritime_intelligence_pipeline.py took 0.237 seconds
[2026-09-09T11:32:07.173+0000] {processor.py:161} INFO - Started process (PID=910) to work on /opt/airflow/dags/maritime_intelligence_pipeline.py
[2026-09-09T11:32:07.175+0000] {processor.py:830} INFO - Processing file /opt/airflow/dags/maritime_intelligence_pipeline.py for tasks to queue
[2026-09-09T11:32:07.178+0000] {logging_mixin.py:188} INFO - [2026-09-09T11:32:07.178+0000] {dagbag.py:545} INFO - Filling up the DagBag from /opt/airflow/dags/maritime_intelligence_pipeline.py
[2026-09-09T11:32:07.213+0000] {processor.py:840} INFO - DAG(s) 'maritime_intelligence_pipeline' retrieved from /opt/airflow/dags/maritime_intelligence_pipeline.py
[2026-09-09T11:32:07.255+0000] {logging_mixin.py:188} INFO - [2026-09-09T11:32:07.254+0000] {dag.py:3089} INFO - Sync 1 DAGs
[2026-09-09T11:32:07.287+0000] {logging_mixin.py:188} INFO - [2026-09-09T11:32:07.286+0000] {dag.py:3947} INFO - Setting next_dagrun for maritime_intelligence_pipeline to 2026-09-08 00:00:00+00:00, run_after=2026-09-09 00:00:00+00:00
[2026-09-09T11:32:07.317+0000] {processor.py:183} INFO - Processing /opt/airflow/dags/maritime_intelligence_pipeline.py took 0.153 seconds
[2026-09-09T11:32:37.397+0000] {processor.py:161} INFO - Started process (PID=915) to work on /opt/airflow/dags/maritime_intelligence_pipeline.py
[2026-09-09T11:32:37.399+0000] {processor.py:830} INFO - Processing file /opt/airflow/dags/maritime_intelligence_pipeline.py for tasks to queue
[2026-09-09T11:32:37.403+0000] {logging_mixin.py:188} INFO - [2026-09-09T11:32:37.402+0000] {dagbag.py:545} INFO - Filling up the DagBag from /opt/airflow/dags/maritime_intelligence_pipeline.py
[2026-09-09T11:32:37.441+0000] {processor.py:840} INFO - DAG(s) 'maritime_intelligence_pipeline' retrieved from /opt/airflow/dags/maritime_intelligence_pipeline.py
[2026-09-09T11:32:37.487+0000] {logging_mixin.py:188} INFO - [2026-09-09T11:32:37.487+0000] {dag.py:3089} INFO - Sync 1 DAGs
[2026-09-09T11:32:37.524+0000] {logging_mixin.py:188} INFO - [2026-09-09T11:32:37.523+0000] {dag.py:3947} INFO - Setting next_dagrun for maritime_intelligence_pipeline to 2026-09-08 00:00:00+00:00, run_after=2026-09-09 00:00:00+00:00
[2026-09-09T11:32:37.556+0000] {processor.py:183} INFO - Processing /opt/airflow/dags/maritime_intelligence_pipeline.py took 0.168 seconds
[2026-09-09T11:33:07.811+0000] {processor.py:161} INFO - Started process (PID=920) to work on /opt/airflow/dags/maritime_intelligence_pipeline.py
[2026-09-09T11:33:07.813+0000] {processor.py:830} INFO - Processing file /opt/airflow/dags/maritime_intelligence_pipeline.py for tasks to queue
[2026-09-09T11:33:07.816+0000] {logging_mixin.py:188} INFO - [2026-09-09T11:33:07.816+0000] {dagbag.py:545} INFO - Filling up the DagBag from /opt/airflow/dags/maritime_intelligence_pipeline.py
[2026-09-09T11:33:07.854+0000] {processor.py:840} INFO - DAG(s) 'maritime_intelligence_pipeline' retrieved from /opt/airflow/dags/maritime_intelligence_pipeline.py
[2026-09-09T11:33:07.896+0000] {logging_mixin.py:188} INFO - [2026-09-09T11:33:07.896+0000] {dag.py:3089} INFO - Sync 1 DAGs
[2026-09-09T11:33:07.929+0000] {logging_mixin.py:188} INFO - [2026-09-09T11:33:07.928+0000] {dag.py:3947} INFO - Setting next_dagrun for maritime_intelligence_pipeline to 2026-09-08 00:00:00+00:00, run_after=2026-09-09 00:00:00+00:00
[2026-09-09T11:33:07.960+0000] {processor.py:183} INFO - Processing /opt/airflow/dags/maritime_intelligence_pipeline.py took 0.158 seconds
[2026-09-09T11:33:38.314+0000] {processor.py:161} INFO - Started process (PID=925) to work on /opt/airflow/dags/maritime_intelligence_pipeline.py
[2026-09-09T11:33:38.317+0000] {processor.py:830} INFO - Processing file /opt/airflow/dags/maritime_intelligence_pipeline.py for tasks to queue
[2026-09-09T11:33:38.322+0000] {logging_mixin.py:188} INFO - [2026-09-09T11:33:38.321+0000] {dagbag.py:545} INFO - Filling up the DagBag from /opt/airflow/dags/maritime_intelligence_pipeline.py
[2026-09-09T11:33:38.370+0000] {processor.py:840} INFO - DAG(s) 'maritime_intelligence_pipeline' retrieved from /opt/airflow/dags/maritime_intelligence_pipeline.py
[2026-09-09T11:33:38.426+0000] {logging_mixin.py:188} INFO - [2026-09-09T11:33:38.426+0000] {dag.py:3089} INFO - Sync 1 DAGs
[2026-09-09T11:33:38.466+0000] {logging_mixin.py:188} INFO - [2026-09-09T11:33:38.465+0000] {dag.py:3947} INFO - Setting next_dagrun for maritime_intelligence_pipeline to 2026-09-08 00:00:00+00:00, run_after=2026-09-09 00:00:00+00:00
[2026-09-09T11:33:38.502+0000] {processor.py:183} INFO - Processing /opt/airflow/dags/maritime_intelligence_pipeline.py took 0.204 seconds
[2026-09-09T11:34:08.919+0000] {processor.py:161} INFO - Started process (PID=930) to work on /opt/airflow/dags/maritime_intelligence_pipeline.py
[2026-09-09T11:34:08.925+0000] {processor.py:830} INFO - Processing file /opt/airflow/dags/maritime_intelligence_pipeline.py for tasks to queue
[2026-09-09T11:34:08.931+0000] {logging_mixin.py:188} INFO - [2026-09-09T11:34:08.930+0000] {dagbag.py:545} INFO - Filling up the DagBag from /opt/airflow/dags/maritime_intelligence_pipeline.py
[2026-09-09T11:34:08.982+0000] {processor.py:840} INFO - DAG(s) 'maritime_intelligence_pipeline' retrieved from /opt/airflow/dags/maritime_intelligence_pipeline.py
[2026-09-09T11:34:09.044+0000] {logging_mixin.py:188} INFO - [2026-09-09T11:34:09.043+0000] {dag.py:3089} INFO - Sync 1 DAGs
[2026-09-09T11:34:09.085+0000] {logging_mixin.py:188} INFO - [2026-09-09T11:34:09.083+0000] {dag.py:3947} INFO - Setting next_dagrun for maritime_intelligence_pipeline to 2026-09-08 00:00:00+00:00, run_after=2026-09-09 00:00:00+00:00
[2026-09-09T11:34:09.123+0000] {processor.py:183} INFO - Processing /opt/airflow/dags/maritime_intelligence_pipeline.py took 0.354 seconds
[2026-09-09T11:34:39.432+0000] {processor.py:161} INFO - Started process (PID=935) to work on /opt/airflow/dags/maritime_intelligence_pipeline.py
[2026-09-09T11:34:39.434+0000] {processor.py:830} INFO - Processing file /opt/airflow/dags/maritime_intelligence_pipeline.py for tasks to queue
[2026-09-09T11:34:39.438+0000] {logging_mixin.py:188} INFO - [2026-09-09T11:34:39.437+0000] {dagbag.py:545} INFO - Filling up the DagBag from /opt/airflow/dags/maritime_intelligence_pipeline.py
[2026-09-09T11:34:39.475+0000] {processor.py:840} INFO - DAG(s) 'maritime_intelligence_pipeline' retrieved from /opt/airflow/dags/maritime_intelligence_pipeline.py
[2026-09-09T11:34:39.517+0000] {logging_mixin.py:188} INFO - [2026-09-09T11:34:39.517+0000] {dag.py:3089} INFO - Sync 1 DAGs
[2026-09-09T11:34:39.575+0000] {logging_mixin.py:188} INFO - [2026-09-09T11:34:39.574+0000] {dag.py:3947} INFO - Setting next_dagrun for maritime_intelligence_pipeline to 2026-09-08 00:00:00+00:00, run_after=2026-09-09 00:00:00+00:00
[2026-09-09T11:34:39.609+0000] {processor.py:183} INFO - Processing /opt/airflow/dags/maritime_intelligence_pipeline.py took 0.187 seconds
[2026-09-09T11:35:09.888+0000] {processor.py:161} INFO - Started process (PID=940) to work on /opt/airflow/dags/maritime_intelligence_pipeline.py
[2026-09-09T11:35:09.890+0000] {processor.py:830} INFO - Processing file /opt/airflow/dags/maritime_intelligence_pipeline.py for tasks to queue
[2026-09-09T11:35:09.894+0000] {logging_mixin.py:188} INFO - [2026-09-09T11:35:09.893+0000] {dagbag.py:545} INFO - Filling up the DagBag from /opt/airflow/dags/maritime_intelligence_pipeline.py
[2026-09-09T11:35:09.931+0000] {processor.py:840} INFO - DAG(s) 'maritime_intelligence_pipeline' retrieved from /opt/airflow/dags/maritime_intelligence_pipeline.py
[2026-09-09T11:35:09.977+0000] {logging_mixin.py:188} INFO - [2026-09-09T11:35:09.977+0000] {dag.py:3089} INFO - Sync 1 DAGs
[2026-09-09T11:35:10.014+0000] {logging_mixin.py:188} INFO - [2026-09-09T11:35:10.013+0000] {dag.py:3947} INFO - Setting next_dagrun for maritime_intelligence_pipeline to 2026-09-08 00:00:00+00:00, run_after=2026-09-09 00:00:00+00:00
[2026-09-09T11:35:10.046+0000] {processor.py:183} INFO - Processing /opt/airflow/dags/maritime_intelligence_pipeline.py took 0.167 seconds
[2026-09-09T11:35:40.112+0000] {processor.py:161} INFO - Started process (PID=945) to work on /opt/airflow/dags/maritime_intelligence_pipeline.py
[2026-09-09T11:35:40.114+0000] {processor.py:830} INFO - Processing file /opt/airflow/dags/maritime_intelligence_pipeline.py for tasks to queue
[2026-09-09T11:35:40.118+0000] {logging_mixin.py:188} INFO - [2026-09-09T11:35:40.117+0000] {dagbag.py:545} INFO - Filling up the DagBag from /opt/airflow/dags/maritime_intelligence_pipeline.py
[2026-09-09T11:35:40.156+0000] {processor.py:840} INFO - DAG(s) 'maritime_intelligence_pipeline' retrieved from /opt/airflow/dags/maritime_intelligence_pipeline.py
[2026-09-09T11:35:40.203+0000] {logging_mixin.py:188} INFO - [2026-09-09T11:35:40.203+0000] {dag.py:3089} INFO - Sync 1 DAGs
[2026-09-09T11:35:40.236+0000] {logging_mixin.py:188} INFO - [2026-09-09T11:35:40.236+0000] {dag.py:3947} INFO - Setting next_dagrun for maritime_intelligence_pipeline to 2026-09-08 00:00:00+00:00, run_after=2026-09-09 00:00:00+00:00
[2026-09-09T11:35:40.267+0000] {processor.py:183} INFO - Processing /opt/airflow/dags/maritime_intelligence_pipeline.py took 0.164 seconds
[2026-09-09T11:36:10.501+0000] {processor.py:161} INFO - Started process (PID=950) to work on /opt/airflow/dags/maritime_intelligence_pipeline.py
[2026-09-09T11:36:10.503+0000] {processor.py:830} INFO - Processing file /opt/airflow/dags/maritime_intelligence_pipeline.py for tasks to queue
[2026-09-09T11:36:10.508+0000] {logging_mixin.py:188} INFO - [2026-09-09T11:36:10.507+0000] {dagbag.py:545} INFO - Filling up the DagBag from /opt/airflow/dags/maritime_intelligence_pipeline.py
[2026-09-09T11:36:10.555+0000] {processor.py:840} INFO - DAG(s) 'maritime_intelligence_pipeline' retrieved from /opt/airflow/dags/maritime_intelligence_pipeline.py
[2026-09-09T11:36:10.605+0000] {logging_mixin.py:188} INFO - [2026-09-09T11:36:10.604+0000] {dag.py:3089} INFO - Sync 1 DAGs
[2026-09-09T11:36:10.642+0000] {logging_mixin.py:188} INFO - [2026-09-09T11:36:10.642+0000] {dag.py:3947} INFO - Setting next_dagrun for maritime_intelligence_pipeline to 2026-09-08 00:00:00+00:00, run_after=2026-09-09 00:00:00+00:00
[2026-09-09T11:36:10.676+0000] {processor.py:183} INFO - Processing /opt/airflow/dags/maritime_intelligence_pipeline.py took 0.186 seconds
[2026-09-09T11:36:40.784+0000] {processor.py:161} INFO - Started process (PID=955) to work on /opt/airflow/dags/maritime_intelligence_pipeline.py
[2026-09-09T11:36:40.787+0000] {processor.py:830} INFO - Processing file /opt/airflow/dags/maritime_intelligence_pipeline.py for tasks to queue
[2026-09-09T11:36:40.791+0000] {logging_mixin.py:188} INFO - [2026-09-09T11:36:40.791+0000] {dagbag.py:545} INFO - Filling up the DagBag from /opt/airflow/dags/maritime_intelligence_pipeline.py
[2026-09-09T11:36:40.835+0000] {processor.py:840} INFO - DAG(s) 'maritime_intelligence_pipeline' retrieved from /opt/airflow/dags/maritime_intelligence_pipeline.py
[2026-09-09T11:36:40.894+0000] {logging_mixin.py:188} INFO - [2026-09-09T11:36:40.894+0000] {dag.py:3089} INFO - Sync 1 DAGs
[2026-09-09T11:36:40.937+0000] {logging_mixin.py:188} INFO - [2026-09-09T11:36:40.937+0000] {dag.py:3947} INFO - Setting next_dagrun for maritime_intelligence_pipeline to 2026-09-08 00:00:00+00:00, run_after=2026-09-09 00:00:00+00:00
[2026-09-09T11:36:40.975+0000] {processor.py:183} INFO - Processing /opt/airflow/dags/maritime_intelligence_pipeline.py took 0.204 seconds
[2026-09-09T11:37:11.230+0000] {processor.py:161} INFO - Started process (PID=960) to work on /opt/airflow/dags/maritime_intelligence_pipeline.py
[2026-09-09T11:37:11.232+0000] {processor.py:830} INFO - Processing file /opt/airflow/dags/maritime_intelligence_pipeline.py for tasks to queue
[2026-09-09T11:37:11.236+0000] {logging_mixin.py:188} INFO - [2026-09-09T11:37:11.235+0000] {dagbag.py:545} INFO - Filling up the DagBag from /opt/airflow/dags/maritime_intelligence_pipeline.py
[2026-09-09T11:37:11.277+0000] {processor.py:840} INFO - DAG(s) 'maritime_intelligence_pipeline' retrieved from /opt/airflow/dags/maritime_intelligence_pipeline.py
[2026-09-09T11:37:11.323+0000] {logging_mixin.py:188} INFO - [2026-09-09T11:37:11.323+0000] {dag.py:3089} INFO - Sync 1 DAGs
[2026-09-09T11:37:11.357+0000] {logging_mixin.py:188} INFO - [2026-09-09T11:37:11.357+0000] {dag.py:3947} INFO - Setting next_dagrun for maritime_intelligence_pipeline to 2026-09-08 00:00:00+00:00, run_after=2026-09-09 00:00:00+00:00
[2026-09-09T11:37:11.388+0000] {processor.py:183} INFO - Processing /opt/airflow/dags/maritime_intelligence_pipeline.py took 0.168 seconds
[2026-09-09T11:37:41.470+0000] {processor.py:161} INFO - Started process (PID=965) to work on /opt/airflow/dags/maritime_intelligence_pipeline.py
[2026-09-09T11:37:41.472+0000] {processor.py:830} INFO - Processing file /opt/airflow/dags/maritime_intelligence_pipeline.py for tasks to queue
[2026-09-09T11:37:41.476+0000] {logging_mixin.py:188} INFO - [2026-09-09T11:37:41.475+0000] {dagbag.py:545} INFO - Filling up the DagBag from /opt/airflow/dags/maritime_intelligence_pipeline.py
[2026-09-09T11:37:41.515+0000] {processor.py:840} INFO - DAG(s) 'maritime_intelligence_pipeline' retrieved from /opt/airflow/dags/maritime_intelligence_pipeline.py
[2026-09-09T11:37:41.567+0000] {logging_mixin.py:188} INFO - [2026-09-09T11:37:41.566+0000] {dag.py:3089} INFO - Sync 1 DAGs
[2026-09-09T11:37:41.607+0000] {logging_mixin.py:188} INFO - [2026-09-09T11:37:41.607+0000] {dag.py:3947} INFO - Setting next_dagrun for maritime_intelligence_pipeline to 2026-09-08 00:00:00+00:00, run_after=2026-09-09 00:00:00+00:00
[2026-09-09T11:37:41.642+0000] {processor.py:183} INFO - Processing /opt/airflow/dags/maritime_intelligence_pipeline.py took 0.183 seconds
[2026-09-09T11:38:11.964+0000] {processor.py:161} INFO - Started process (PID=970) to work on /opt/airflow/dags/maritime_intelligence_pipeline.py
[2026-09-09T11:38:11.967+0000] {processor.py:830} INFO - Processing file /opt/airflow/dags/maritime_intelligence_pipeline.py for tasks to queue
[2026-09-09T11:38:11.972+0000] {logging_mixin.py:188} INFO - [2026-09-09T11:38:11.971+0000] {dagbag.py:545} INFO - Filling up the DagBag from /opt/airflow/dags/maritime_intelligence_pipeline.py
[2026-09-09T11:38:12.026+0000] {processor.py:840} INFO - DAG(s) 'maritime_intelligence_pipeline' retrieved from /opt/airflow/dags/maritime_intelligence_pipeline.py
[2026-09-09T11:38:12.129+0000] {logging_mixin.py:188} INFO - [2026-09-09T11:38:12.129+0000] {dag.py:3089} INFO - Sync 1 DAGs
[2026-09-09T11:38:12.199+0000] {logging_mixin.py:188} INFO - [2026-09-09T11:38:12.199+0000] {dag.py:3947} INFO - Setting next_dagrun for maritime_intelligence_pipeline to 2026-09-08 00:00:00+00:00, run_after=2026-09-09 00:00:00+00:00
[2026-09-09T11:38:12.249+0000] {processor.py:183} INFO - Processing /opt/airflow/dags/maritime_intelligence_pipeline.py took 0.300 seconds
[2026-09-09T11:38:42.533+0000] {processor.py:161} INFO - Started process (PID=975) to work on /opt/airflow/dags/maritime_intelligence_pipeline.py
[2026-09-09T11:38:42.540+0000] {processor.py:830} INFO - Processing file /opt/airflow/dags/maritime_intelligence_pipeline.py for tasks to queue
[2026-09-09T11:38:42.546+0000] {logging_mixin.py:188} INFO - [2026-09-09T11:38:42.545+0000] {dagbag.py:545} INFO - Filling up the DagBag from /opt/airflow/dags/maritime_intelligence_pipeline.py
[2026-09-09T11:38:42.626+0000] {processor.py:840} INFO - DAG(s) 'maritime_intelligence_pipeline' retrieved from /opt/airflow/dags/maritime_intelligence_pipeline.py
[2026-09-09T11:38:42.689+0000] {logging_mixin.py:188} INFO - [2026-09-09T11:38:42.688+0000] {dag.py:3089} INFO - Sync 1 DAGs
[2026-09-09T11:38:42.731+0000] {logging_mixin.py:188} INFO - [2026-09-09T11:38:42.731+0000] {dag.py:3947} INFO - Setting next_dagrun for maritime_intelligence_pipeline to 2026-09-08 00:00:00+00:00, run_after=2026-09-09 00:00:00+00:00
[2026-09-09T11:38:42.775+0000] {processor.py:183} INFO - Processing /opt/airflow/dags/maritime_intelligence_pipeline.py took 0.256 seconds
[2026-09-09T11:39:13.185+0000] {processor.py:161} INFO - Started process (PID=980) to work on /opt/airflow/dags/maritime_intelligence_pipeline.py
[2026-09-09T11:39:13.188+0000] {processor.py:830} INFO - Processing file /opt/airflow/dags/maritime_intelligence_pipeline.py for tasks to queue
[2026-09-09T11:39:13.193+0000] {logging_mixin.py:188} INFO - [2026-09-09T11:39:13.192+0000] {dagbag.py:545} INFO - Filling up the DagBag from /opt/airflow/dags/maritime_intelligence_pipeline.py
[2026-09-09T11:39:13.318+0000] {processor.py:840} INFO - DAG(s) 'maritime_intelligence_pipeline' retrieved from /opt/airflow/dags/maritime_intelligence_pipeline.py
[2026-09-09T11:39:13.685+0000] {logging_mixin.py:188} INFO - [2026-09-09T11:39:13.684+0000] {dag.py:3089} INFO - Sync 1 DAGs
[2026-09-09T11:39:13.782+0000] {logging_mixin.py:188} INFO - [2026-09-09T11:39:13.782+0000] {dag.py:3947} INFO - Setting next_dagrun for maritime_intelligence_pipeline to 2026-09-08 00:00:00+00:00, run_after=2026-09-09 00:00:00+00:00
[2026-09-09T11:39:13.816+0000] {processor.py:183} INFO - Processing /opt/airflow/dags/maritime_intelligence_pipeline.py took 0.645 seconds
[2026-09-09T11:39:44.506+0000] {processor.py:161} INFO - Started process (PID=985) to work on /opt/airflow/dags/maritime_intelligence_pipeline.py
[2026-09-09T11:39:44.516+0000] {processor.py:830} INFO - Processing file /opt/airflow/dags/maritime_intelligence_pipeline.py for tasks to queue
[2026-09-09T11:39:44.526+0000] {logging_mixin.py:188} INFO - [2026-09-09T11:39:44.525+0000] {dagbag.py:545} INFO - Filling up the DagBag from /opt/airflow/dags/maritime_intelligence_pipeline.py
[2026-09-09T11:39:44.701+0000] {processor.py:840} INFO - DAG(s) 'maritime_intelligence_pipeline' retrieved from /opt/airflow/dags/maritime_intelligence_pipeline.py
[2026-09-09T11:39:45.206+0000] {logging_mixin.py:188} INFO - [2026-09-09T11:39:45.206+0000] {dag.py:3089} INFO - Sync 1 DAGs
[2026-09-09T11:39:45.350+0000] {logging_mixin.py:188} INFO - [2026-09-09T11:39:45.349+0000] {dag.py:3947} INFO - Setting next_dagrun for maritime_intelligence_pipeline to 2026-09-08 00:00:00+00:00, run_after=2026-09-09 00:00:00+00:00
[2026-09-09T11:39:45.390+0000] {processor.py:183} INFO - Processing /opt/airflow/dags/maritime_intelligence_pipeline.py took 0.906 seconds
[2026-09-09T11:40:15.679+0000] {processor.py:161} INFO - Started process (PID=990) to work on /opt/airflow/dags/maritime_intelligence_pipeline.py
[2026-09-09T11:40:15.681+0000] {processor.py:830} INFO - Processing file /opt/airflow/dags/maritime_intelligence_pipeline.py for tasks to queue
[2026-09-09T11:40:15.685+0000] {logging_mixin.py:188} INFO - [2026-09-09T11:40:15.684+0000] {dagbag.py:545} INFO - Filling up the DagBag from /opt/airflow/dags/maritime_intelligence_pipeline.py
[2026-09-09T11:40:15.724+0000] {processor.py:840} INFO - DAG(s) 'maritime_intelligence_pipeline' retrieved from /opt/airflow/dags/maritime_intelligence_pipeline.py
[2026-09-09T11:40:15.774+0000] {logging_mixin.py:188} INFO - [2026-09-09T11:40:15.774+0000] {dag.py:3089} INFO - Sync 1 DAGs
[2026-09-09T11:40:15.821+0000] {logging_mixin.py:188} INFO - [2026-09-09T11:40:15.820+0000] {dag.py:3947} INFO - Setting next_dagrun for maritime_intelligence_pipeline to 2026-09-08 00:00:00+00:00, run_after=2026-09-09 00:00:00+00:00
[2026-09-09T11:40:15.861+0000] {processor.py:183} INFO - Processing /opt/airflow/dags/maritime_intelligence_pipeline.py took 0.192 seconds
[2026-09-09T11:40:46.828+0000] {processor.py:161} INFO - Started process (PID=995) to work on /opt/airflow/dags/maritime_intelligence_pipeline.py
[2026-09-09T11:40:46.831+0000] {processor.py:830} INFO - Processing file /opt/airflow/dags/maritime_intelligence_pipeline.py for tasks to queue
[2026-09-09T11:40:46.836+0000] {logging_mixin.py:188} INFO - [2026-09-09T11:40:46.836+0000] {dagbag.py:545} INFO - Filling up the DagBag from /opt/airflow/dags/maritime_intelligence_pipeline.py
[2026-09-09T11:40:46.875+0000] {processor.py:840} INFO - DAG(s) 'maritime_intelligence_pipeline' retrieved from /opt/airflow/dags/maritime_intelligence_pipeline.py
[2026-09-09T11:40:46.944+0000] {logging_mixin.py:188} INFO - [2026-09-09T11:40:46.943+0000] {dag.py:3089} INFO - Sync 1 DAGs
[2026-09-09T11:40:47.366+0000] {logging_mixin.py:188} INFO - [2026-09-09T11:40:47.366+0000] {dag.py:3947} INFO - Setting next_dagrun for maritime_intelligence_pipeline to 2026-09-08 00:00:00+00:00, run_after=2026-09-09 00:00:00+00:00
[2026-09-09T11:40:47.402+0000] {processor.py:183} INFO - Processing /opt/airflow/dags/maritime_intelligence_pipeline.py took 0.591 seconds
[2026-09-09T11:41:17.778+0000] {processor.py:161} INFO - Started process (PID=1000) to work on /opt/airflow/dags/maritime_intelligence_pipeline.py
[2026-09-09T11:41:17.781+0000] {processor.py:830} INFO - Processing file /opt/airflow/dags/maritime_intelligence_pipeline.py for tasks to queue
[2026-09-09T11:41:17.786+0000] {logging_mixin.py:188} INFO - [2026-09-09T11:41:17.785+0000] {dagbag.py:545} INFO - Filling up the DagBag from /opt/airflow/dags/maritime_intelligence_pipeline.py
[2026-09-09T11:41:17.826+0000] {processor.py:840} INFO - DAG(s) 'maritime_intelligence_pipeline' retrieved from /opt/airflow/dags/maritime_intelligence_pipeline.py
[2026-09-09T11:41:17.892+0000] {logging_mixin.py:188} INFO - [2026-09-09T11:41:17.891+0000] {dag.py:3089} INFO - Sync 1 DAGs
[2026-09-09T11:41:17.931+0000] {logging_mixin.py:188} INFO - [2026-09-09T11:41:17.931+0000] {dag.py:3947} INFO - Setting next_dagrun for maritime_intelligence_pipeline to 2026-09-08 00:00:00+00:00, run_after=2026-09-09 00:00:00+00:00
[2026-09-09T11:41:17.965+0000] {processor.py:183} INFO - Processing /opt/airflow/dags/maritime_intelligence_pipeline.py took 0.199 seconds
[2026-09-09T11:41:48.074+0000] {processor.py:161} INFO - Started process (PID=1005) to work on /opt/airflow/dags/maritime_intelligence_pipeline.py
[2026-09-09T11:41:48.076+0000] {processor.py:830} INFO - Processing file /opt/airflow/dags/maritime_intelligence_pipeline.py for tasks to queue
[2026-09-09T11:41:48.081+0000] {logging_mixin.py:188} INFO - [2026-09-09T11:41:48.080+0000] {dagbag.py:545} INFO - Filling up the DagBag from /opt/airflow/dags/maritime_intelligence_pipeline.py
[2026-09-09T11:41:48.131+0000] {processor.py:840} INFO - DAG(s) 'maritime_intelligence_pipeline' retrieved from /opt/airflow/dags/maritime_intelligence_pipeline.py
[2026-09-09T11:41:48.189+0000] {logging_mixin.py:188} INFO - [2026-09-09T11:41:48.189+0000] {dag.py:3089} INFO - Sync 1 DAGs
[2026-09-09T11:41:48.232+0000] {logging_mixin.py:188} INFO - [2026-09-09T11:41:48.231+0000] {dag.py:3947} INFO - Setting next_dagrun for maritime_intelligence_pipeline to 2026-09-08 00:00:00+00:00, run_after=2026-09-09 00:00:00+00:00
[2026-09-09T11:41:48.273+0000] {processor.py:183} INFO - Processing /opt/airflow/dags/maritime_intelligence_pipeline.py took 0.209 seconds
[2026-09-09T11:42:18.409+0000] {processor.py:161} INFO - Started process (PID=1010) to work on /opt/airflow/dags/maritime_intelligence_pipeline.py
[2026-09-09T11:42:18.412+0000] {processor.py:830} INFO - Processing file /opt/airflow/dags/maritime_intelligence_pipeline.py for tasks to queue
[2026-09-09T11:42:18.418+0000] {logging_mixin.py:188} INFO - [2026-09-09T11:42:18.417+0000] {dagbag.py:545} INFO - Filling up the DagBag from /opt/airflow/dags/maritime_intelligence_pipeline.py
[2026-09-09T11:42:18.469+0000] {processor.py:840} INFO - DAG(s) 'maritime_intelligence_pipeline' retrieved from /opt/airflow/dags/maritime_intelligence_pipeline.py
[2026-09-09T11:42:18.529+0000] {logging_mixin.py:188} INFO - [2026-09-09T11:42:18.529+0000] {dag.py:3089} INFO - Sync 1 DAGs
[2026-09-09T11:42:18.590+0000] {logging_mixin.py:188} INFO - [2026-09-09T11:42:18.590+0000] {dag.py:3947} INFO - Setting next_dagrun for maritime_intelligence_pipeline to 2026-09-08 00:00:00+00:00, run_after=2026-09-09 00:00:00+00:00
[2026-09-09T11:42:18.639+0000] {processor.py:183} INFO - Processing /opt/airflow/dags/maritime_intelligence_pipeline.py took 0.246 seconds
[2026-09-09T11:42:48.878+0000] {processor.py:161} INFO - Started process (PID=1015) to work on /opt/airflow/dags/maritime_intelligence_pipeline.py
[2026-09-09T11:42:48.881+0000] {processor.py:830} INFO - Processing file /opt/airflow/dags/maritime_intelligence_pipeline.py for tasks to queue
[2026-09-09T11:42:48.885+0000] {logging_mixin.py:188} INFO - [2026-09-09T11:42:48.884+0000] {dagbag.py:545} INFO - Filling up the DagBag from /opt/airflow/dags/maritime_intelligence_pipeline.py
[2026-09-09T11:42:48.924+0000] {processor.py:840} INFO - DAG(s) 'maritime_intelligence_pipeline' retrieved from /opt/airflow/dags/maritime_intelligence_pipeline.py
[2026-09-09T11:42:48.972+0000] {logging_mixin.py:188} INFO - [2026-09-09T11:42:48.972+0000] {dag.py:3089} INFO - Sync 1 DAGs
[2026-09-09T11:42:49.010+0000] {logging_mixin.py:188} INFO - [2026-09-09T11:42:49.010+0000] {dag.py:3947} INFO - Setting next_dagrun for maritime_intelligence_pipeline to 2026-09-08 00:00:00+00:00, run_after=2026-09-09 00:00:00+00:00
[2026-09-09T11:42:49.040+0000] {processor.py:183} INFO - Processing /opt/airflow/dags/maritime_intelligence_pipeline.py took 0.174 seconds
[2026-09-09T11:43:19.601+0000] {processor.py:161} INFO - Started process (PID=1020) to work on /opt/airflow/dags/maritime_intelligence_pipeline.py
[2026-09-09T11:43:19.604+0000] {processor.py:830} INFO - Processing file /opt/airflow/dags/maritime_intelligence_pipeline.py for tasks to queue
[2026-09-09T11:43:19.611+0000] {logging_mixin.py:188} INFO - [2026-09-09T11:43:19.609+0000] {dagbag.py:545} INFO - Filling up the DagBag from /opt/airflow/dags/maritime_intelligence_pipeline.py
[2026-09-09T11:43:19.934+0000] {processor.py:840} INFO - DAG(s) 'maritime_intelligence_pipeline' retrieved from /opt/airflow/dags/maritime_intelligence_pipeline.py
[2026-09-09T11:43:20.162+0000] {logging_mixin.py:188} INFO - [2026-09-09T11:43:20.161+0000] {dag.py:3089} INFO - Sync 1 DAGs
[2026-09-09T11:43:20.314+0000] {logging_mixin.py:188} INFO - [2026-09-09T11:43:20.314+0000] {dag.py:3947} INFO - Setting next_dagrun for maritime_intelligence_pipeline to 2026-09-08 00:00:00+00:00, run_after=2026-09-09 00:00:00+00:00
[2026-09-09T11:43:20.481+0000] {processor.py:183} INFO - Processing /opt/airflow/dags/maritime_intelligence_pipeline.py took 0.899 seconds
[2026-09-09T11:43:50.962+0000] {processor.py:161} INFO - Started process (PID=1025) to work on /opt/airflow/dags/maritime_intelligence_pipeline.py
[2026-09-09T11:43:50.971+0000] {processor.py:830} INFO - Processing file /opt/airflow/dags/maritime_intelligence_pipeline.py for tasks to queue
[2026-09-09T11:43:50.983+0000] {logging_mixin.py:188} INFO - [2026-09-09T11:43:50.981+0000] {dagbag.py:545} INFO - Filling up the DagBag from /opt/airflow/dags/maritime_intelligence_pipeline.py
[2026-09-09T11:43:51.068+0000] {processor.py:840} INFO - DAG(s) 'maritime_intelligence_pipeline' retrieved from /opt/airflow/dags/maritime_intelligence_pipeline.py
[2026-09-09T11:43:51.321+0000] {logging_mixin.py:188} INFO - [2026-09-09T11:43:51.320+0000] {dag.py:3089} INFO - Sync 1 DAGs
[2026-09-09T11:43:51.393+0000] {logging_mixin.py:188} INFO - [2026-09-09T11:43:51.393+0000] {dag.py:3947} INFO - Setting next_dagrun for maritime_intelligence_pipeline to 2026-09-08 00:00:00+00:00, run_after=2026-09-09 00:00:00+00:00
[2026-09-09T11:43:51.430+0000] {processor.py:183} INFO - Processing /opt/airflow/dags/maritime_intelligence_pipeline.py took 0.586 seconds
[2026-09-09T11:44:21.724+0000] {processor.py:161} INFO - Started process (PID=1030) to work on /opt/airflow/dags/maritime_intelligence_pipeline.py
[2026-09-09T11:44:21.726+0000] {processor.py:830} INFO - Processing file /opt/airflow/dags/maritime_intelligence_pipeline.py for tasks to queue
[2026-09-09T11:44:21.732+0000] {logging_mixin.py:188} INFO - [2026-09-09T11:44:21.731+0000] {dagbag.py:545} INFO - Filling up the DagBag from /opt/airflow/dags/maritime_intelligence_pipeline.py
[2026-09-09T11:44:22.234+0000] {processor.py:840} INFO - DAG(s) 'maritime_intelligence_pipeline' retrieved from /opt/airflow/dags/maritime_intelligence_pipeline.py
[2026-09-09T11:44:22.307+0000] {logging_mixin.py:188} INFO - [2026-09-09T11:44:22.307+0000] {dag.py:3089} INFO - Sync 1 DAGs
[2026-09-09T11:44:22.411+0000] {logging_mixin.py:188} INFO - [2026-09-09T11:44:22.411+0000] {dag.py:3947} INFO - Setting next_dagrun for maritime_intelligence_pipeline to 2026-09-08 00:00:00+00:00, run_after=2026-09-09 00:00:00+00:00
[2026-09-09T11:44:22.461+0000] {processor.py:183} INFO - Processing /opt/airflow/dags/maritime_intelligence_pipeline.py took 0.760 seconds
[2026-09-09T11:44:52.904+0000] {processor.py:161} INFO - Started process (PID=1035) to work on /opt/airflow/dags/maritime_intelligence_pipeline.py
[2026-09-09T11:44:52.908+0000] {processor.py:830} INFO - Processing file /opt/airflow/dags/maritime_intelligence_pipeline.py for tasks to queue
[2026-09-09T11:44:52.933+0000] {logging_mixin.py:188} INFO - [2026-09-09T11:44:52.932+0000] {dagbag.py:545} INFO - Filling up the DagBag from /opt/airflow/dags/maritime_intelligence_pipeline.py
[2026-09-09T11:44:53.159+0000] {processor.py:840} INFO - DAG(s) 'maritime_intelligence_pipeline' retrieved from /opt/airflow/dags/maritime_intelligence_pipeline.py
[2026-09-09T11:44:53.374+0000] {logging_mixin.py:188} INFO - [2026-09-09T11:44:53.373+0000] {dag.py:3089} INFO - Sync 1 DAGs
[2026-09-09T11:44:53.427+0000] {logging_mixin.py:188} INFO - [2026-09-09T11:44:53.426+0000] {dag.py:3947} INFO - Setting next_dagrun for maritime_intelligence_pipeline to 2026-09-08 00:00:00+00:00, run_after=2026-09-09 00:00:00+00:00
[2026-09-09T11:44:53.520+0000] {processor.py:183} INFO - Processing /opt/airflow/dags/maritime_intelligence_pipeline.py took 0.638 seconds
[2026-09-09T11:45:23.749+0000] {processor.py:161} INFO - Started process (PID=1040) to work on /opt/airflow/dags/maritime_intelligence_pipeline.py
[2026-09-09T11:45:23.753+0000] {processor.py:830} INFO - Processing file /opt/airflow/dags/maritime_intelligence_pipeline.py for tasks to queue
[2026-09-09T11:45:23.790+0000] {logging_mixin.py:188} INFO - [2026-09-09T11:45:23.790+0000] {dagbag.py:545} INFO - Filling up the DagBag from /opt/airflow/dags/maritime_intelligence_pipeline.py
[2026-09-09T11:45:23.853+0000] {processor.py:840} INFO - DAG(s) 'maritime_intelligence_pipeline' retrieved from /opt/airflow/dags/maritime_intelligence_pipeline.py
[2026-09-09T11:45:23.942+0000] {logging_mixin.py:188} INFO - [2026-09-09T11:45:23.942+0000] {dag.py:3089} INFO - Sync 1 DAGs
[2026-09-09T11:45:23.996+0000] {logging_mixin.py:188} INFO - [2026-09-09T11:45:23.996+0000] {dag.py:3947} INFO - Setting next_dagrun for maritime_intelligence_pipeline to 2026-09-08 00:00:00+00:00, run_after=2026-09-09 00:00:00+00:00
[2026-09-09T11:45:24.055+0000] {processor.py:183} INFO - Processing /opt/airflow/dags/maritime_intelligence_pipeline.py took 0.324 seconds
[2026-09-09T11:45:54.849+0000] {processor.py:161} INFO - Started process (PID=1045) to work on /opt/airflow/dags/maritime_intelligence_pipeline.py
[2026-09-09T11:45:54.852+0000] {processor.py:830} INFO - Processing file /opt/airflow/dags/maritime_intelligence_pipeline.py for tasks to queue
[2026-09-09T11:45:54.858+0000] {logging_mixin.py:188} INFO - [2026-09-09T11:45:54.857+0000] {dagbag.py:545} INFO - Filling up the DagBag from /opt/airflow/dags/maritime_intelligence_pipeline.py
[2026-09-09T11:45:54.961+0000] {processor.py:840} INFO - DAG(s) 'maritime_intelligence_pipeline' retrieved from /opt/airflow/dags/maritime_intelligence_pipeline.py
[2026-09-09T11:45:55.445+0000] {logging_mixin.py:188} INFO - [2026-09-09T11:45:55.445+0000] {dag.py:3089} INFO - Sync 1 DAGs
[2026-09-09T11:45:55.506+0000] {logging_mixin.py:188} INFO - [2026-09-09T11:45:55.506+0000] {dag.py:3947} INFO - Setting next_dagrun for maritime_intelligence_pipeline to 2026-09-08 00:00:00+00:00, run_after=2026-09-09 00:00:00+00:00
[2026-09-09T11:45:55.548+0000] {processor.py:183} INFO - Processing /opt/airflow/dags/maritime_intelligence_pipeline.py took 0.771 seconds
[2026-09-09T11:46:26.508+0000] {processor.py:161} INFO - Started process (PID=1050) to work on /opt/airflow/dags/maritime_intelligence_pipeline.py
[2026-09-09T11:46:26.510+0000] {processor.py:830} INFO - Processing file /opt/airflow/dags/maritime_intelligence_pipeline.py for tasks to queue
[2026-09-09T11:46:26.515+0000] {logging_mixin.py:188} INFO - [2026-09-09T11:46:26.515+0000] {dagbag.py:545} INFO - Filling up the DagBag from /opt/airflow/dags/maritime_intelligence_pipeline.py
[2026-09-09T11:46:26.569+0000] {processor.py:840} INFO - DAG(s) 'maritime_intelligence_pipeline' retrieved from /opt/airflow/dags/maritime_intelligence_pipeline.py
[2026-09-09T11:46:26.667+0000] {logging_mixin.py:188} INFO - [2026-09-09T11:46:26.666+0000] {dag.py:3089} INFO - Sync 1 DAGs
[2026-09-09T11:46:26.719+0000] {logging_mixin.py:188} INFO - [2026-09-09T11:46:26.718+0000] {dag.py:3947} INFO - Setting next_dagrun for maritime_intelligence_pipeline to 2026-09-08 00:00:00+00:00, run_after=2026-09-09 00:00:00+00:00
[2026-09-09T11:46:26.762+0000] {processor.py:183} INFO - Processing /opt/airflow/dags/maritime_intelligence_pipeline.py took 0.275 seconds
[2026-09-09T11:46:57.121+0000] {processor.py:161} INFO - Started process (PID=1055) to work on /opt/airflow/dags/maritime_intelligence_pipeline.py
[2026-09-09T11:46:57.125+0000] {processor.py:830} INFO - Processing file /opt/airflow/dags/maritime_intelligence_pipeline.py for tasks to queue
[2026-09-09T11:46:57.133+0000] {logging_mixin.py:188} INFO - [2026-09-09T11:46:57.132+0000] {dagbag.py:545} INFO - Filling up the DagBag from /opt/airflow/dags/maritime_intelligence_pipeline.py
[2026-09-09T11:46:57.192+0000] {processor.py:840} INFO - DAG(s) 'maritime_intelligence_pipeline' retrieved from /opt/airflow/dags/maritime_intelligence_pipeline.py
[2026-09-09T11:46:57.272+0000] {logging_mixin.py:188} INFO - [2026-09-09T11:46:57.271+0000] {dag.py:3089} INFO - Sync 1 DAGs
[2026-09-09T11:46:57.333+0000] {logging_mixin.py:188} INFO - [2026-09-09T11:46:57.333+0000] {dag.py:3947} INFO - Setting next_dagrun for maritime_intelligence_pipeline to 2026-09-08 00:00:00+00:00, run_after=2026-09-09 00:00:00+00:00
[2026-09-09T11:46:57.378+0000] {processor.py:183} INFO - Processing /opt/airflow/dags/maritime_intelligence_pipeline.py took 0.280 seconds
[2026-09-09T11:47:27.770+0000] {processor.py:161} INFO - Started process (PID=1060) to work on /opt/airflow/dags/maritime_intelligence_pipeline.py
[2026-09-09T11:47:27.774+0000] {processor.py:830} INFO - Processing file /opt/airflow/dags/maritime_intelligence_pipeline.py for tasks to queue
[2026-09-09T11:47:27.787+0000] {logging_mixin.py:188} INFO - [2026-09-09T11:47:27.786+0000] {dagbag.py:545} INFO - Filling up the DagBag from /opt/airflow/dags/maritime_intelligence_pipeline.py
[2026-09-09T11:47:27.843+0000] {processor.py:840} INFO - DAG(s) 'maritime_intelligence_pipeline' retrieved from /opt/airflow/dags/maritime_intelligence_pipeline.py
[2026-09-09T11:47:27.920+0000] {logging_mixin.py:188} INFO - [2026-09-09T11:47:27.920+0000] {dag.py:3089} INFO - Sync 1 DAGs
[2026-09-09T11:47:27.975+0000] {logging_mixin.py:188} INFO - [2026-09-09T11:47:27.975+0000] {dag.py:3947} INFO - Setting next_dagrun for maritime_intelligence_pipeline to 2026-09-08 00:00:00+00:00, run_after=2026-09-09 00:00:00+00:00
[2026-09-09T11:47:28.025+0000] {processor.py:183} INFO - Processing /opt/airflow/dags/maritime_intelligence_pipeline.py took 0.275 seconds
[2026-09-09T11:47:58.334+0000] {processor.py:161} INFO - Started process (PID=1065) to work on /opt/airflow/dags/maritime_intelligence_pipeline.py
[2026-09-09T11:47:58.336+0000] {processor.py:830} INFO - Processing file /opt/airflow/dags/maritime_intelligence_pipeline.py for tasks to queue
[2026-09-09T11:47:58.339+0000] {logging_mixin.py:188} INFO - [2026-09-09T11:47:58.339+0000] {dagbag.py:545} INFO - Filling up the DagBag from /opt/airflow/dags/maritime_intelligence_pipeline.py
[2026-09-09T11:47:58.376+0000] {processor.py:840} INFO - DAG(s) 'maritime_intelligence_pipeline' retrieved from /opt/airflow/dags/maritime_intelligence_pipeline.py
[2026-09-09T11:47:58.428+0000] {logging_mixin.py:188} INFO - [2026-09-09T11:47:58.427+0000] {dag.py:3089} INFO - Sync 1 DAGs
[2026-09-09T11:47:58.465+0000] {logging_mixin.py:188} INFO - [2026-09-09T11:47:58.465+0000] {dag.py:3947} INFO - Setting next_dagrun for maritime_intelligence_pipeline to 2026-09-08 00:00:00+00:00, run_after=2026-09-09 00:00:00+00:00
[2026-09-09T11:47:58.498+0000] {processor.py:183} INFO - Processing /opt/airflow/dags/maritime_intelligence_pipeline.py took 0.173 seconds
[2026-09-09T11:48:28.771+0000] {processor.py:161} INFO - Started process (PID=1070) to work on /opt/airflow/dags/maritime_intelligence_pipeline.py
[2026-09-09T11:48:28.774+0000] {processor.py:830} INFO - Processing file /opt/airflow/dags/maritime_intelligence_pipeline.py for tasks to queue
[2026-09-09T11:48:28.778+0000] {logging_mixin.py:188} INFO - [2026-09-09T11:48:28.777+0000] {dagbag.py:545} INFO - Filling up the DagBag from /opt/airflow/dags/maritime_intelligence_pipeline.py
[2026-09-09T11:48:28.820+0000] {processor.py:840} INFO - DAG(s) 'maritime_intelligence_pipeline' retrieved from /opt/airflow/dags/maritime_intelligence_pipeline.py
[2026-09-09T11:48:28.881+0000] {logging_mixin.py:188} INFO - [2026-09-09T11:48:28.880+0000] {dag.py:3089} INFO - Sync 1 DAGs
[2026-09-09T11:48:28.939+0000] {logging_mixin.py:188} INFO - [2026-09-09T11:48:28.939+0000] {dag.py:3947} INFO - Setting next_dagrun for maritime_intelligence_pipeline to 2026-09-08 00:00:00+00:00, run_after=2026-09-09 00:00:00+00:00
[2026-09-09T11:48:28.980+0000] {processor.py:183} INFO - Processing /opt/airflow/dags/maritime_intelligence_pipeline.py took 0.227 seconds
[2026-09-09T11:48:59.262+0000] {processor.py:161} INFO - Started process (PID=1075) to work on /opt/airflow/dags/maritime_intelligence_pipeline.py
[2026-09-09T11:48:59.265+0000] {processor.py:830} INFO - Processing file /opt/airflow/dags/maritime_intelligence_pipeline.py for tasks to queue
[2026-09-09T11:48:59.271+0000] {logging_mixin.py:188} INFO - [2026-09-09T11:48:59.270+0000] {dagbag.py:545} INFO - Filling up the DagBag from /opt/airflow/dags/maritime_intelligence_pipeline.py
[2026-09-09T11:48:59.320+0000] {processor.py:840} INFO - DAG(s) 'maritime_intelligence_pipeline' retrieved from /opt/airflow/dags/maritime_intelligence_pipeline.py
[2026-09-09T11:48:59.390+0000] {logging_mixin.py:188} INFO - [2026-09-09T11:48:59.389+0000] {dag.py:3089} INFO - Sync 1 DAGs
[2026-09-09T11:48:59.432+0000] {logging_mixin.py:188} INFO - [2026-09-09T11:48:59.432+0000] {dag.py:3947} INFO - Setting next_dagrun for maritime_intelligence_pipeline to 2026-09-08 00:00:00+00:00, run_after=2026-09-09 00:00:00+00:00
[2026-09-09T11:48:59.786+0000] {processor.py:183} INFO - Processing /opt/airflow/dags/maritime_intelligence_pipeline.py took 0.540 seconds
[2026-09-09T11:49:30.460+0000] {processor.py:161} INFO - Started process (PID=1080) to work on /opt/airflow/dags/maritime_intelligence_pipeline.py
[2026-09-09T11:49:30.465+0000] {processor.py:830} INFO - Processing file /opt/airflow/dags/maritime_intelligence_pipeline.py for tasks to queue
[2026-09-09T11:49:30.474+0000] {logging_mixin.py:188} INFO - [2026-09-09T11:49:30.472+0000] {dagbag.py:545} INFO - Filling up the DagBag from /opt/airflow/dags/maritime_intelligence_pipeline.py
[2026-09-09T11:49:30.542+0000] {processor.py:840} INFO - DAG(s) 'maritime_intelligence_pipeline' retrieved from /opt/airflow/dags/maritime_intelligence_pipeline.py
[2026-09-09T11:49:30.607+0000] {logging_mixin.py:188} INFO - [2026-09-09T11:49:30.607+0000] {dag.py:3089} INFO - Sync 1 DAGs
[2026-09-09T11:49:30.673+0000] {logging_mixin.py:188} INFO - [2026-09-09T11:49:30.673+0000] {dag.py:3947} INFO - Setting next_dagrun for maritime_intelligence_pipeline to 2026-09-08 00:00:00+00:00, run_after=2026-09-09 00:00:00+00:00
[2026-09-09T11:49:30.732+0000] {processor.py:183} INFO - Processing /opt/airflow/dags/maritime_intelligence_pipeline.py took 0.312 seconds
[2026-09-09T11:50:00.922+0000] {processor.py:161} INFO - Started process (PID=1085) to work on /opt/airflow/dags/maritime_intelligence_pipeline.py
[2026-09-09T11:50:00.925+0000] {processor.py:830} INFO - Processing file /opt/airflow/dags/maritime_intelligence_pipeline.py for tasks to queue
[2026-09-09T11:50:00.930+0000] {logging_mixin.py:188} INFO - [2026-09-09T11:50:00.929+0000] {dagbag.py:545} INFO - Filling up the DagBag from /opt/airflow/dags/maritime_intelligence_pipeline.py
[2026-09-09T11:50:00.983+0000] {processor.py:840} INFO - DAG(s) 'maritime_intelligence_pipeline' retrieved from /opt/airflow/dags/maritime_intelligence_pipeline.py
[2026-09-09T11:50:01.072+0000] {logging_mixin.py:188} INFO - [2026-09-09T11:50:01.072+0000] {dag.py:3089} INFO - Sync 1 DAGs
[2026-09-09T11:50:01.122+0000] {logging_mixin.py:188} INFO - [2026-09-09T11:50:01.122+0000] {dag.py:3947} INFO - Setting next_dagrun for maritime_intelligence_pipeline to 2026-09-08 00:00:00+00:00, run_after=2026-09-09 00:00:00+00:00
[2026-09-09T11:50:01.204+0000] {processor.py:183} INFO - Processing /opt/airflow/dags/maritime_intelligence_pipeline.py took 0.299 seconds
[2026-09-09T11:50:31.743+0000] {processor.py:161} INFO - Started process (PID=1090) to work on /opt/airflow/dags/maritime_intelligence_pipeline.py
[2026-09-09T11:50:31.745+0000] {processor.py:830} INFO - Processing file /opt/airflow/dags/maritime_intelligence_pipeline.py for tasks to queue
[2026-09-09T11:50:31.748+0000] {logging_mixin.py:188} INFO - [2026-09-09T11:50:31.748+0000] {dagbag.py:545} INFO - Filling up the DagBag from /opt/airflow/dags/maritime_intelligence_pipeline.py
[2026-09-09T11:50:31.791+0000] {processor.py:840} INFO - DAG(s) 'maritime_intelligence_pipeline' retrieved from /opt/airflow/dags/maritime_intelligence_pipeline.py
[2026-09-09T11:50:31.837+0000] {logging_mixin.py:188} INFO - [2026-09-09T11:50:31.836+0000] {dag.py:3089} INFO - Sync 1 DAGs
[2026-09-09T11:50:31.870+0000] {logging_mixin.py:188} INFO - [2026-09-09T11:50:31.870+0000] {dag.py:3947} INFO - Setting next_dagrun for maritime_intelligence_pipeline to 2026-09-08 00:00:00+00:00, run_after=2026-09-09 00:00:00+00:00
[2026-09-09T11:50:31.904+0000] {processor.py:183} INFO - Processing /opt/airflow/dags/maritime_intelligence_pipeline.py took 0.170 seconds
[2026-09-09T11:51:03.190+0000] {processor.py:161} INFO - Started process (PID=1095) to work on /opt/airflow/dags/maritime_intelligence_pipeline.py
[2026-09-09T11:51:03.193+0000] {processor.py:830} INFO - Processing file /opt/airflow/dags/maritime_intelligence_pipeline.py for tasks to queue
[2026-09-09T11:51:03.200+0000] {logging_mixin.py:188} INFO - [2026-09-09T11:51:03.199+0000] {dagbag.py:545} INFO - Filling up the DagBag from /opt/airflow/dags/maritime_intelligence_pipeline.py
[2026-09-09T11:51:03.243+0000] {processor.py:840} INFO - DAG(s) 'maritime_intelligence_pipeline' retrieved from /opt/airflow/dags/maritime_intelligence_pipeline.py
[2026-09-09T11:51:03.292+0000] {logging_mixin.py:188} INFO - [2026-09-09T11:51:03.292+0000] {dag.py:3089} INFO - Sync 1 DAGs
[2026-09-09T11:51:03.329+0000] {logging_mixin.py:188} INFO - [2026-09-09T11:51:03.329+0000] {dag.py:3947} INFO - Setting next_dagrun for maritime_intelligence_pipeline to 2026-09-08 00:00:00+00:00, run_after=2026-09-09 00:00:00+00:00
[2026-09-09T11:51:03.405+0000] {processor.py:183} INFO - Processing /opt/airflow/dags/maritime_intelligence_pipeline.py took 0.249 seconds
[2026-09-09T11:51:33.552+0000] {processor.py:161} INFO - Started process (PID=1100) to work on /opt/airflow/dags/maritime_intelligence_pipeline.py
[2026-09-09T11:51:33.555+0000] {processor.py:830} INFO - Processing file /opt/airflow/dags/maritime_intelligence_pipeline.py for tasks to queue
[2026-09-09T11:51:33.559+0000] {logging_mixin.py:188} INFO - [2026-09-09T11:51:33.558+0000] {dagbag.py:545} INFO - Filling up the DagBag from /opt/airflow/dags/maritime_intelligence_pipeline.py
[2026-09-09T11:51:33.604+0000] {processor.py:840} INFO - DAG(s) 'maritime_intelligence_pipeline' retrieved from /opt/airflow/dags/maritime_intelligence_pipeline.py
[2026-09-09T11:51:33.656+0000] {logging_mixin.py:188} INFO - [2026-09-09T11:51:33.656+0000] {dag.py:3089} INFO - Sync 1 DAGs
[2026-09-09T11:51:33.699+0000] {logging_mixin.py:188} INFO - [2026-09-09T11:51:33.699+0000] {dag.py:3947} INFO - Setting next_dagrun for maritime_intelligence_pipeline to 2026-09-08 00:00:00+00:00, run_after=2026-09-09 00:00:00+00:00
[2026-09-09T11:51:33.735+0000] {processor.py:183} INFO - Processing /opt/airflow/dags/maritime_intelligence_pipeline.py took 0.199 seconds
[2026-09-09T11:52:04.069+0000] {processor.py:161} INFO - Started process (PID=1105) to work on /opt/airflow/dags/maritime_intelligence_pipeline.py
[2026-09-09T11:52:04.072+0000] {processor.py:830} INFO - Processing file /opt/airflow/dags/maritime_intelligence_pipeline.py for tasks to queue
[2026-09-09T11:52:04.076+0000] {logging_mixin.py:188} INFO - [2026-09-09T11:52:04.075+0000] {dagbag.py:545} INFO - Filling up the DagBag from /opt/airflow/dags/maritime_intelligence_pipeline.py
[2026-09-09T11:52:04.179+0000] {processor.py:840} INFO - DAG(s) 'maritime_intelligence_pipeline' retrieved from /opt/airflow/dags/maritime_intelligence_pipeline.py
[2026-09-09T11:52:04.242+0000] {logging_mixin.py:188} INFO - [2026-09-09T11:52:04.242+0000] {dag.py:3089} INFO - Sync 1 DAGs
[2026-09-09T11:52:04.299+0000] {logging_mixin.py:188} INFO - [2026-09-09T11:52:04.298+0000] {dag.py:3947} INFO - Setting next_dagrun for maritime_intelligence_pipeline to 2026-09-08 00:00:00+00:00, run_after=2026-09-09 00:00:00+00:00
[2026-09-09T11:52:04.335+0000] {processor.py:183} INFO - Processing /opt/airflow/dags/maritime_intelligence_pipeline.py took 0.331 seconds
[2026-09-09T11:52:34.609+0000] {processor.py:161} INFO - Started process (PID=1110) to work on /opt/airflow/dags/maritime_intelligence_pipeline.py
[2026-09-09T11:52:34.612+0000] {processor.py:830} INFO - Processing file /opt/airflow/dags/maritime_intelligence_pipeline.py for tasks to queue
[2026-09-09T11:52:34.616+0000] {logging_mixin.py:188} INFO - [2026-09-09T11:52:34.615+0000] {dagbag.py:545} INFO - Filling up the DagBag from /opt/airflow/dags/maritime_intelligence_pipeline.py
[2026-09-09T11:52:34.662+0000] {processor.py:840} INFO - DAG(s) 'maritime_intelligence_pipeline' retrieved from /opt/airflow/dags/maritime_intelligence_pipeline.py
[2026-09-09T11:52:34.712+0000] {logging_mixin.py:188} INFO - [2026-09-09T11:52:34.712+0000] {dag.py:3089} INFO - Sync 1 DAGs
[2026-09-09T11:52:34.755+0000] {logging_mixin.py:188} INFO - [2026-09-09T11:52:34.755+0000] {dag.py:3947} INFO - Setting next_dagrun for maritime_intelligence_pipeline to 2026-09-08 00:00:00+00:00, run_after=2026-09-09 00:00:00+00:00
[2026-09-09T11:52:34.788+0000] {processor.py:183} INFO - Processing /opt/airflow/dags/maritime_intelligence_pipeline.py took 0.188 seconds
[2026-09-09T11:53:05.302+0000] {processor.py:161} INFO - Started process (PID=1115) to work on /opt/airflow/dags/maritime_intelligence_pipeline.py
[2026-09-09T11:53:05.306+0000] {processor.py:830} INFO - Processing file /opt/airflow/dags/maritime_intelligence_pipeline.py for tasks to queue
[2026-09-09T11:53:05.312+0000] {logging_mixin.py:188} INFO - [2026-09-09T11:53:05.311+0000] {dagbag.py:545} INFO - Filling up the DagBag from /opt/airflow/dags/maritime_intelligence_pipeline.py
[2026-09-09T11:53:05.349+0000] {processor.py:840} INFO - DAG(s) 'maritime_intelligence_pipeline' retrieved from /opt/airflow/dags/maritime_intelligence_pipeline.py
[2026-09-09T11:53:05.407+0000] {logging_mixin.py:188} INFO - [2026-09-09T11:53:05.407+0000] {dag.py:3089} INFO - Sync 1 DAGs
[2026-09-09T11:53:05.455+0000] {logging_mixin.py:188} INFO - [2026-09-09T11:53:05.454+0000] {dag.py:3947} INFO - Setting next_dagrun for maritime_intelligence_pipeline to 2026-09-08 00:00:00+00:00, run_after=2026-09-09 00:00:00+00:00
[2026-09-09T11:53:05.489+0000] {processor.py:183} INFO - Processing /opt/airflow/dags/maritime_intelligence_pipeline.py took 0.207 seconds
[2026-09-09T11:53:35.690+0000] {processor.py:161} INFO - Started process (PID=1120) to work on /opt/airflow/dags/maritime_intelligence_pipeline.py
[2026-09-09T11:53:35.693+0000] {processor.py:830} INFO - Processing file /opt/airflow/dags/maritime_intelligence_pipeline.py for tasks to queue
[2026-09-09T11:53:35.699+0000] {logging_mixin.py:188} INFO - [2026-09-09T11:53:35.698+0000] {dagbag.py:545} INFO - Filling up the DagBag from /opt/airflow/dags/maritime_intelligence_pipeline.py
[2026-09-09T11:53:35.740+0000] {processor.py:840} INFO - DAG(s) 'maritime_intelligence_pipeline' retrieved from /opt/airflow/dags/maritime_intelligence_pipeline.py
[2026-09-09T11:53:35.811+0000] {logging_mixin.py:188} INFO - [2026-09-09T11:53:35.811+0000] {dag.py:3089} INFO - Sync 1 DAGs
[2026-09-09T11:53:35.859+0000] {logging_mixin.py:188} INFO - [2026-09-09T11:53:35.859+0000] {dag.py:3947} INFO - Setting next_dagrun for maritime_intelligence_pipeline to 2026-09-08 00:00:00+00:00, run_after=2026-09-09 00:00:00+00:00
[2026-09-09T11:53:35.899+0000] {processor.py:183} INFO - Processing /opt/airflow/dags/maritime_intelligence_pipeline.py took 0.228 seconds
[2026-09-09T11:54:06.237+0000] {processor.py:161} INFO - Started process (PID=1125) to work on /opt/airflow/dags/maritime_intelligence_pipeline.py
[2026-09-09T11:54:06.240+0000] {processor.py:830} INFO - Processing file /opt/airflow/dags/maritime_intelligence_pipeline.py for tasks to queue
[2026-09-09T11:54:06.245+0000] {logging_mixin.py:188} INFO - [2026-09-09T11:54:06.244+0000] {dagbag.py:545} INFO - Filling up the DagBag from /opt/airflow/dags/maritime_intelligence_pipeline.py
[2026-09-09T11:54:06.289+0000] {processor.py:840} INFO - DAG(s) 'maritime_intelligence_pipeline' retrieved from /opt/airflow/dags/maritime_intelligence_pipeline.py
[2026-09-09T11:54:06.361+0000] {logging_mixin.py:188} INFO - [2026-09-09T11:54:06.361+0000] {dag.py:3089} INFO - Sync 1 DAGs
[2026-09-09T11:54:06.426+0000] {logging_mixin.py:188} INFO - [2026-09-09T11:54:06.425+0000] {dag.py:3947} INFO - Setting next_dagrun for maritime_intelligence_pipeline to 2026-09-08 00:00:00+00:00, run_after=2026-09-09 00:00:00+00:00
[2026-09-09T11:54:06.461+0000] {processor.py:183} INFO - Processing /opt/airflow/dags/maritime_intelligence_pipeline.py took 0.238 seconds
[2026-09-09T11:54:36.725+0000] {processor.py:161} INFO - Started process (PID=1130) to work on /opt/airflow/dags/maritime_intelligence_pipeline.py
[2026-09-09T11:54:36.728+0000] {processor.py:830} INFO - Processing file /opt/airflow/dags/maritime_intelligence_pipeline.py for tasks to queue
[2026-09-09T11:54:36.734+0000] {logging_mixin.py:188} INFO - [2026-09-09T11:54:36.734+0000] {dagbag.py:545} INFO - Filling up the DagBag from /opt/airflow/dags/maritime_intelligence_pipeline.py
[2026-09-09T11:54:36.772+0000] {processor.py:840} INFO - DAG(s) 'maritime_intelligence_pipeline' retrieved from /opt/airflow/dags/maritime_intelligence_pipeline.py
[2026-09-09T11:54:36.832+0000] {logging_mixin.py:188} INFO - [2026-09-09T11:54:36.831+0000] {dag.py:3089} INFO - Sync 1 DAGs
[2026-09-09T11:54:36.868+0000] {logging_mixin.py:188} INFO - [2026-09-09T11:54:36.868+0000] {dag.py:3947} INFO - Setting next_dagrun for maritime_intelligence_pipeline to 2026-09-08 00:00:00+00:00, run_after=2026-09-09 00:00:00+00:00
[2026-09-09T11:54:36.918+0000] {processor.py:183} INFO - Processing /opt/airflow/dags/maritime_intelligence_pipeline.py took 0.205 seconds
[2026-09-09T11:55:07.004+0000] {processor.py:161} INFO - Started process (PID=1135) to work on /opt/airflow/dags/maritime_intelligence_pipeline.py
[2026-09-09T11:55:07.006+0000] {processor.py:830} INFO - Processing file /opt/airflow/dags/maritime_intelligence_pipeline.py for tasks to queue
[2026-09-09T11:55:07.012+0000] {logging_mixin.py:188} INFO - [2026-09-09T11:55:07.011+0000] {dagbag.py:545} INFO - Filling up the DagBag from /opt/airflow/dags/maritime_intelligence_pipeline.py
[2026-09-09T11:55:07.084+0000] {processor.py:840} INFO - DAG(s) 'maritime_intelligence_pipeline' retrieved from /opt/airflow/dags/maritime_intelligence_pipeline.py
[2026-09-09T11:55:07.142+0000] {logging_mixin.py:188} INFO - [2026-09-09T11:55:07.141+0000] {dag.py:3089} INFO - Sync 1 DAGs
[2026-09-09T11:55:07.192+0000] {logging_mixin.py:188} INFO - [2026-09-09T11:55:07.192+0000] {dag.py:3947} INFO - Setting next_dagrun for maritime_intelligence_pipeline to 2026-09-08 00:00:00+00:00, run_after=2026-09-09 00:00:00+00:00
[2026-09-09T11:55:07.232+0000] {processor.py:183} INFO - Processing /opt/airflow/dags/maritime_intelligence_pipeline.py took 0.241 seconds
[2026-09-09T11:55:37.390+0000] {processor.py:161} INFO - Started process (PID=1140) to work on /opt/airflow/dags/maritime_intelligence_pipeline.py
[2026-09-09T11:55:37.393+0000] {processor.py:830} INFO - Processing file /opt/airflow/dags/maritime_intelligence_pipeline.py for tasks to queue
[2026-09-09T11:55:37.401+0000] {logging_mixin.py:188} INFO - [2026-09-09T11:55:37.398+0000] {dagbag.py:545} INFO - Filling up the DagBag from /opt/airflow/dags/maritime_intelligence_pipeline.py
[2026-09-09T11:55:37.455+0000] {processor.py:840} INFO - DAG(s) 'maritime_intelligence_pipeline' retrieved from /opt/airflow/dags/maritime_intelligence_pipeline.py
[2026-09-09T11:55:37.515+0000] {logging_mixin.py:188} INFO - [2026-09-09T11:55:37.515+0000] {dag.py:3089} INFO - Sync 1 DAGs
[2026-09-09T11:55:37.567+0000] {logging_mixin.py:188} INFO - [2026-09-09T11:55:37.566+0000] {dag.py:3947} INFO - Setting next_dagrun for maritime_intelligence_pipeline to 2026-09-08 00:00:00+00:00, run_after=2026-09-09 00:00:00+00:00
[2026-09-09T11:55:37.607+0000] {processor.py:183} INFO - Processing /opt/airflow/dags/maritime_intelligence_pipeline.py took 0.235 seconds
[2026-09-09T11:56:07.836+0000] {processor.py:161} INFO - Started process (PID=1145) to work on /opt/airflow/dags/maritime_intelligence_pipeline.py
[2026-09-09T11:56:07.839+0000] {processor.py:830} INFO - Processing file /opt/airflow/dags/maritime_intelligence_pipeline.py for tasks to queue
[2026-09-09T11:56:07.844+0000] {logging_mixin.py:188} INFO - [2026-09-09T11:56:07.843+0000] {dagbag.py:545} INFO - Filling up the DagBag from /opt/airflow/dags/maritime_intelligence_pipeline.py
[2026-09-09T11:56:07.883+0000] {processor.py:840} INFO - DAG(s) 'maritime_intelligence_pipeline' retrieved from /opt/airflow/dags/maritime_intelligence_pipeline.py
[2026-09-09T11:56:08.018+0000] {logging_mixin.py:188} INFO - [2026-09-09T11:56:08.017+0000] {dag.py:3089} INFO - Sync 1 DAGs
[2026-09-09T11:56:08.178+0000] {logging_mixin.py:188} INFO - [2026-09-09T11:56:08.178+0000] {dag.py:3947} INFO - Setting next_dagrun for maritime_intelligence_pipeline to 2026-09-08 00:00:00+00:00, run_after=2026-09-09 00:00:00+00:00
[2026-09-09T11:56:08.282+0000] {processor.py:183} INFO - Processing /opt/airflow/dags/maritime_intelligence_pipeline.py took 0.464 seconds
[2026-09-09T11:56:39.577+0000] {processor.py:161} INFO - Started process (PID=1150) to work on /opt/airflow/dags/maritime_intelligence_pipeline.py
[2026-09-09T11:56:39.585+0000] {processor.py:830} INFO - Processing file /opt/airflow/dags/maritime_intelligence_pipeline.py for tasks to queue
[2026-09-09T11:56:39.602+0000] {logging_mixin.py:188} INFO - [2026-09-09T11:56:39.596+0000] {dagbag.py:545} INFO - Filling up the DagBag from /opt/airflow/dags/maritime_intelligence_pipeline.py
[2026-09-09T11:56:39.706+0000] {processor.py:840} INFO - DAG(s) 'maritime_intelligence_pipeline' retrieved from /opt/airflow/dags/maritime_intelligence_pipeline.py
[2026-09-09T11:56:39.833+0000] {logging_mixin.py:188} INFO - [2026-09-09T11:56:39.832+0000] {dag.py:3089} INFO - Sync 1 DAGs
[2026-09-09T11:56:39.957+0000] {logging_mixin.py:188} INFO - [2026-09-09T11:56:39.956+0000] {dag.py:3947} INFO - Setting next_dagrun for maritime_intelligence_pipeline to 2026-09-08 00:00:00+00:00, run_after=2026-09-09 00:00:00+00:00
[2026-09-09T11:56:40.017+0000] {processor.py:183} INFO - Processing /opt/airflow/dags/maritime_intelligence_pipeline.py took 1.237 seconds
[2026-09-09T11:57:10.437+0000] {processor.py:161} INFO - Started process (PID=1155) to work on /opt/airflow/dags/maritime_intelligence_pipeline.py
[2026-09-09T11:57:10.440+0000] {processor.py:830} INFO - Processing file /opt/airflow/dags/maritime_intelligence_pipeline.py for tasks to queue
[2026-09-09T11:57:10.447+0000] {logging_mixin.py:188} INFO - [2026-09-09T11:57:10.446+0000] {dagbag.py:545} INFO - Filling up the DagBag from /opt/airflow/dags/maritime_intelligence_pipeline.py
[2026-09-09T11:57:10.528+0000] {processor.py:840} INFO - DAG(s) 'maritime_intelligence_pipeline' retrieved from /opt/airflow/dags/maritime_intelligence_pipeline.py
[2026-09-09T11:57:10.620+0000] {logging_mixin.py:188} INFO - [2026-09-09T11:57:10.620+0000] {dag.py:3089} INFO - Sync 1 DAGs
[2026-09-09T11:57:10.687+0000] {logging_mixin.py:188} INFO - [2026-09-09T11:57:10.686+0000] {dag.py:3947} INFO - Setting next_dagrun for maritime_intelligence_pipeline to 2026-09-08 00:00:00+00:00, run_after=2026-09-09 00:00:00+00:00
[2026-09-09T11:57:10.774+0000] {processor.py:183} INFO - Processing /opt/airflow/dags/maritime_intelligence_pipeline.py took 0.360 seconds
[2026-09-09T11:57:41.121+0000] {processor.py:161} INFO - Started process (PID=1160) to work on /opt/airflow/dags/maritime_intelligence_pipeline.py
[2026-09-09T11:57:41.123+0000] {processor.py:830} INFO - Processing file /opt/airflow/dags/maritime_intelligence_pipeline.py for tasks to queue
[2026-09-09T11:57:41.127+0000] {logging_mixin.py:188} INFO - [2026-09-09T11:57:41.126+0000] {dagbag.py:545} INFO - Filling up the DagBag from /opt/airflow/dags/maritime_intelligence_pipeline.py
[2026-09-09T11:57:41.166+0000] {processor.py:840} INFO - DAG(s) 'maritime_intelligence_pipeline' retrieved from /opt/airflow/dags/maritime_intelligence_pipeline.py
[2026-09-09T11:57:41.214+0000] {logging_mixin.py:188} INFO - [2026-09-09T11:57:41.214+0000] {dag.py:3089} INFO - Sync 1 DAGs
[2026-09-09T11:57:41.247+0000] {logging_mixin.py:188} INFO - [2026-09-09T11:57:41.247+0000] {dag.py:3947} INFO - Setting next_dagrun for maritime_intelligence_pipeline to 2026-09-08 00:00:00+00:00, run_after=2026-09-09 00:00:00+00:00
[2026-09-09T11:57:41.278+0000] {processor.py:183} INFO - Processing /opt/airflow/dags/maritime_intelligence_pipeline.py took 0.167 seconds
[2026-09-09T11:58:11.468+0000] {processor.py:161} INFO - Started process (PID=1165) to work on /opt/airflow/dags/maritime_intelligence_pipeline.py
[2026-09-09T11:58:11.471+0000] {processor.py:830} INFO - Processing file /opt/airflow/dags/maritime_intelligence_pipeline.py for tasks to queue
[2026-09-09T11:58:11.475+0000] {logging_mixin.py:188} INFO - [2026-09-09T11:58:11.474+0000] {dagbag.py:545} INFO - Filling up the DagBag from /opt/airflow/dags/maritime_intelligence_pipeline.py
[2026-09-09T11:58:11.515+0000] {processor.py:840} INFO - DAG(s) 'maritime_intelligence_pipeline' retrieved from /opt/airflow/dags/maritime_intelligence_pipeline.py
[2026-09-09T11:58:11.560+0000] {logging_mixin.py:188} INFO - [2026-09-09T11:58:11.560+0000] {dag.py:3089} INFO - Sync 1 DAGs
[2026-09-09T11:58:11.598+0000] {logging_mixin.py:188} INFO - [2026-09-09T11:58:11.597+0000] {dag.py:3947} INFO - Setting next_dagrun for maritime_intelligence_pipeline to 2026-09-08 00:00:00+00:00, run_after=2026-09-09 00:00:00+00:00
[2026-09-09T11:58:11.651+0000] {processor.py:183} INFO - Processing /opt/airflow/dags/maritime_intelligence_pipeline.py took 0.196 seconds
[2026-09-09T11:58:41.807+0000] {processor.py:161} INFO - Started process (PID=1170) to work on /opt/airflow/dags/maritime_intelligence_pipeline.py
[2026-09-09T11:58:41.809+0000] {processor.py:830} INFO - Processing file /opt/airflow/dags/maritime_intelligence_pipeline.py for tasks to queue
[2026-09-09T11:58:41.813+0000] {logging_mixin.py:188} INFO - [2026-09-09T11:58:41.813+0000] {dagbag.py:545} INFO - Filling up the DagBag from /opt/airflow/dags/maritime_intelligence_pipeline.py
[2026-09-09T11:58:41.864+0000] {processor.py:840} INFO - DAG(s) 'maritime_intelligence_pipeline' retrieved from /opt/airflow/dags/maritime_intelligence_pipeline.py
[2026-09-09T11:58:41.917+0000] {logging_mixin.py:188} INFO - [2026-09-09T11:58:41.916+0000] {dag.py:3089} INFO - Sync 1 DAGs
[2026-09-09T11:58:41.955+0000] {logging_mixin.py:188} INFO - [2026-09-09T11:58:41.954+0000] {dag.py:3947} INFO - Setting next_dagrun for maritime_intelligence_pipeline to 2026-09-08 00:00:00+00:00, run_after=2026-09-09 00:00:00+00:00
[2026-09-09T11:58:41.987+0000] {processor.py:183} INFO - Processing /opt/airflow/dags/maritime_intelligence_pipeline.py took 0.189 seconds
[2026-09-09T11:59:12.145+0000] {processor.py:161} INFO - Started process (PID=1175) to work on /opt/airflow/dags/maritime_intelligence_pipeline.py
[2026-09-09T11:59:12.147+0000] {processor.py:830} INFO - Processing file /opt/airflow/dags/maritime_intelligence_pipeline.py for tasks to queue
[2026-09-09T11:59:12.151+0000] {logging_mixin.py:188} INFO - [2026-09-09T11:59:12.150+0000] {dagbag.py:545} INFO - Filling up the DagBag from /opt/airflow/dags/maritime_intelligence_pipeline.py
[2026-09-09T11:59:12.187+0000] {processor.py:840} INFO - DAG(s) 'maritime_intelligence_pipeline' retrieved from /opt/airflow/dags/maritime_intelligence_pipeline.py
[2026-09-09T11:59:12.231+0000] {logging_mixin.py:188} INFO - [2026-09-09T11:59:12.230+0000] {dag.py:3089} INFO - Sync 1 DAGs
[2026-09-09T11:59:12.262+0000] {logging_mixin.py:188} INFO - [2026-09-09T11:59:12.262+0000] {dag.py:3947} INFO - Setting next_dagrun for maritime_intelligence_pipeline to 2026-09-08 00:00:00+00:00, run_after=2026-09-09 00:00:00+00:00
[2026-09-09T11:59:12.292+0000] {processor.py:183} INFO - Processing /opt/airflow/dags/maritime_intelligence_pipeline.py took 0.156 seconds
[2026-09-09T11:59:42.475+0000] {processor.py:161} INFO - Started process (PID=1180) to work on /opt/airflow/dags/maritime_intelligence_pipeline.py
[2026-09-09T11:59:42.477+0000] {processor.py:830} INFO - Processing file /opt/airflow/dags/maritime_intelligence_pipeline.py for tasks to queue
[2026-09-09T11:59:42.481+0000] {logging_mixin.py:188} INFO - [2026-09-09T11:59:42.480+0000] {dagbag.py:545} INFO - Filling up the DagBag from /opt/airflow/dags/maritime_intelligence_pipeline.py
[2026-09-09T11:59:42.520+0000] {processor.py:840} INFO - DAG(s) 'maritime_intelligence_pipeline' retrieved from /opt/airflow/dags/maritime_intelligence_pipeline.py
[2026-09-09T11:59:42.564+0000] {logging_mixin.py:188} INFO - [2026-09-09T11:59:42.563+0000] {dag.py:3089} INFO - Sync 1 DAGs
[2026-09-09T11:59:42.596+0000] {logging_mixin.py:188} INFO - [2026-09-09T11:59:42.596+0000] {dag.py:3947} INFO - Setting next_dagrun for maritime_intelligence_pipeline to 2026-09-08 00:00:00+00:00, run_after=2026-09-09 00:00:00+00:00
[2026-09-09T11:59:42.628+0000] {processor.py:183} INFO - Processing /opt/airflow/dags/maritime_intelligence_pipeline.py took 0.163 seconds
[2026-09-09T12:00:12.727+0000] {processor.py:161} INFO - Started process (PID=1185) to work on /opt/airflow/dags/maritime_intelligence_pipeline.py
[2026-09-09T12:00:12.729+0000] {processor.py:830} INFO - Processing file /opt/airflow/dags/maritime_intelligence_pipeline.py for tasks to queue
[2026-09-09T12:00:12.732+0000] {logging_mixin.py:188} INFO - [2026-09-09T12:00:12.732+0000] {dagbag.py:545} INFO - Filling up the DagBag from /opt/airflow/dags/maritime_intelligence_pipeline.py
[2026-09-09T12:00:12.768+0000] {processor.py:840} INFO - DAG(s) 'maritime_intelligence_pipeline' retrieved from /opt/airflow/dags/maritime_intelligence_pipeline.py
[2026-09-09T12:00:12.873+0000] {logging_mixin.py:188} INFO - [2026-09-09T12:00:12.873+0000] {dag.py:3089} INFO - Sync 1 DAGs
[2026-09-09T12:00:12.909+0000] {logging_mixin.py:188} INFO - [2026-09-09T12:00:12.908+0000] {dag.py:3947} INFO - Setting next_dagrun for maritime_intelligence_pipeline to 2026-09-08 00:00:00+00:00, run_after=2026-09-09 00:00:00+00:00
[2026-09-09T12:00:12.942+0000] {processor.py:183} INFO - Processing /opt/airflow/dags/maritime_intelligence_pipeline.py took 0.225 seconds
[2026-09-09T12:00:43.156+0000] {processor.py:161} INFO - Started process (PID=1190) to work on /opt/airflow/dags/maritime_intelligence_pipeline.py
[2026-09-09T12:00:43.159+0000] {processor.py:830} INFO - Processing file /opt/airflow/dags/maritime_intelligence_pipeline.py for tasks to queue
[2026-09-09T12:00:43.164+0000] {logging_mixin.py:188} INFO - [2026-09-09T12:00:43.163+0000] {dagbag.py:545} INFO - Filling up the DagBag from /opt/airflow/dags/maritime_intelligence_pipeline.py
[2026-09-09T12:00:43.208+0000] {processor.py:840} INFO - DAG(s) 'maritime_intelligence_pipeline' retrieved from /opt/airflow/dags/maritime_intelligence_pipeline.py
[2026-09-09T12:00:43.266+0000] {logging_mixin.py:188} INFO - [2026-09-09T12:00:43.265+0000] {dag.py:3089} INFO - Sync 1 DAGs
[2026-09-09T12:00:43.316+0000] {logging_mixin.py:188} INFO - [2026-09-09T12:00:43.315+0000] {dag.py:3947} INFO - Setting next_dagrun for maritime_intelligence_pipeline to 2026-09-08 00:00:00+00:00, run_after=2026-09-09 00:00:00+00:00
[2026-09-09T12:00:43.352+0000] {processor.py:183} INFO - Processing /opt/airflow/dags/maritime_intelligence_pipeline.py took 0.208 seconds
[2026-09-09T12:01:13.517+0000] {processor.py:161} INFO - Started process (PID=1195) to work on /opt/airflow/dags/maritime_intelligence_pipeline.py
[2026-09-09T12:01:13.519+0000] {processor.py:830} INFO - Processing file /opt/airflow/dags/maritime_intelligence_pipeline.py for tasks to queue
[2026-09-09T12:01:13.523+0000] {logging_mixin.py:188} INFO - [2026-09-09T12:01:13.522+0000] {dagbag.py:545} INFO - Filling up the DagBag from /opt/airflow/dags/maritime_intelligence_pipeline.py
[2026-09-09T12:01:13.556+0000] {processor.py:840} INFO - DAG(s) 'maritime_intelligence_pipeline' retrieved from /opt/airflow/dags/maritime_intelligence_pipeline.py
[2026-09-09T12:01:13.601+0000] {logging_mixin.py:188} INFO - [2026-09-09T12:01:13.601+0000] {dag.py:3089} INFO - Sync 1 DAGs
[2026-09-09T12:01:13.635+0000] {logging_mixin.py:188} INFO - [2026-09-09T12:01:13.634+0000] {dag.py:3947} INFO - Setting next_dagrun for maritime_intelligence_pipeline to 2026-09-08 00:00:00+00:00, run_after=2026-09-09 00:00:00+00:00
[2026-09-09T12:01:13.667+0000] {processor.py:183} INFO - Processing /opt/airflow/dags/maritime_intelligence_pipeline.py took 0.159 seconds
[2026-09-09T12:01:43.963+0000] {processor.py:161} INFO - Started process (PID=1200) to work on /opt/airflow/dags/maritime_intelligence_pipeline.py
[2026-09-09T12:01:43.965+0000] {processor.py:830} INFO - Processing file /opt/airflow/dags/maritime_intelligence_pipeline.py for tasks to queue
[2026-09-09T12:01:43.970+0000] {logging_mixin.py:188} INFO - [2026-09-09T12:01:43.969+0000] {dagbag.py:545} INFO - Filling up the DagBag from /opt/airflow/dags/maritime_intelligence_pipeline.py
[2026-09-09T12:01:44.012+0000] {processor.py:840} INFO - DAG(s) 'maritime_intelligence_pipeline' retrieved from /opt/airflow/dags/maritime_intelligence_pipeline.py
[2026-09-09T12:01:44.063+0000] {logging_mixin.py:188} INFO - [2026-09-09T12:01:44.063+0000] {dag.py:3089} INFO - Sync 1 DAGs
[2026-09-09T12:01:44.128+0000] {logging_mixin.py:188} INFO - [2026-09-09T12:01:44.127+0000] {dag.py:3947} INFO - Setting next_dagrun for maritime_intelligence_pipeline to 2026-09-08 00:00:00+00:00, run_after=2026-09-09 00:00:00+00:00
[2026-09-09T12:01:44.298+0000] {processor.py:183} INFO - Processing /opt/airflow/dags/maritime_intelligence_pipeline.py took 0.347 seconds
[2026-09-09T12:02:14.622+0000] {processor.py:161} INFO - Started process (PID=1205) to work on /opt/airflow/dags/maritime_intelligence_pipeline.py
[2026-09-09T12:02:14.625+0000] {processor.py:830} INFO - Processing file /opt/airflow/dags/maritime_intelligence_pipeline.py for tasks to queue
[2026-09-09T12:02:14.630+0000] {logging_mixin.py:188} INFO - [2026-09-09T12:02:14.629+0000] {dagbag.py:545} INFO - Filling up the DagBag from /opt/airflow/dags/maritime_intelligence_pipeline.py
[2026-09-09T12:02:14.672+0000] {processor.py:840} INFO - DAG(s) 'maritime_intelligence_pipeline' retrieved from /opt/airflow/dags/maritime_intelligence_pipeline.py
[2026-09-09T12:02:14.731+0000] {logging_mixin.py:188} INFO - [2026-09-09T12:02:14.730+0000] {dag.py:3089} INFO - Sync 1 DAGs
[2026-09-09T12:02:14.770+0000] {logging_mixin.py:188} INFO - [2026-09-09T12:02:14.770+0000] {dag.py:3947} INFO - Setting next_dagrun for maritime_intelligence_pipeline to 2026-09-08 00:00:00+00:00, run_after=2026-09-09 00:00:00+00:00
[2026-09-09T12:02:14.802+0000] {processor.py:183} INFO - Processing /opt/airflow/dags/maritime_intelligence_pipeline.py took 0.199 seconds
[2026-09-09T12:02:45.068+0000] {processor.py:161} INFO - Started process (PID=1210) to work on /opt/airflow/dags/maritime_intelligence_pipeline.py
[2026-09-09T12:02:45.070+0000] {processor.py:830} INFO - Processing file /opt/airflow/dags/maritime_intelligence_pipeline.py for tasks to queue
[2026-09-09T12:02:45.074+0000] {logging_mixin.py:188} INFO - [2026-09-09T12:02:45.073+0000] {dagbag.py:545} INFO - Filling up the DagBag from /opt/airflow/dags/maritime_intelligence_pipeline.py
[2026-09-09T12:02:45.115+0000] {processor.py:840} INFO - DAG(s) 'maritime_intelligence_pipeline' retrieved from /opt/airflow/dags/maritime_intelligence_pipeline.py
[2026-09-09T12:02:45.161+0000] {logging_mixin.py:188} INFO - [2026-09-09T12:02:45.161+0000] {dag.py:3089} INFO - Sync 1 DAGs
[2026-09-09T12:02:45.197+0000] {logging_mixin.py:188} INFO - [2026-09-09T12:02:45.196+0000] {dag.py:3947} INFO - Setting next_dagrun for maritime_intelligence_pipeline to 2026-09-08 00:00:00+00:00, run_after=2026-09-09 00:00:00+00:00
[2026-09-09T12:02:45.242+0000] {processor.py:183} INFO - Processing /opt/airflow/dags/maritime_intelligence_pipeline.py took 0.184 seconds
[2026-09-09T12:03:15.545+0000] {processor.py:161} INFO - Started process (PID=1215) to work on /opt/airflow/dags/maritime_intelligence_pipeline.py
[2026-09-09T12:03:15.550+0000] {processor.py:830} INFO - Processing file /opt/airflow/dags/maritime_intelligence_pipeline.py for tasks to queue
[2026-09-09T12:03:15.557+0000] {logging_mixin.py:188} INFO - [2026-09-09T12:03:15.556+0000] {dagbag.py:545} INFO - Filling up the DagBag from /opt/airflow/dags/maritime_intelligence_pipeline.py
[2026-09-09T12:03:15.608+0000] {processor.py:840} INFO - DAG(s) 'maritime_intelligence_pipeline' retrieved from /opt/airflow/dags/maritime_intelligence_pipeline.py
[2026-09-09T12:03:15.659+0000] {logging_mixin.py:188} INFO - [2026-09-09T12:03:15.658+0000] {dag.py:3089} INFO - Sync 1 DAGs
[2026-09-09T12:03:15.693+0000] {logging_mixin.py:188} INFO - [2026-09-09T12:03:15.693+0000] {dag.py:3947} INFO - Setting next_dagrun for maritime_intelligence_pipeline to 2026-09-08 00:00:00+00:00, run_after=2026-09-09 00:00:00+00:00
[2026-09-09T12:03:15.727+0000] {processor.py:183} INFO - Processing /opt/airflow/dags/maritime_intelligence_pipeline.py took 0.209 seconds
[2026-09-09T12:03:45.995+0000] {processor.py:161} INFO - Started process (PID=1220) to work on /opt/airflow/dags/maritime_intelligence_pipeline.py
[2026-09-09T12:03:45.998+0000] {processor.py:830} INFO - Processing file /opt/airflow/dags/maritime_intelligence_pipeline.py for tasks to queue
[2026-09-09T12:03:46.002+0000] {logging_mixin.py:188} INFO - [2026-09-09T12:03:46.001+0000] {dagbag.py:545} INFO - Filling up the DagBag from /opt/airflow/dags/maritime_intelligence_pipeline.py
[2026-09-09T12:03:46.044+0000] {processor.py:840} INFO - DAG(s) 'maritime_intelligence_pipeline' retrieved from /opt/airflow/dags/maritime_intelligence_pipeline.py
[2026-09-09T12:03:46.091+0000] {logging_mixin.py:188} INFO - [2026-09-09T12:03:46.091+0000] {dag.py:3089} INFO - Sync 1 DAGs
[2026-09-09T12:03:46.125+0000] {logging_mixin.py:188} INFO - [2026-09-09T12:03:46.125+0000] {dag.py:3947} INFO - Setting next_dagrun for maritime_intelligence_pipeline to 2026-09-08 00:00:00+00:00, run_after=2026-09-09 00:00:00+00:00
[2026-09-09T12:03:46.156+0000] {processor.py:183} INFO - Processing /opt/airflow/dags/maritime_intelligence_pipeline.py took 0.173 seconds
[2026-09-09T12:04:16.426+0000] {processor.py:161} INFO - Started process (PID=1225) to work on /opt/airflow/dags/maritime_intelligence_pipeline.py
[2026-09-09T12:04:16.429+0000] {processor.py:830} INFO - Processing file /opt/airflow/dags/maritime_intelligence_pipeline.py for tasks to queue
[2026-09-09T12:04:16.436+0000] {logging_mixin.py:188} INFO - [2026-09-09T12:04:16.435+0000] {dagbag.py:545} INFO - Filling up the DagBag from /opt/airflow/dags/maritime_intelligence_pipeline.py
[2026-09-09T12:04:16.474+0000] {processor.py:840} INFO - DAG(s) 'maritime_intelligence_pipeline' retrieved from /opt/airflow/dags/maritime_intelligence_pipeline.py
[2026-09-09T12:04:16.529+0000] {logging_mixin.py:188} INFO - [2026-09-09T12:04:16.529+0000] {dag.py:3089} INFO - Sync 1 DAGs
[2026-09-09T12:04:16.579+0000] {logging_mixin.py:188} INFO - [2026-09-09T12:04:16.578+0000] {dag.py:3947} INFO - Setting next_dagrun for maritime_intelligence_pipeline to 2026-09-08 00:00:00+00:00, run_after=2026-09-09 00:00:00+00:00
[2026-09-09T12:04:16.616+0000] {processor.py:183} INFO - Processing /opt/airflow/dags/maritime_intelligence_pipeline.py took 0.206 seconds
[2026-09-09T12:04:46.886+0000] {processor.py:161} INFO - Started process (PID=1230) to work on /opt/airflow/dags/maritime_intelligence_pipeline.py
[2026-09-09T12:04:46.888+0000] {processor.py:830} INFO - Processing file /opt/airflow/dags/maritime_intelligence_pipeline.py for tasks to queue
[2026-09-09T12:04:46.894+0000] {logging_mixin.py:188} INFO - [2026-09-09T12:04:46.893+0000] {dagbag.py:545} INFO - Filling up the DagBag from /opt/airflow/dags/maritime_intelligence_pipeline.py
[2026-09-09T12:04:46.934+0000] {processor.py:840} INFO - DAG(s) 'maritime_intelligence_pipeline' retrieved from /opt/airflow/dags/maritime_intelligence_pipeline.py
[2026-09-09T12:04:46.985+0000] {logging_mixin.py:188} INFO - [2026-09-09T12:04:46.984+0000] {dag.py:3089} INFO - Sync 1 DAGs
[2026-09-09T12:04:47.024+0000] {logging_mixin.py:188} INFO - [2026-09-09T12:04:47.024+0000] {dag.py:3947} INFO - Setting next_dagrun for maritime_intelligence_pipeline to 2026-09-08 00:00:00+00:00, run_after=2026-09-09 00:00:00+00:00
[2026-09-09T12:04:47.058+0000] {processor.py:183} INFO - Processing /opt/airflow/dags/maritime_intelligence_pipeline.py took 0.184 seconds
[2026-09-09T12:05:17.156+0000] {processor.py:161} INFO - Started process (PID=1235) to work on /opt/airflow/dags/maritime_intelligence_pipeline.py
[2026-09-09T12:05:17.158+0000] {processor.py:830} INFO - Processing file /opt/airflow/dags/maritime_intelligence_pipeline.py for tasks to queue
[2026-09-09T12:05:17.163+0000] {logging_mixin.py:188} INFO - [2026-09-09T12:05:17.161+0000] {dagbag.py:545} INFO - Filling up the DagBag from /opt/airflow/dags/maritime_intelligence_pipeline.py
[2026-09-09T12:05:17.197+0000] {processor.py:840} INFO - DAG(s) 'maritime_intelligence_pipeline' retrieved from /opt/airflow/dags/maritime_intelligence_pipeline.py
[2026-09-09T12:05:17.253+0000] {logging_mixin.py:188} INFO - [2026-09-09T12:05:17.253+0000] {dag.py:3089} INFO - Sync 1 DAGs
[2026-09-09T12:05:17.293+0000] {logging_mixin.py:188} INFO - [2026-09-09T12:05:17.293+0000] {dag.py:3947} INFO - Setting next_dagrun for maritime_intelligence_pipeline to 2026-09-08 00:00:00+00:00, run_after=2026-09-09 00:00:00+00:00
[2026-09-09T12:05:17.327+0000] {processor.py:183} INFO - Processing /opt/airflow/dags/maritime_intelligence_pipeline.py took 0.180 seconds
[2026-09-09T12:05:47.507+0000] {processor.py:161} INFO - Started process (PID=1240) to work on /opt/airflow/dags/maritime_intelligence_pipeline.py
[2026-09-09T12:05:47.509+0000] {processor.py:830} INFO - Processing file /opt/airflow/dags/maritime_intelligence_pipeline.py for tasks to queue
[2026-09-09T12:05:47.514+0000] {logging_mixin.py:188} INFO - [2026-09-09T12:05:47.513+0000] {dagbag.py:545} INFO - Filling up the DagBag from /opt/airflow/dags/maritime_intelligence_pipeline.py
[2026-09-09T12:05:47.554+0000] {processor.py:840} INFO - DAG(s) 'maritime_intelligence_pipeline' retrieved from /opt/airflow/dags/maritime_intelligence_pipeline.py
[2026-09-09T12:05:47.601+0000] {logging_mixin.py:188} INFO - [2026-09-09T12:05:47.601+0000] {dag.py:3089} INFO - Sync 1 DAGs
[2026-09-09T12:05:47.644+0000] {logging_mixin.py:188} INFO - [2026-09-09T12:05:47.643+0000] {dag.py:3947} INFO - Setting next_dagrun for maritime_intelligence_pipeline to 2026-09-08 00:00:00+00:00, run_after=2026-09-09 00:00:00+00:00
[2026-09-09T12:05:47.682+0000] {processor.py:183} INFO - Processing /opt/airflow/dags/maritime_intelligence_pipeline.py took 0.188 seconds
[2026-09-09T12:06:17.775+0000] {processor.py:161} INFO - Started process (PID=1245) to work on /opt/airflow/dags/maritime_intelligence_pipeline.py
[2026-09-09T12:06:17.777+0000] {processor.py:830} INFO - Processing file /opt/airflow/dags/maritime_intelligence_pipeline.py for tasks to queue
[2026-09-09T12:06:17.783+0000] {logging_mixin.py:188} INFO - [2026-09-09T12:06:17.781+0000] {dagbag.py:545} INFO - Filling up the DagBag from /opt/airflow/dags/maritime_intelligence_pipeline.py
[2026-09-09T12:06:17.830+0000] {processor.py:840} INFO - DAG(s) 'maritime_intelligence_pipeline' retrieved from /opt/airflow/dags/maritime_intelligence_pipeline.py
[2026-09-09T12:06:17.901+0000] {logging_mixin.py:188} INFO - [2026-09-09T12:06:17.900+0000] {dag.py:3089} INFO - Sync 1 DAGs
[2026-09-09T12:06:17.950+0000] {logging_mixin.py:188} INFO - [2026-09-09T12:06:17.950+0000] {dag.py:3947} INFO - Setting next_dagrun for maritime_intelligence_pipeline to 2026-09-08 00:00:00+00:00, run_after=2026-09-09 00:00:00+00:00
[2026-09-09T12:06:17.983+0000] {processor.py:183} INFO - Processing /opt/airflow/dags/maritime_intelligence_pipeline.py took 0.223 seconds
[2026-09-09T12:06:48.328+0000] {processor.py:161} INFO - Started process (PID=1250) to work on /opt/airflow/dags/maritime_intelligence_pipeline.py
[2026-09-09T12:06:48.331+0000] {processor.py:830} INFO - Processing file /opt/airflow/dags/maritime_intelligence_pipeline.py for tasks to queue
[2026-09-09T12:06:48.334+0000] {logging_mixin.py:188} INFO - [2026-09-09T12:06:48.333+0000] {dagbag.py:545} INFO - Filling up the DagBag from /opt/airflow/dags/maritime_intelligence_pipeline.py
[2026-09-09T12:06:48.378+0000] {processor.py:840} INFO - DAG(s) 'maritime_intelligence_pipeline' retrieved from /opt/airflow/dags/maritime_intelligence_pipeline.py
[2026-09-09T12:06:48.432+0000] {logging_mixin.py:188} INFO - [2026-09-09T12:06:48.432+0000] {dag.py:3089} INFO - Sync 1 DAGs
[2026-09-09T12:06:48.473+0000] {logging_mixin.py:188} INFO - [2026-09-09T12:06:48.473+0000] {dag.py:3947} INFO - Setting next_dagrun for maritime_intelligence_pipeline to 2026-09-08 00:00:00+00:00, run_after=2026-09-09 00:00:00+00:00
[2026-09-09T12:06:48.561+0000] {processor.py:183} INFO - Processing /opt/airflow/dags/maritime_intelligence_pipeline.py took 0.245 seconds
[2026-09-09T12:07:18.833+0000] {processor.py:161} INFO - Started process (PID=1255) to work on /opt/airflow/dags/maritime_intelligence_pipeline.py
[2026-09-09T12:07:18.837+0000] {processor.py:830} INFO - Processing file /opt/airflow/dags/maritime_intelligence_pipeline.py for tasks to queue
[2026-09-09T12:07:18.843+0000] {logging_mixin.py:188} INFO - [2026-09-09T12:07:18.842+0000] {dagbag.py:545} INFO - Filling up the DagBag from /opt/airflow/dags/maritime_intelligence_pipeline.py
[2026-09-09T12:07:18.899+0000] {processor.py:840} INFO - DAG(s) 'maritime_intelligence_pipeline' retrieved from /opt/airflow/dags/maritime_intelligence_pipeline.py
[2026-09-09T12:07:18.954+0000] {logging_mixin.py:188} INFO - [2026-09-09T12:07:18.953+0000] {dag.py:3089} INFO - Sync 1 DAGs
[2026-09-09T12:07:18.995+0000] {logging_mixin.py:188} INFO - [2026-09-09T12:07:18.995+0000] {dag.py:3947} INFO - Setting next_dagrun for maritime_intelligence_pipeline to 2026-09-08 00:00:00+00:00, run_after=2026-09-09 00:00:00+00:00
[2026-09-09T12:07:19.027+0000] {processor.py:183} INFO - Processing /opt/airflow/dags/maritime_intelligence_pipeline.py took 0.213 seconds
[2026-09-09T12:07:49.281+0000] {processor.py:161} INFO - Started process (PID=1260) to work on /opt/airflow/dags/maritime_intelligence_pipeline.py
[2026-09-09T12:07:49.283+0000] {processor.py:830} INFO - Processing file /opt/airflow/dags/maritime_intelligence_pipeline.py for tasks to queue
[2026-09-09T12:07:49.288+0000] {logging_mixin.py:188} INFO - [2026-09-09T12:07:49.287+0000] {dagbag.py:545} INFO - Filling up the DagBag from /opt/airflow/dags/maritime_intelligence_pipeline.py
[2026-09-09T12:07:49.330+0000] {processor.py:840} INFO - DAG(s) 'maritime_intelligence_pipeline' retrieved from /opt/airflow/dags/maritime_intelligence_pipeline.py
[2026-09-09T12:07:49.379+0000] {logging_mixin.py:188} INFO - [2026-09-09T12:07:49.379+0000] {dag.py:3089} INFO - Sync 1 DAGs
[2026-09-09T12:07:49.412+0000] {logging_mixin.py:188} INFO - [2026-09-09T12:07:49.412+0000] {dag.py:3947} INFO - Setting next_dagrun for maritime_intelligence_pipeline to 2026-09-08 00:00:00+00:00, run_after=2026-09-09 00:00:00+00:00
[2026-09-09T12:07:49.447+0000] {processor.py:183} INFO - Processing /opt/airflow/dags/maritime_intelligence_pipeline.py took 0.177 seconds
[2026-09-09T12:08:19.535+0000] {processor.py:161} INFO - Started process (PID=1265) to work on /opt/airflow/dags/maritime_intelligence_pipeline.py
[2026-09-09T12:08:19.538+0000] {processor.py:830} INFO - Processing file /opt/airflow/dags/maritime_intelligence_pipeline.py for tasks to queue
[2026-09-09T12:08:19.541+0000] {logging_mixin.py:188} INFO - [2026-09-09T12:08:19.541+0000] {dagbag.py:545} INFO - Filling up the DagBag from /opt/airflow/dags/maritime_intelligence_pipeline.py
[2026-09-09T12:08:19.582+0000] {processor.py:840} INFO - DAG(s) 'maritime_intelligence_pipeline' retrieved from /opt/airflow/dags/maritime_intelligence_pipeline.py
[2026-09-09T12:08:19.635+0000] {logging_mixin.py:188} INFO - [2026-09-09T12:08:19.635+0000] {dag.py:3089} INFO - Sync 1 DAGs
[2026-09-09T12:08:19.683+0000] {logging_mixin.py:188} INFO - [2026-09-09T12:08:19.682+0000] {dag.py:3947} INFO - Setting next_dagrun for maritime_intelligence_pipeline to 2026-09-08 00:00:00+00:00, run_after=2026-09-09 00:00:00+00:00
[2026-09-09T12:08:19.718+0000] {processor.py:183} INFO - Processing /opt/airflow/dags/maritime_intelligence_pipeline.py took 0.192 seconds
[2026-09-09T12:08:49.899+0000] {processor.py:161} INFO - Started process (PID=1270) to work on /opt/airflow/dags/maritime_intelligence_pipeline.py
[2026-09-09T12:08:49.901+0000] {processor.py:830} INFO - Processing file /opt/airflow/dags/maritime_intelligence_pipeline.py for tasks to queue
[2026-09-09T12:08:49.905+0000] {logging_mixin.py:188} INFO - [2026-09-09T12:08:49.904+0000] {dagbag.py:545} INFO - Filling up the DagBag from /opt/airflow/dags/maritime_intelligence_pipeline.py
[2026-09-09T12:08:49.946+0000] {processor.py:840} INFO - DAG(s) 'maritime_intelligence_pipeline' retrieved from /opt/airflow/dags/maritime_intelligence_pipeline.py
[2026-09-09T12:08:50.000+0000] {logging_mixin.py:188} INFO - [2026-09-09T12:08:50.000+0000] {dag.py:3089} INFO - Sync 1 DAGs
[2026-09-09T12:08:50.045+0000] {logging_mixin.py:188} INFO - [2026-09-09T12:08:50.045+0000] {dag.py:3947} INFO - Setting next_dagrun for maritime_intelligence_pipeline to 2026-09-08 00:00:00+00:00, run_after=2026-09-09 00:00:00+00:00
[2026-09-09T12:08:50.083+0000] {processor.py:183} INFO - Processing /opt/airflow/dags/maritime_intelligence_pipeline.py took 0.195 seconds
[2026-09-09T12:09:20.192+0000] {processor.py:161} INFO - Started process (PID=1275) to work on /opt/airflow/dags/maritime_intelligence_pipeline.py
[2026-09-09T12:09:20.194+0000] {processor.py:830} INFO - Processing file /opt/airflow/dags/maritime_intelligence_pipeline.py for tasks to queue
[2026-09-09T12:09:20.198+0000] {logging_mixin.py:188} INFO - [2026-09-09T12:09:20.197+0000] {dagbag.py:545} INFO - Filling up the DagBag from /opt/airflow/dags/maritime_intelligence_pipeline.py
[2026-09-09T12:09:20.244+0000] {processor.py:840} INFO - DAG(s) 'maritime_intelligence_pipeline' retrieved from /opt/airflow/dags/maritime_intelligence_pipeline.py
[2026-09-09T12:09:20.299+0000] {logging_mixin.py:188} INFO - [2026-09-09T12:09:20.298+0000] {dag.py:3089} INFO - Sync 1 DAGs
[2026-09-09T12:09:20.346+0000] {logging_mixin.py:188} INFO - [2026-09-09T12:09:20.346+0000] {dag.py:3947} INFO - Setting next_dagrun for maritime_intelligence_pipeline to 2026-09-08 00:00:00+00:00, run_after=2026-09-09 00:00:00+00:00
[2026-09-09T12:09:20.383+0000] {processor.py:183} INFO - Processing /opt/airflow/dags/maritime_intelligence_pipeline.py took 0.202 seconds
[2026-09-09T12:09:50.537+0000] {processor.py:161} INFO - Started process (PID=1280) to work on /opt/airflow/dags/maritime_intelligence_pipeline.py
[2026-09-09T12:09:50.540+0000] {processor.py:830} INFO - Processing file /opt/airflow/dags/maritime_intelligence_pipeline.py for tasks to queue
[2026-09-09T12:09:50.544+0000] {logging_mixin.py:188} INFO - [2026-09-09T12:09:50.543+0000] {dagbag.py:545} INFO - Filling up the DagBag from /opt/airflow/dags/maritime_intelligence_pipeline.py
[2026-09-09T12:09:50.588+0000] {processor.py:840} INFO - DAG(s) 'maritime_intelligence_pipeline' retrieved from /opt/airflow/dags/maritime_intelligence_pipeline.py
[2026-09-09T12:09:50.642+0000] {logging_mixin.py:188} INFO - [2026-09-09T12:09:50.642+0000] {dag.py:3089} INFO - Sync 1 DAGs
[2026-09-09T12:09:50.704+0000] {logging_mixin.py:188} INFO - [2026-09-09T12:09:50.703+0000] {dag.py:3947} INFO - Setting next_dagrun for maritime_intelligence_pipeline to 2026-09-08 00:00:00+00:00, run_after=2026-09-09 00:00:00+00:00
[2026-09-09T12:09:50.744+0000] {processor.py:183} INFO - Processing /opt/airflow/dags/maritime_intelligence_pipeline.py took 0.218 seconds
[2026-09-09T12:10:20.822+0000] {processor.py:161} INFO - Started process (PID=1285) to work on /opt/airflow/dags/maritime_intelligence_pipeline.py
[2026-09-09T12:10:20.824+0000] {processor.py:830} INFO - Processing file /opt/airflow/dags/maritime_intelligence_pipeline.py for tasks to queue
[2026-09-09T12:10:20.828+0000] {logging_mixin.py:188} INFO - [2026-09-09T12:10:20.828+0000] {dagbag.py:545} INFO - Filling up the DagBag from /opt/airflow/dags/maritime_intelligence_pipeline.py
[2026-09-09T12:10:20.871+0000] {processor.py:840} INFO - DAG(s) 'maritime_intelligence_pipeline' retrieved from /opt/airflow/dags/maritime_intelligence_pipeline.py
[2026-09-09T12:10:20.927+0000] {logging_mixin.py:188} INFO - [2026-09-09T12:10:20.927+0000] {dag.py:3089} INFO - Sync 1 DAGs
[2026-09-09T12:10:20.990+0000] {logging_mixin.py:188} INFO - [2026-09-09T12:10:20.989+0000] {dag.py:3947} INFO - Setting next_dagrun for maritime_intelligence_pipeline to 2026-09-08 00:00:00+00:00, run_after=2026-09-09 00:00:00+00:00
[2026-09-09T12:10:21.067+0000] {processor.py:183} INFO - Processing /opt/airflow/dags/maritime_intelligence_pipeline.py took 0.254 seconds
[2026-09-09T12:10:51.383+0000] {processor.py:161} INFO - Started process (PID=1290) to work on /opt/airflow/dags/maritime_intelligence_pipeline.py
[2026-09-09T12:10:51.385+0000] {processor.py:830} INFO - Processing file /opt/airflow/dags/maritime_intelligence_pipeline.py for tasks to queue
[2026-09-09T12:10:51.389+0000] {logging_mixin.py:188} INFO - [2026-09-09T12:10:51.388+0000] {dagbag.py:545} INFO - Filling up the DagBag from /opt/airflow/dags/maritime_intelligence_pipeline.py
[2026-09-09T12:10:51.423+0000] {processor.py:840} INFO - DAG(s) 'maritime_intelligence_pipeline' retrieved from /opt/airflow/dags/maritime_intelligence_pipeline.py
[2026-09-09T12:10:51.471+0000] {logging_mixin.py:188} INFO - [2026-09-09T12:10:51.471+0000] {dag.py:3089} INFO - Sync 1 DAGs
[2026-09-09T12:10:51.508+0000] {logging_mixin.py:188} INFO - [2026-09-09T12:10:51.507+0000] {dag.py:3947} INFO - Setting next_dagrun for maritime_intelligence_pipeline to 2026-09-08 00:00:00+00:00, run_after=2026-09-09 00:00:00+00:00
[2026-09-09T12:10:51.538+0000] {processor.py:183} INFO - Processing /opt/airflow/dags/maritime_intelligence_pipeline.py took 0.172 seconds
[2026-09-09T12:11:21.783+0000] {processor.py:161} INFO - Started process (PID=1295) to work on /opt/airflow/dags/maritime_intelligence_pipeline.py
[2026-09-09T12:11:21.784+0000] {processor.py:830} INFO - Processing file /opt/airflow/dags/maritime_intelligence_pipeline.py for tasks to queue
[2026-09-09T12:11:21.788+0000] {logging_mixin.py:188} INFO - [2026-09-09T12:11:21.787+0000] {dagbag.py:545} INFO - Filling up the DagBag from /opt/airflow/dags/maritime_intelligence_pipeline.py
[2026-09-09T12:11:21.825+0000] {processor.py:840} INFO - DAG(s) 'maritime_intelligence_pipeline' retrieved from /opt/airflow/dags/maritime_intelligence_pipeline.py
[2026-09-09T12:11:21.866+0000] {logging_mixin.py:188} INFO - [2026-09-09T12:11:21.866+0000] {dag.py:3089} INFO - Sync 1 DAGs
[2026-09-09T12:11:21.897+0000] {logging_mixin.py:188} INFO - [2026-09-09T12:11:21.896+0000] {dag.py:3947} INFO - Setting next_dagrun for maritime_intelligence_pipeline to 2026-09-08 00:00:00+00:00, run_after=2026-09-09 00:00:00+00:00
[2026-09-09T12:11:21.930+0000] {processor.py:183} INFO - Processing /opt/airflow/dags/maritime_intelligence_pipeline.py took 0.157 seconds
[2026-09-09T12:11:52.057+0000] {processor.py:161} INFO - Started process (PID=1300) to work on /opt/airflow/dags/maritime_intelligence_pipeline.py
[2026-09-09T12:11:52.060+0000] {processor.py:830} INFO - Processing file /opt/airflow/dags/maritime_intelligence_pipeline.py for tasks to queue
[2026-09-09T12:11:52.064+0000] {logging_mixin.py:188} INFO - [2026-09-09T12:11:52.063+0000] {dagbag.py:545} INFO - Filling up the DagBag from /opt/airflow/dags/maritime_intelligence_pipeline.py
[2026-09-09T12:11:52.103+0000] {processor.py:840} INFO - DAG(s) 'maritime_intelligence_pipeline' retrieved from /opt/airflow/dags/maritime_intelligence_pipeline.py
[2026-09-09T12:11:52.154+0000] {logging_mixin.py:188} INFO - [2026-09-09T12:11:52.153+0000] {dag.py:3089} INFO - Sync 1 DAGs
[2026-09-09T12:11:52.206+0000] {logging_mixin.py:188} INFO - [2026-09-09T12:11:52.206+0000] {dag.py:3947} INFO - Setting next_dagrun for maritime_intelligence_pipeline to 2026-09-08 00:00:00+00:00, run_after=2026-09-09 00:00:00+00:00
[2026-09-09T12:11:52.241+0000] {processor.py:183} INFO - Processing /opt/airflow/dags/maritime_intelligence_pipeline.py took 0.196 seconds
[2026-09-09T12:12:22.460+0000] {processor.py:161} INFO - Started process (PID=1305) to work on /opt/airflow/dags/maritime_intelligence_pipeline.py
[2026-09-09T12:12:22.462+0000] {processor.py:830} INFO - Processing file /opt/airflow/dags/maritime_intelligence_pipeline.py for tasks to queue
[2026-09-09T12:12:22.466+0000] {logging_mixin.py:188} INFO - [2026-09-09T12:12:22.465+0000] {dagbag.py:545} INFO - Filling up the DagBag from /opt/airflow/dags/maritime_intelligence_pipeline.py
[2026-09-09T12:12:22.507+0000] {processor.py:840} INFO - DAG(s) 'maritime_intelligence_pipeline' retrieved from /opt/airflow/dags/maritime_intelligence_pipeline.py
[2026-09-09T12:12:22.553+0000] {logging_mixin.py:188} INFO - [2026-09-09T12:12:22.552+0000] {dag.py:3089} INFO - Sync 1 DAGs
[2026-09-09T12:12:22.588+0000] {logging_mixin.py:188} INFO - [2026-09-09T12:12:22.587+0000] {dag.py:3947} INFO - Setting next_dagrun for maritime_intelligence_pipeline to 2026-09-08 00:00:00+00:00, run_after=2026-09-09 00:00:00+00:00
[2026-09-09T12:12:22.617+0000] {processor.py:183} INFO - Processing /opt/airflow/dags/maritime_intelligence_pipeline.py took 0.170 seconds
[2026-09-09T12:12:52.771+0000] {processor.py:161} INFO - Started process (PID=1310) to work on /opt/airflow/dags/maritime_intelligence_pipeline.py
[2026-09-09T12:12:52.774+0000] {processor.py:830} INFO - Processing file /opt/airflow/dags/maritime_intelligence_pipeline.py for tasks to queue
[2026-09-09T12:12:52.778+0000] {logging_mixin.py:188} INFO - [2026-09-09T12:12:52.778+0000] {dagbag.py:545} INFO - Filling up the DagBag from /opt/airflow/dags/maritime_intelligence_pipeline.py
[2026-09-09T12:12:52.819+0000] {processor.py:840} INFO - DAG(s) 'maritime_intelligence_pipeline' retrieved from /opt/airflow/dags/maritime_intelligence_pipeline.py
[2026-09-09T12:12:52.868+0000] {logging_mixin.py:188} INFO - [2026-09-09T12:12:52.867+0000] {dag.py:3089} INFO - Sync 1 DAGs
[2026-09-09T12:12:52.915+0000] {logging_mixin.py:188} INFO - [2026-09-09T12:12:52.915+0000] {dag.py:3947} INFO - Setting next_dagrun for maritime_intelligence_pipeline to 2026-09-08 00:00:00+00:00, run_after=2026-09-09 00:00:00+00:00
[2026-09-09T12:12:53.021+0000] {processor.py:183} INFO - Processing /opt/airflow/dags/maritime_intelligence_pipeline.py took 0.260 seconds
[2026-09-09T12:13:23.120+0000] {processor.py:161} INFO - Started process (PID=1315) to work on /opt/airflow/dags/maritime_intelligence_pipeline.py
[2026-09-09T12:13:23.123+0000] {processor.py:830} INFO - Processing file /opt/airflow/dags/maritime_intelligence_pipeline.py for tasks to queue
[2026-09-09T12:13:23.129+0000] {logging_mixin.py:188} INFO - [2026-09-09T12:13:23.128+0000] {dagbag.py:545} INFO - Filling up the DagBag from /opt/airflow/dags/maritime_intelligence_pipeline.py
[2026-09-09T12:13:23.174+0000] {processor.py:840} INFO - DAG(s) 'maritime_intelligence_pipeline' retrieved from /opt/airflow/dags/maritime_intelligence_pipeline.py
[2026-09-09T12:13:23.224+0000] {logging_mixin.py:188} INFO - [2026-09-09T12:13:23.224+0000] {dag.py:3089} INFO - Sync 1 DAGs
[2026-09-09T12:13:23.259+0000] {logging_mixin.py:188} INFO - [2026-09-09T12:13:23.259+0000] {dag.py:3947} INFO - Setting next_dagrun for maritime_intelligence_pipeline to 2026-09-08 00:00:00+00:00, run_after=2026-09-09 00:00:00+00:00
[2026-09-09T12:13:23.309+0000] {processor.py:183} INFO - Processing /opt/airflow/dags/maritime_intelligence_pipeline.py took 0.204 seconds
[2026-09-09T12:13:53.480+0000] {processor.py:161} INFO - Started process (PID=1320) to work on /opt/airflow/dags/maritime_intelligence_pipeline.py
[2026-09-09T12:13:53.483+0000] {processor.py:830} INFO - Processing file /opt/airflow/dags/maritime_intelligence_pipeline.py for tasks to queue
[2026-09-09T12:13:53.487+0000] {logging_mixin.py:188} INFO - [2026-09-09T12:13:53.487+0000] {dagbag.py:545} INFO - Filling up the DagBag from /opt/airflow/dags/maritime_intelligence_pipeline.py
[2026-09-09T12:13:53.530+0000] {processor.py:840} INFO - DAG(s) 'maritime_intelligence_pipeline' retrieved from /opt/airflow/dags/maritime_intelligence_pipeline.py
[2026-09-09T12:13:53.588+0000] {logging_mixin.py:188} INFO - [2026-09-09T12:13:53.587+0000] {dag.py:3089} INFO - Sync 1 DAGs
[2026-09-09T12:13:53.627+0000] {logging_mixin.py:188} INFO - [2026-09-09T12:13:53.627+0000] {dag.py:3947} INFO - Setting next_dagrun for maritime_intelligence_pipeline to 2026-09-08 00:00:00+00:00, run_after=2026-09-09 00:00:00+00:00
[2026-09-09T12:13:53.689+0000] {processor.py:183} INFO - Processing /opt/airflow/dags/maritime_intelligence_pipeline.py took 0.222 seconds
[2026-09-09T12:14:23.981+0000] {processor.py:161} INFO - Started process (PID=1325) to work on /opt/airflow/dags/maritime_intelligence_pipeline.py
[2026-09-09T12:14:23.984+0000] {processor.py:830} INFO - Processing file /opt/airflow/dags/maritime_intelligence_pipeline.py for tasks to queue
[2026-09-09T12:14:23.988+0000] {logging_mixin.py:188} INFO - [2026-09-09T12:14:23.988+0000] {dagbag.py:545} INFO - Filling up the DagBag from /opt/airflow/dags/maritime_intelligence_pipeline.py
[2026-09-09T12:14:24.030+0000] {processor.py:840} INFO - DAG(s) 'maritime_intelligence_pipeline' retrieved from /opt/airflow/dags/maritime_intelligence_pipeline.py
[2026-09-09T12:14:24.090+0000] {logging_mixin.py:188} INFO - [2026-09-09T12:14:24.089+0000] {dag.py:3089} INFO - Sync 1 DAGs
[2026-09-09T12:14:24.130+0000] {logging_mixin.py:188} INFO - [2026-09-09T12:14:24.129+0000] {dag.py:3947} INFO - Setting next_dagrun for maritime_intelligence_pipeline to 2026-09-08 00:00:00+00:00, run_after=2026-09-09 00:00:00+00:00
[2026-09-09T12:14:24.169+0000] {processor.py:183} INFO - Processing /opt/airflow/dags/maritime_intelligence_pipeline.py took 0.199 seconds
[2026-09-09T12:14:54.497+0000] {processor.py:161} INFO - Started process (PID=1330) to work on /opt/airflow/dags/maritime_intelligence_pipeline.py
[2026-09-09T12:14:54.499+0000] {processor.py:830} INFO - Processing file /opt/airflow/dags/maritime_intelligence_pipeline.py for tasks to queue
[2026-09-09T12:14:54.503+0000] {logging_mixin.py:188} INFO - [2026-09-09T12:14:54.502+0000] {dagbag.py:545} INFO - Filling up the DagBag from /opt/airflow/dags/maritime_intelligence_pipeline.py
[2026-09-09T12:14:54.543+0000] {processor.py:840} INFO - DAG(s) 'maritime_intelligence_pipeline' retrieved from /opt/airflow/dags/maritime_intelligence_pipeline.py
[2026-09-09T12:14:54.602+0000] {logging_mixin.py:188} INFO - [2026-09-09T12:14:54.601+0000] {dag.py:3089} INFO - Sync 1 DAGs
[2026-09-09T12:14:54.642+0000] {logging_mixin.py:188} INFO - [2026-09-09T12:14:54.641+0000] {dag.py:3947} INFO - Setting next_dagrun for maritime_intelligence_pipeline to 2026-09-08 00:00:00+00:00, run_after=2026-09-09 00:00:00+00:00
[2026-09-09T12:14:54.679+0000] {processor.py:183} INFO - Processing /opt/airflow/dags/maritime_intelligence_pipeline.py took 0.192 seconds
[2026-09-09T12:15:24.955+0000] {processor.py:161} INFO - Started process (PID=1341) to work on /opt/airflow/dags/maritime_intelligence_pipeline.py
[2026-09-09T12:15:24.957+0000] {processor.py:830} INFO - Processing file /opt/airflow/dags/maritime_intelligence_pipeline.py for tasks to queue
[2026-09-09T12:15:24.962+0000] {logging_mixin.py:188} INFO - [2026-09-09T12:15:24.961+0000] {dagbag.py:545} INFO - Filling up the DagBag from /opt/airflow/dags/maritime_intelligence_pipeline.py
[2026-09-09T12:15:25.007+0000] {processor.py:840} INFO - DAG(s) 'maritime_intelligence_pipeline' retrieved from /opt/airflow/dags/maritime_intelligence_pipeline.py
[2026-09-09T12:15:25.071+0000] {logging_mixin.py:188} INFO - [2026-09-09T12:15:25.071+0000] {dag.py:3089} INFO - Sync 1 DAGs
[2026-09-09T12:15:25.217+0000] {logging_mixin.py:188} INFO - [2026-09-09T12:15:25.216+0000] {dag.py:3947} INFO - Setting next_dagrun for maritime_intelligence_pipeline to 2026-09-08 00:00:00+00:00, run_after=2026-09-09 00:00:00+00:00
[2026-09-09T12:15:25.252+0000] {processor.py:183} INFO - Processing /opt/airflow/dags/maritime_intelligence_pipeline.py took 0.306 seconds
[2026-09-09T12:15:55.525+0000] {processor.py:161} INFO - Started process (PID=1346) to work on /opt/airflow/dags/maritime_intelligence_pipeline.py
[2026-09-09T12:15:55.528+0000] {processor.py:830} INFO - Processing file /opt/airflow/dags/maritime_intelligence_pipeline.py for tasks to queue
[2026-09-09T12:15:55.532+0000] {logging_mixin.py:188} INFO - [2026-09-09T12:15:55.532+0000] {dagbag.py:545} INFO - Filling up the DagBag from /opt/airflow/dags/maritime_intelligence_pipeline.py
[2026-09-09T12:15:55.571+0000] {processor.py:840} INFO - DAG(s) 'maritime_intelligence_pipeline' retrieved from /opt/airflow/dags/maritime_intelligence_pipeline.py
[2026-09-09T12:15:55.619+0000] {logging_mixin.py:188} INFO - [2026-09-09T12:15:55.619+0000] {dag.py:3089} INFO - Sync 1 DAGs
[2026-09-09T12:15:55.666+0000] {logging_mixin.py:188} INFO - [2026-09-09T12:15:55.665+0000] {dag.py:3947} INFO - Setting next_dagrun for maritime_intelligence_pipeline to 2026-09-08 00:00:00+00:00, run_after=2026-09-09 00:00:00+00:00
[2026-09-09T12:15:55.760+0000] {processor.py:183} INFO - Processing /opt/airflow/dags/maritime_intelligence_pipeline.py took 0.246 seconds
[2026-09-09T12:16:25.927+0000] {processor.py:161} INFO - Started process (PID=1351) to work on /opt/airflow/dags/maritime_intelligence_pipeline.py
[2026-09-09T12:16:25.929+0000] {processor.py:830} INFO - Processing file /opt/airflow/dags/maritime_intelligence_pipeline.py for tasks to queue
[2026-09-09T12:16:25.935+0000] {logging_mixin.py:188} INFO - [2026-09-09T12:16:25.934+0000] {dagbag.py:545} INFO - Filling up the DagBag from /opt/airflow/dags/maritime_intelligence_pipeline.py
[2026-09-09T12:16:25.981+0000] {processor.py:840} INFO - DAG(s) 'maritime_intelligence_pipeline' retrieved from /opt/airflow/dags/maritime_intelligence_pipeline.py
[2026-09-09T12:16:26.030+0000] {logging_mixin.py:188} INFO - [2026-09-09T12:16:26.029+0000] {dag.py:3089} INFO - Sync 1 DAGs
[2026-09-09T12:16:26.076+0000] {logging_mixin.py:188} INFO - [2026-09-09T12:16:26.075+0000] {dag.py:3947} INFO - Setting next_dagrun for maritime_intelligence_pipeline to 2026-09-08 00:00:00+00:00, run_after=2026-09-09 00:00:00+00:00
[2026-09-09T12:16:26.110+0000] {processor.py:183} INFO - Processing /opt/airflow/dags/maritime_intelligence_pipeline.py took 0.195 seconds
[2026-09-09T12:16:56.213+0000] {processor.py:161} INFO - Started process (PID=1356) to work on /opt/airflow/dags/maritime_intelligence_pipeline.py
[2026-09-09T12:16:56.215+0000] {processor.py:830} INFO - Processing file /opt/airflow/dags/maritime_intelligence_pipeline.py for tasks to queue
[2026-09-09T12:16:56.219+0000] {logging_mixin.py:188} INFO - [2026-09-09T12:16:56.219+0000] {dagbag.py:545} INFO - Filling up the DagBag from /opt/airflow/dags/maritime_intelligence_pipeline.py
[2026-09-09T12:16:56.254+0000] {processor.py:840} INFO - DAG(s) 'maritime_intelligence_pipeline' retrieved from /opt/airflow/dags/maritime_intelligence_pipeline.py
[2026-09-09T12:16:56.303+0000] {logging_mixin.py:188} INFO - [2026-09-09T12:16:56.302+0000] {dag.py:3089} INFO - Sync 1 DAGs
[2026-09-09T12:16:56.339+0000] {logging_mixin.py:188} INFO - [2026-09-09T12:16:56.339+0000] {dag.py:3947} INFO - Setting next_dagrun for maritime_intelligence_pipeline to 2026-09-08 00:00:00+00:00, run_after=2026-09-09 00:00:00+00:00
[2026-09-09T12:16:56.372+0000] {processor.py:183} INFO - Processing /opt/airflow/dags/maritime_intelligence_pipeline.py took 0.170 seconds
[2026-09-09T12:17:26.552+0000] {processor.py:161} INFO - Started process (PID=1361) to work on /opt/airflow/dags/maritime_intelligence_pipeline.py
[2026-09-09T12:17:26.555+0000] {processor.py:830} INFO - Processing file /opt/airflow/dags/maritime_intelligence_pipeline.py for tasks to queue
[2026-09-09T12:17:26.560+0000] {logging_mixin.py:188} INFO - [2026-09-09T12:17:26.560+0000] {dagbag.py:545} INFO - Filling up the DagBag from /opt/airflow/dags/maritime_intelligence_pipeline.py
[2026-09-09T12:17:26.601+0000] {processor.py:840} INFO - DAG(s) 'maritime_intelligence_pipeline' retrieved from /opt/airflow/dags/maritime_intelligence_pipeline.py
[2026-09-09T12:17:26.651+0000] {logging_mixin.py:188} INFO - [2026-09-09T12:17:26.651+0000] {dag.py:3089} INFO - Sync 1 DAGs
[2026-09-09T12:17:26.698+0000] {logging_mixin.py:188} INFO - [2026-09-09T12:17:26.698+0000] {dag.py:3947} INFO - Setting next_dagrun for maritime_intelligence_pipeline to 2026-09-08 00:00:00+00:00, run_after=2026-09-09 00:00:00+00:00
[2026-09-09T12:17:26.732+0000] {processor.py:183} INFO - Processing /opt/airflow/dags/maritime_intelligence_pipeline.py took 0.191 seconds
[2026-09-09T12:17:56.964+0000] {processor.py:161} INFO - Started process (PID=1366) to work on /opt/airflow/dags/maritime_intelligence_pipeline.py
[2026-09-09T12:17:56.967+0000] {processor.py:830} INFO - Processing file /opt/airflow/dags/maritime_intelligence_pipeline.py for tasks to queue
[2026-09-09T12:17:56.972+0000] {logging_mixin.py:188} INFO - [2026-09-09T12:17:56.971+0000] {dagbag.py:545} INFO - Filling up the DagBag from /opt/airflow/dags/maritime_intelligence_pipeline.py
[2026-09-09T12:17:57.014+0000] {processor.py:840} INFO - DAG(s) 'maritime_intelligence_pipeline' retrieved from /opt/airflow/dags/maritime_intelligence_pipeline.py
[2026-09-09T12:17:57.059+0000] {logging_mixin.py:188} INFO - [2026-09-09T12:17:57.059+0000] {dag.py:3089} INFO - Sync 1 DAGs
[2026-09-09T12:17:57.092+0000] {logging_mixin.py:188} INFO - [2026-09-09T12:17:57.091+0000] {dag.py:3947} INFO - Setting next_dagrun for maritime_intelligence_pipeline to 2026-09-08 00:00:00+00:00, run_after=2026-09-09 00:00:00+00:00
[2026-09-09T12:17:57.121+0000] {processor.py:183} INFO - Processing /opt/airflow/dags/maritime_intelligence_pipeline.py took 0.169 seconds
[2026-09-09T12:18:27.197+0000] {processor.py:161} INFO - Started process (PID=1371) to work on /opt/airflow/dags/maritime_intelligence_pipeline.py
[2026-09-09T12:18:27.201+0000] {processor.py:830} INFO - Processing file /opt/airflow/dags/maritime_intelligence_pipeline.py for tasks to queue
[2026-09-09T12:18:27.204+0000] {logging_mixin.py:188} INFO - [2026-09-09T12:18:27.204+0000] {dagbag.py:545} INFO - Filling up the DagBag from /opt/airflow/dags/maritime_intelligence_pipeline.py
[2026-09-09T12:18:27.241+0000] {processor.py:840} INFO - DAG(s) 'maritime_intelligence_pipeline' retrieved from /opt/airflow/dags/maritime_intelligence_pipeline.py
[2026-09-09T12:18:27.289+0000] {logging_mixin.py:188} INFO - [2026-09-09T12:18:27.288+0000] {dag.py:3089} INFO - Sync 1 DAGs
[2026-09-09T12:18:27.325+0000] {logging_mixin.py:188} INFO - [2026-09-09T12:18:27.325+0000] {dag.py:3947} INFO - Setting next_dagrun for maritime_intelligence_pipeline to 2026-09-08 00:00:00+00:00, run_after=2026-09-09 00:00:00+00:00
[2026-09-09T12:18:27.358+0000] {processor.py:183} INFO - Processing /opt/airflow/dags/maritime_intelligence_pipeline.py took 0.171 seconds
[2026-09-09T12:18:57.705+0000] {processor.py:161} INFO - Started process (PID=1376) to work on /opt/airflow/dags/maritime_intelligence_pipeline.py
[2026-09-09T12:18:57.708+0000] {processor.py:830} INFO - Processing file /opt/airflow/dags/maritime_intelligence_pipeline.py for tasks to queue
[2026-09-09T12:18:57.711+0000] {logging_mixin.py:188} INFO - [2026-09-09T12:18:57.711+0000] {dagbag.py:545} INFO - Filling up the DagBag from /opt/airflow/dags/maritime_intelligence_pipeline.py
[2026-09-09T12:18:57.751+0000] {processor.py:840} INFO - DAG(s) 'maritime_intelligence_pipeline' retrieved from /opt/airflow/dags/maritime_intelligence_pipeline.py
[2026-09-09T12:18:57.797+0000] {logging_mixin.py:188} INFO - [2026-09-09T12:18:57.797+0000] {dag.py:3089} INFO - Sync 1 DAGs
[2026-09-09T12:18:57.838+0000] {logging_mixin.py:188} INFO - [2026-09-09T12:18:57.837+0000] {dag.py:3947} INFO - Setting next_dagrun for maritime_intelligence_pipeline to 2026-09-08 00:00:00+00:00, run_after=2026-09-09 00:00:00+00:00
[2026-09-09T12:18:57.874+0000] {processor.py:183} INFO - Processing /opt/airflow/dags/maritime_intelligence_pipeline.py took 0.181 seconds
[2026-09-09T12:19:28.023+0000] {processor.py:161} INFO - Started process (PID=1381) to work on /opt/airflow/dags/maritime_intelligence_pipeline.py
[2026-09-09T12:19:28.026+0000] {processor.py:830} INFO - Processing file /opt/airflow/dags/maritime_intelligence_pipeline.py for tasks to queue
[2026-09-09T12:19:28.031+0000] {logging_mixin.py:188} INFO - [2026-09-09T12:19:28.030+0000] {dagbag.py:545} INFO - Filling up the DagBag from /opt/airflow/dags/maritime_intelligence_pipeline.py
[2026-09-09T12:19:28.077+0000] {processor.py:840} INFO - DAG(s) 'maritime_intelligence_pipeline' retrieved from /opt/airflow/dags/maritime_intelligence_pipeline.py
[2026-09-09T12:19:28.130+0000] {logging_mixin.py:188} INFO - [2026-09-09T12:19:28.130+0000] {dag.py:3089} INFO - Sync 1 DAGs
[2026-09-09T12:19:28.180+0000] {logging_mixin.py:188} INFO - [2026-09-09T12:19:28.179+0000] {dag.py:3947} INFO - Setting next_dagrun for maritime_intelligence_pipeline to 2026-09-08 00:00:00+00:00, run_after=2026-09-09 00:00:00+00:00
[2026-09-09T12:19:28.216+0000] {processor.py:183} INFO - Processing /opt/airflow/dags/maritime_intelligence_pipeline.py took 0.210 seconds
[2026-09-09T12:19:58.386+0000] {processor.py:161} INFO - Started process (PID=1386) to work on /opt/airflow/dags/maritime_intelligence_pipeline.py
[2026-09-09T12:19:58.388+0000] {processor.py:830} INFO - Processing file /opt/airflow/dags/maritime_intelligence_pipeline.py for tasks to queue
[2026-09-09T12:19:58.392+0000] {logging_mixin.py:188} INFO - [2026-09-09T12:19:58.392+0000] {dagbag.py:545} INFO - Filling up the DagBag from /opt/airflow/dags/maritime_intelligence_pipeline.py
[2026-09-09T12:19:58.435+0000] {processor.py:840} INFO - DAG(s) 'maritime_intelligence_pipeline' retrieved from /opt/airflow/dags/maritime_intelligence_pipeline.py
[2026-09-09T12:19:58.490+0000] {logging_mixin.py:188} INFO - [2026-09-09T12:19:58.489+0000] {dag.py:3089} INFO - Sync 1 DAGs
[2026-09-09T12:19:58.542+0000] {logging_mixin.py:188} INFO - [2026-09-09T12:19:58.541+0000] {dag.py:3947} INFO - Setting next_dagrun for maritime_intelligence_pipeline to 2026-09-08 00:00:00+00:00, run_after=2026-09-09 00:00:00+00:00
[2026-09-09T12:19:58.582+0000] {processor.py:183} INFO - Processing /opt/airflow/dags/maritime_intelligence_pipeline.py took 0.209 seconds
[2026-09-09T12:20:28.719+0000] {processor.py:161} INFO - Started process (PID=1391) to work on /opt/airflow/dags/maritime_intelligence_pipeline.py
[2026-09-09T12:20:28.722+0000] {processor.py:830} INFO - Processing file /opt/airflow/dags/maritime_intelligence_pipeline.py for tasks to queue
[2026-09-09T12:20:28.726+0000] {logging_mixin.py:188} INFO - [2026-09-09T12:20:28.726+0000] {dagbag.py:545} INFO - Filling up the DagBag from /opt/airflow/dags/maritime_intelligence_pipeline.py
[2026-09-09T12:20:28.777+0000] {processor.py:840} INFO - DAG(s) 'maritime_intelligence_pipeline' retrieved from /opt/airflow/dags/maritime_intelligence_pipeline.py
[2026-09-09T12:20:28.846+0000] {logging_mixin.py:188} INFO - [2026-09-09T12:20:28.845+0000] {dag.py:3089} INFO - Sync 1 DAGs
[2026-09-09T12:20:28.894+0000] {logging_mixin.py:188} INFO - [2026-09-09T12:20:28.894+0000] {dag.py:3947} INFO - Setting next_dagrun for maritime_intelligence_pipeline to 2026-09-08 00:00:00+00:00, run_after=2026-09-09 00:00:00+00:00
[2026-09-09T12:20:28.928+0000] {processor.py:183} INFO - Processing /opt/airflow/dags/maritime_intelligence_pipeline.py took 0.223 seconds
[2026-09-09T12:20:59.076+0000] {processor.py:161} INFO - Started process (PID=1396) to work on /opt/airflow/dags/maritime_intelligence_pipeline.py
[2026-09-09T12:20:59.079+0000] {processor.py:830} INFO - Processing file /opt/airflow/dags/maritime_intelligence_pipeline.py for tasks to queue
[2026-09-09T12:20:59.083+0000] {logging_mixin.py:188} INFO - [2026-09-09T12:20:59.082+0000] {dagbag.py:545} INFO - Filling up the DagBag from /opt/airflow/dags/maritime_intelligence_pipeline.py
[2026-09-09T12:20:59.133+0000] {processor.py:840} INFO - DAG(s) 'maritime_intelligence_pipeline' retrieved from /opt/airflow/dags/maritime_intelligence_pipeline.py
[2026-09-09T12:20:59.190+0000] {logging_mixin.py:188} INFO - [2026-09-09T12:20:59.190+0000] {dag.py:3089} INFO - Sync 1 DAGs
[2026-09-09T12:20:59.230+0000] {logging_mixin.py:188} INFO - [2026-09-09T12:20:59.230+0000] {dag.py:3947} INFO - Setting next_dagrun for maritime_intelligence_pipeline to 2026-09-08 00:00:00+00:00, run_after=2026-09-09 00:00:00+00:00
[2026-09-09T12:20:59.264+0000] {processor.py:183} INFO - Processing /opt/airflow/dags/maritime_intelligence_pipeline.py took 0.201 seconds
[2026-09-09T12:21:29.514+0000] {processor.py:161} INFO - Started process (PID=1401) to work on /opt/airflow/dags/maritime_intelligence_pipeline.py
[2026-09-09T12:21:29.517+0000] {processor.py:830} INFO - Processing file /opt/airflow/dags/maritime_intelligence_pipeline.py for tasks to queue
[2026-09-09T12:21:29.520+0000] {logging_mixin.py:188} INFO - [2026-09-09T12:21:29.520+0000] {dagbag.py:545} INFO - Filling up the DagBag from /opt/airflow/dags/maritime_intelligence_pipeline.py
[2026-09-09T12:21:29.570+0000] {processor.py:840} INFO - DAG(s) 'maritime_intelligence_pipeline' retrieved from /opt/airflow/dags/maritime_intelligence_pipeline.py
[2026-09-09T12:21:29.622+0000] {logging_mixin.py:188} INFO - [2026-09-09T12:21:29.621+0000] {dag.py:3089} INFO - Sync 1 DAGs
[2026-09-09T12:21:29.664+0000] {logging_mixin.py:188} INFO - [2026-09-09T12:21:29.664+0000] {dag.py:3947} INFO - Setting next_dagrun for maritime_intelligence_pipeline to 2026-09-08 00:00:00+00:00, run_after=2026-09-09 00:00:00+00:00
[2026-09-09T12:21:29.697+0000] {processor.py:183} INFO - Processing /opt/airflow/dags/maritime_intelligence_pipeline.py took 0.191 seconds
[2026-09-09T12:21:59.773+0000] {processor.py:161} INFO - Started process (PID=1406) to work on /opt/airflow/dags/maritime_intelligence_pipeline.py
[2026-09-09T12:21:59.776+0000] {processor.py:830} INFO - Processing file /opt/airflow/dags/maritime_intelligence_pipeline.py for tasks to queue
[2026-09-09T12:21:59.781+0000] {logging_mixin.py:188} INFO - [2026-09-09T12:21:59.780+0000] {dagbag.py:545} INFO - Filling up the DagBag from /opt/airflow/dags/maritime_intelligence_pipeline.py
[2026-09-09T12:21:59.823+0000] {processor.py:840} INFO - DAG(s) 'maritime_intelligence_pipeline' retrieved from /opt/airflow/dags/maritime_intelligence_pipeline.py
[2026-09-09T12:21:59.882+0000] {logging_mixin.py:188} INFO - [2026-09-09T12:21:59.882+0000] {dag.py:3089} INFO - Sync 1 DAGs
[2026-09-09T12:21:59.921+0000] {logging_mixin.py:188} INFO - [2026-09-09T12:21:59.921+0000] {dag.py:3947} INFO - Setting next_dagrun for maritime_intelligence_pipeline to 2026-09-08 00:00:00+00:00, run_after=2026-09-09 00:00:00+00:00
[2026-09-09T12:21:59.953+0000] {processor.py:183} INFO - Processing /opt/airflow/dags/maritime_intelligence_pipeline.py took 0.193 seconds
[2026-09-09T12:22:30.162+0000] {processor.py:161} INFO - Started process (PID=1411) to work on /opt/airflow/dags/maritime_intelligence_pipeline.py
[2026-09-09T12:22:30.165+0000] {processor.py:830} INFO - Processing file /opt/airflow/dags/maritime_intelligence_pipeline.py for tasks to queue
[2026-09-09T12:22:30.169+0000] {logging_mixin.py:188} INFO - [2026-09-09T12:22:30.168+0000] {dagbag.py:545} INFO - Filling up the DagBag from /opt/airflow/dags/maritime_intelligence_pipeline.py
[2026-09-09T12:22:30.211+0000] {processor.py:840} INFO - DAG(s) 'maritime_intelligence_pipeline' retrieved from /opt/airflow/dags/maritime_intelligence_pipeline.py
[2026-09-09T12:22:30.267+0000] {logging_mixin.py:188} INFO - [2026-09-09T12:22:30.267+0000] {dag.py:3089} INFO - Sync 1 DAGs
[2026-09-09T12:22:30.304+0000] {logging_mixin.py:188} INFO - [2026-09-09T12:22:30.304+0000] {dag.py:3947} INFO - Setting next_dagrun for maritime_intelligence_pipeline to 2026-09-08 00:00:00+00:00, run_after=2026-09-09 00:00:00+00:00
[2026-09-09T12:22:30.335+0000] {processor.py:183} INFO - Processing /opt/airflow/dags/maritime_intelligence_pipeline.py took 0.186 seconds
[2026-09-09T12:23:00.532+0000] {processor.py:161} INFO - Started process (PID=1416) to work on /opt/airflow/dags/maritime_intelligence_pipeline.py
[2026-09-09T12:23:00.536+0000] {processor.py:830} INFO - Processing file /opt/airflow/dags/maritime_intelligence_pipeline.py for tasks to queue
[2026-09-09T12:23:00.542+0000] {logging_mixin.py:188} INFO - [2026-09-09T12:23:00.541+0000] {dagbag.py:545} INFO - Filling up the DagBag from /opt/airflow/dags/maritime_intelligence_pipeline.py
[2026-09-09T12:23:00.597+0000] {processor.py:840} INFO - DAG(s) 'maritime_intelligence_pipeline' retrieved from /opt/airflow/dags/maritime_intelligence_pipeline.py
[2026-09-09T12:23:00.672+0000] {logging_mixin.py:188} INFO - [2026-09-09T12:23:00.671+0000] {dag.py:3089} INFO - Sync 1 DAGs
[2026-09-09T12:23:00.750+0000] {logging_mixin.py:188} INFO - [2026-09-09T12:23:00.749+0000] {dag.py:3947} INFO - Setting next_dagrun for maritime_intelligence_pipeline to 2026-09-08 00:00:00+00:00, run_after=2026-09-09 00:00:00+00:00
[2026-09-09T12:23:00.807+0000] {processor.py:183} INFO - Processing /opt/airflow/dags/maritime_intelligence_pipeline.py took 0.293 seconds
[2026-09-09T12:23:30.946+0000] {processor.py:161} INFO - Started process (PID=1421) to work on /opt/airflow/dags/maritime_intelligence_pipeline.py
[2026-09-09T12:23:30.949+0000] {processor.py:830} INFO - Processing file /opt/airflow/dags/maritime_intelligence_pipeline.py for tasks to queue
[2026-09-09T12:23:30.952+0000] {logging_mixin.py:188} INFO - [2026-09-09T12:23:30.952+0000] {dagbag.py:545} INFO - Filling up the DagBag from /opt/airflow/dags/maritime_intelligence_pipeline.py
[2026-09-09T12:23:30.993+0000] {processor.py:840} INFO - DAG(s) 'maritime_intelligence_pipeline' retrieved from /opt/airflow/dags/maritime_intelligence_pipeline.py
[2026-09-09T12:23:31.043+0000] {logging_mixin.py:188} INFO - [2026-09-09T12:23:31.043+0000] {dag.py:3089} INFO - Sync 1 DAGs
[2026-09-09T12:23:31.081+0000] {logging_mixin.py:188} INFO - [2026-09-09T12:23:31.081+0000] {dag.py:3947} INFO - Setting next_dagrun for maritime_intelligence_pipeline to 2026-09-08 00:00:00+00:00, run_after=2026-09-09 00:00:00+00:00
[2026-09-09T12:23:31.113+0000] {processor.py:183} INFO - Processing /opt/airflow/dags/maritime_intelligence_pipeline.py took 0.179 seconds
[2026-09-09T12:24:01.375+0000] {processor.py:161} INFO - Started process (PID=1426) to work on /opt/airflow/dags/maritime_intelligence_pipeline.py
[2026-09-09T12:24:01.378+0000] {processor.py:830} INFO - Processing file /opt/airflow/dags/maritime_intelligence_pipeline.py for tasks to queue
[2026-09-09T12:24:01.385+0000] {logging_mixin.py:188} INFO - [2026-09-09T12:24:01.384+0000] {dagbag.py:545} INFO - Filling up the DagBag from /opt/airflow/dags/maritime_intelligence_pipeline.py
[2026-09-09T12:24:01.494+0000] {processor.py:840} INFO - DAG(s) 'maritime_intelligence_pipeline' retrieved from /opt/airflow/dags/maritime_intelligence_pipeline.py
[2026-09-09T12:24:01.594+0000] {logging_mixin.py:188} INFO - [2026-09-09T12:24:01.594+0000] {dag.py:3089} INFO - Sync 1 DAGs
[2026-09-09T12:24:01.677+0000] {logging_mixin.py:188} INFO - [2026-09-09T12:24:01.677+0000] {dag.py:3947} INFO - Setting next_dagrun for maritime_intelligence_pipeline to 2026-09-08 00:00:00+00:00, run_after=2026-09-09 00:00:00+00:00
[2026-09-09T12:24:01.775+0000] {processor.py:183} INFO - Processing /opt/airflow/dags/maritime_intelligence_pipeline.py took 0.429 seconds
[2026-09-09T12:24:32.255+0000] {processor.py:161} INFO - Started process (PID=1431) to work on /opt/airflow/dags/maritime_intelligence_pipeline.py
[2026-09-09T12:24:32.259+0000] {processor.py:830} INFO - Processing file /opt/airflow/dags/maritime_intelligence_pipeline.py for tasks to queue
[2026-09-09T12:24:32.273+0000] {logging_mixin.py:188} INFO - [2026-09-09T12:24:32.272+0000] {dagbag.py:545} INFO - Filling up the DagBag from /opt/airflow/dags/maritime_intelligence_pipeline.py
[2026-09-09T12:24:32.527+0000] {processor.py:840} INFO - DAG(s) 'maritime_intelligence_pipeline' retrieved from /opt/airflow/dags/maritime_intelligence_pipeline.py
[2026-09-09T12:24:32.651+0000] {logging_mixin.py:188} INFO - [2026-09-09T12:24:32.651+0000] {dag.py:3089} INFO - Sync 1 DAGs
[2026-09-09T12:24:32.755+0000] {logging_mixin.py:188} INFO - [2026-09-09T12:24:32.755+0000] {dag.py:3947} INFO - Setting next_dagrun for maritime_intelligence_pipeline to 2026-09-08 00:00:00+00:00, run_after=2026-09-09 00:00:00+00:00
[2026-09-09T12:24:32.819+0000] {processor.py:183} INFO - Processing /opt/airflow/dags/maritime_intelligence_pipeline.py took 0.594 seconds
[2026-09-09T12:25:02.967+0000] {processor.py:161} INFO - Started process (PID=1436) to work on /opt/airflow/dags/maritime_intelligence_pipeline.py
[2026-09-09T12:25:02.969+0000] {processor.py:830} INFO - Processing file /opt/airflow/dags/maritime_intelligence_pipeline.py for tasks to queue
[2026-09-09T12:25:02.973+0000] {logging_mixin.py:188} INFO - [2026-09-09T12:25:02.972+0000] {dagbag.py:545} INFO - Filling up the DagBag from /opt/airflow/dags/maritime_intelligence_pipeline.py
[2026-09-09T12:25:03.016+0000] {processor.py:840} INFO - DAG(s) 'maritime_intelligence_pipeline' retrieved from /opt/airflow/dags/maritime_intelligence_pipeline.py
[2026-09-09T12:25:03.081+0000] {logging_mixin.py:188} INFO - [2026-09-09T12:25:03.081+0000] {dag.py:3089} INFO - Sync 1 DAGs
[2026-09-09T12:25:03.128+0000] {logging_mixin.py:188} INFO - [2026-09-09T12:25:03.128+0000] {dag.py:3947} INFO - Setting next_dagrun for maritime_intelligence_pipeline to 2026-09-08 00:00:00+00:00, run_after=2026-09-09 00:00:00+00:00
[2026-09-09T12:25:03.168+0000] {processor.py:183} INFO - Processing /opt/airflow/dags/maritime_intelligence_pipeline.py took 0.212 seconds
[2026-09-09T12:25:33.282+0000] {processor.py:161} INFO - Started process (PID=1441) to work on /opt/airflow/dags/maritime_intelligence_pipeline.py
[2026-09-09T12:25:33.284+0000] {processor.py:830} INFO - Processing file /opt/airflow/dags/maritime_intelligence_pipeline.py for tasks to queue
[2026-09-09T12:25:33.288+0000] {logging_mixin.py:188} INFO - [2026-09-09T12:25:33.287+0000] {dagbag.py:545} INFO - Filling up the DagBag from /opt/airflow/dags/maritime_intelligence_pipeline.py
[2026-09-09T12:25:33.325+0000] {processor.py:840} INFO - DAG(s) 'maritime_intelligence_pipeline' retrieved from /opt/airflow/dags/maritime_intelligence_pipeline.py
[2026-09-09T12:25:33.379+0000] {logging_mixin.py:188} INFO - [2026-09-09T12:25:33.378+0000] {dag.py:3089} INFO - Sync 1 DAGs
[2026-09-09T12:25:33.414+0000] {logging_mixin.py:188} INFO - [2026-09-09T12:25:33.414+0000] {dag.py:3947} INFO - Setting next_dagrun for maritime_intelligence_pipeline to 2026-09-08 00:00:00+00:00, run_after=2026-09-09 00:00:00+00:00
[2026-09-09T12:25:33.446+0000] {processor.py:183} INFO - Processing /opt/airflow/dags/maritime_intelligence_pipeline.py took 0.174 seconds
[2026-09-09T12:26:03.597+0000] {processor.py:161} INFO - Started process (PID=1446) to work on /opt/airflow/dags/maritime_intelligence_pipeline.py
[2026-09-09T12:26:03.599+0000] {processor.py:830} INFO - Processing file /opt/airflow/dags/maritime_intelligence_pipeline.py for tasks to queue
[2026-09-09T12:26:03.603+0000] {logging_mixin.py:188} INFO - [2026-09-09T12:26:03.602+0000] {dagbag.py:545} INFO - Filling up the DagBag from /opt/airflow/dags/maritime_intelligence_pipeline.py
[2026-09-09T12:26:03.639+0000] {processor.py:840} INFO - DAG(s) 'maritime_intelligence_pipeline' retrieved from /opt/airflow/dags/maritime_intelligence_pipeline.py
[2026-09-09T12:26:03.688+0000] {logging_mixin.py:188} INFO - [2026-09-09T12:26:03.687+0000] {dag.py:3089} INFO - Sync 1 DAGs
[2026-09-09T12:26:03.737+0000] {logging_mixin.py:188} INFO - [2026-09-09T12:26:03.736+0000] {dag.py:3947} INFO - Setting next_dagrun for maritime_intelligence_pipeline to 2026-09-08 00:00:00+00:00, run_after=2026-09-09 00:00:00+00:00
[2026-09-09T12:26:03.784+0000] {processor.py:183} INFO - Processing /opt/airflow/dags/maritime_intelligence_pipeline.py took 0.197 seconds
[2026-09-09T12:26:34.005+0000] {processor.py:161} INFO - Started process (PID=1451) to work on /opt/airflow/dags/maritime_intelligence_pipeline.py
[2026-09-09T12:26:34.008+0000] {processor.py:830} INFO - Processing file /opt/airflow/dags/maritime_intelligence_pipeline.py for tasks to queue
[2026-09-09T12:26:34.012+0000] {logging_mixin.py:188} INFO - [2026-09-09T12:26:34.011+0000] {dagbag.py:545} INFO - Filling up the DagBag from /opt/airflow/dags/maritime_intelligence_pipeline.py
[2026-09-09T12:26:34.044+0000] {processor.py:840} INFO - DAG(s) 'maritime_intelligence_pipeline' retrieved from /opt/airflow/dags/maritime_intelligence_pipeline.py
[2026-09-09T12:26:34.103+0000] {logging_mixin.py:188} INFO - [2026-09-09T12:26:34.102+0000] {dag.py:3089} INFO - Sync 1 DAGs
[2026-09-09T12:26:34.144+0000] {logging_mixin.py:188} INFO - [2026-09-09T12:26:34.143+0000] {dag.py:3947} INFO - Setting next_dagrun for maritime_intelligence_pipeline to 2026-09-08 00:00:00+00:00, run_after=2026-09-09 00:00:00+00:00
[2026-09-09T12:26:34.184+0000] {processor.py:183} INFO - Processing /opt/airflow/dags/maritime_intelligence_pipeline.py took 0.191 seconds
[2026-09-09T12:27:04.393+0000] {processor.py:161} INFO - Started process (PID=1456) to work on /opt/airflow/dags/maritime_intelligence_pipeline.py
[2026-09-09T12:27:04.396+0000] {processor.py:830} INFO - Processing file /opt/airflow/dags/maritime_intelligence_pipeline.py for tasks to queue
[2026-09-09T12:27:04.400+0000] {logging_mixin.py:188} INFO - [2026-09-09T12:27:04.400+0000] {dagbag.py:545} INFO - Filling up the DagBag from /opt/airflow/dags/maritime_intelligence_pipeline.py
[2026-09-09T12:27:04.446+0000] {processor.py:840} INFO - DAG(s) 'maritime_intelligence_pipeline' retrieved from /opt/airflow/dags/maritime_intelligence_pipeline.py
[2026-09-09T12:27:04.493+0000] {logging_mixin.py:188} INFO - [2026-09-09T12:27:04.493+0000] {dag.py:3089} INFO - Sync 1 DAGs
[2026-09-09T12:27:04.538+0000] {logging_mixin.py:188} INFO - [2026-09-09T12:27:04.537+0000] {dag.py:3947} INFO - Setting next_dagrun for maritime_intelligence_pipeline to 2026-09-08 00:00:00+00:00, run_after=2026-09-09 00:00:00+00:00
[2026-09-09T12:27:04.588+0000] {processor.py:183} INFO - Processing /opt/airflow/dags/maritime_intelligence_pipeline.py took 0.209 seconds
[2026-09-09T12:27:34.701+0000] {processor.py:161} INFO - Started process (PID=1461) to work on /opt/airflow/dags/maritime_intelligence_pipeline.py
[2026-09-09T12:27:34.704+0000] {processor.py:830} INFO - Processing file /opt/airflow/dags/maritime_intelligence_pipeline.py for tasks to queue
[2026-09-09T12:27:34.712+0000] {logging_mixin.py:188} INFO - [2026-09-09T12:27:34.711+0000] {dagbag.py:545} INFO - Filling up the DagBag from /opt/airflow/dags/maritime_intelligence_pipeline.py
[2026-09-09T12:27:34.784+0000] {processor.py:840} INFO - DAG(s) 'maritime_intelligence_pipeline' retrieved from /opt/airflow/dags/maritime_intelligence_pipeline.py
[2026-09-09T12:27:34.863+0000] {logging_mixin.py:188} INFO - [2026-09-09T12:27:34.862+0000] {dag.py:3089} INFO - Sync 1 DAGs
[2026-09-09T12:27:34.920+0000] {logging_mixin.py:188} INFO - [2026-09-09T12:27:34.920+0000] {dag.py:3947} INFO - Setting next_dagrun for maritime_intelligence_pipeline to 2026-09-08 00:00:00+00:00, run_after=2026-09-09 00:00:00+00:00
[2026-09-09T12:27:34.965+0000] {processor.py:183} INFO - Processing /opt/airflow/dags/maritime_intelligence_pipeline.py took 0.285 seconds
[2026-09-09T12:28:05.235+0000] {processor.py:161} INFO - Started process (PID=1466) to work on /opt/airflow/dags/maritime_intelligence_pipeline.py
[2026-09-09T12:28:05.239+0000] {processor.py:830} INFO - Processing file /opt/airflow/dags/maritime_intelligence_pipeline.py for tasks to queue
[2026-09-09T12:28:05.247+0000] {logging_mixin.py:188} INFO - [2026-09-09T12:28:05.246+0000] {dagbag.py:545} INFO - Filling up the DagBag from /opt/airflow/dags/maritime_intelligence_pipeline.py
[2026-09-09T12:28:05.312+0000] {processor.py:840} INFO - DAG(s) 'maritime_intelligence_pipeline' retrieved from /opt/airflow/dags/maritime_intelligence_pipeline.py
[2026-09-09T12:28:05.407+0000] {logging_mixin.py:188} INFO - [2026-09-09T12:28:05.407+0000] {dag.py:3089} INFO - Sync 1 DAGs
[2026-09-09T12:28:05.483+0000] {logging_mixin.py:188} INFO - [2026-09-09T12:28:05.483+0000] {dag.py:3947} INFO - Setting next_dagrun for maritime_intelligence_pipeline to 2026-09-08 00:00:00+00:00, run_after=2026-09-09 00:00:00+00:00
[2026-09-09T12:28:05.540+0000] {processor.py:183} INFO - Processing /opt/airflow/dags/maritime_intelligence_pipeline.py took 0.340 seconds
[2026-09-09T12:28:35.750+0000] {processor.py:161} INFO - Started process (PID=1471) to work on /opt/airflow/dags/maritime_intelligence_pipeline.py
[2026-09-09T12:28:35.753+0000] {processor.py:830} INFO - Processing file /opt/airflow/dags/maritime_intelligence_pipeline.py for tasks to queue
[2026-09-09T12:28:35.761+0000] {logging_mixin.py:188} INFO - [2026-09-09T12:28:35.760+0000] {dagbag.py:545} INFO - Filling up the DagBag from /opt/airflow/dags/maritime_intelligence_pipeline.py
[2026-09-09T12:28:35.840+0000] {processor.py:840} INFO - DAG(s) 'maritime_intelligence_pipeline' retrieved from /opt/airflow/dags/maritime_intelligence_pipeline.py
[2026-09-09T12:28:35.940+0000] {logging_mixin.py:188} INFO - [2026-09-09T12:28:35.940+0000] {dag.py:3089} INFO - Sync 1 DAGs
[2026-09-09T12:28:36.031+0000] {logging_mixin.py:188} INFO - [2026-09-09T12:28:36.031+0000] {dag.py:3947} INFO - Setting next_dagrun for maritime_intelligence_pipeline to 2026-09-08 00:00:00+00:00, run_after=2026-09-09 00:00:00+00:00
[2026-09-09T12:28:36.098+0000] {processor.py:183} INFO - Processing /opt/airflow/dags/maritime_intelligence_pipeline.py took 0.365 seconds
[2026-09-09T12:29:06.363+0000] {processor.py:161} INFO - Started process (PID=1476) to work on /opt/airflow/dags/maritime_intelligence_pipeline.py
[2026-09-09T12:29:06.369+0000] {processor.py:830} INFO - Processing file /opt/airflow/dags/maritime_intelligence_pipeline.py for tasks to queue
[2026-09-09T12:29:06.382+0000] {logging_mixin.py:188} INFO - [2026-09-09T12:29:06.379+0000] {dagbag.py:545} INFO - Filling up the DagBag from /opt/airflow/dags/maritime_intelligence_pipeline.py
[2026-09-09T12:29:06.563+0000] {processor.py:840} INFO - DAG(s) 'maritime_intelligence_pipeline' retrieved from /opt/airflow/dags/maritime_intelligence_pipeline.py
[2026-09-09T12:29:06.741+0000] {logging_mixin.py:188} INFO - [2026-09-09T12:29:06.741+0000] {dag.py:3089} INFO - Sync 1 DAGs
[2026-09-09T12:29:06.823+0000] {logging_mixin.py:188} INFO - [2026-09-09T12:29:06.822+0000] {dag.py:3947} INFO - Setting next_dagrun for maritime_intelligence_pipeline to 2026-09-08 00:00:00+00:00, run_after=2026-09-09 00:00:00+00:00
[2026-09-09T12:29:06.897+0000] {processor.py:183} INFO - Processing /opt/airflow/dags/maritime_intelligence_pipeline.py took 0.557 seconds
[2026-09-09T12:29:37.394+0000] {processor.py:161} INFO - Started process (PID=1481) to work on /opt/airflow/dags/maritime_intelligence_pipeline.py
[2026-09-09T12:29:37.397+0000] {processor.py:830} INFO - Processing file /opt/airflow/dags/maritime_intelligence_pipeline.py for tasks to queue
[2026-09-09T12:29:37.403+0000] {logging_mixin.py:188} INFO - [2026-09-09T12:29:37.402+0000] {dagbag.py:545} INFO - Filling up the DagBag from /opt/airflow/dags/maritime_intelligence_pipeline.py
[2026-09-09T12:29:37.475+0000] {processor.py:840} INFO - DAG(s) 'maritime_intelligence_pipeline' retrieved from /opt/airflow/dags/maritime_intelligence_pipeline.py
[2026-09-09T12:29:37.564+0000] {logging_mixin.py:188} INFO - [2026-09-09T12:29:37.563+0000] {dag.py:3089} INFO - Sync 1 DAGs
[2026-09-09T12:29:37.624+0000] {logging_mixin.py:188} INFO - [2026-09-09T12:29:37.624+0000] {dag.py:3947} INFO - Setting next_dagrun for maritime_intelligence_pipeline to 2026-09-08 00:00:00+00:00, run_after=2026-09-09 00:00:00+00:00
[2026-09-09T12:29:37.678+0000] {processor.py:183} INFO - Processing /opt/airflow/dags/maritime_intelligence_pipeline.py took 0.309 seconds
[2026-09-09T12:30:08.056+0000] {processor.py:161} INFO - Started process (PID=1486) to work on /opt/airflow/dags/maritime_intelligence_pipeline.py
[2026-09-09T12:30:08.062+0000] {processor.py:830} INFO - Processing file /opt/airflow/dags/maritime_intelligence_pipeline.py for tasks to queue
[2026-09-09T12:30:08.068+0000] {logging_mixin.py:188} INFO - [2026-09-09T12:30:08.067+0000] {dagbag.py:545} INFO - Filling up the DagBag from /opt/airflow/dags/maritime_intelligence_pipeline.py
[2026-09-09T12:30:08.137+0000] {processor.py:840} INFO - DAG(s) 'maritime_intelligence_pipeline' retrieved from /opt/airflow/dags/maritime_intelligence_pipeline.py
[2026-09-09T12:30:08.217+0000] {logging_mixin.py:188} INFO - [2026-09-09T12:30:08.217+0000] {dag.py:3089} INFO - Sync 1 DAGs
[2026-09-09T12:30:08.277+0000] {logging_mixin.py:188} INFO - [2026-09-09T12:30:08.277+0000] {dag.py:3947} INFO - Setting next_dagrun for maritime_intelligence_pipeline to 2026-09-08 00:00:00+00:00, run_after=2026-09-09 00:00:00+00:00
[2026-09-09T12:30:08.324+0000] {processor.py:183} INFO - Processing /opt/airflow/dags/maritime_intelligence_pipeline.py took 0.286 seconds
[2026-09-09T12:30:38.760+0000] {processor.py:161} INFO - Started process (PID=1491) to work on /opt/airflow/dags/maritime_intelligence_pipeline.py
[2026-09-09T12:30:38.767+0000] {processor.py:830} INFO - Processing file /opt/airflow/dags/maritime_intelligence_pipeline.py for tasks to queue
[2026-09-09T12:30:38.775+0000] {logging_mixin.py:188} INFO - [2026-09-09T12:30:38.774+0000] {dagbag.py:545} INFO - Filling up the DagBag from /opt/airflow/dags/maritime_intelligence_pipeline.py
[2026-09-09T12:30:38.831+0000] {processor.py:840} INFO - DAG(s) 'maritime_intelligence_pipeline' retrieved from /opt/airflow/dags/maritime_intelligence_pipeline.py
[2026-09-09T12:30:38.913+0000] {logging_mixin.py:188} INFO - [2026-09-09T12:30:38.913+0000] {dag.py:3089} INFO - Sync 1 DAGs
[2026-09-09T12:30:38.977+0000] {logging_mixin.py:188} INFO - [2026-09-09T12:30:38.977+0000] {dag.py:3947} INFO - Setting next_dagrun for maritime_intelligence_pipeline to 2026-09-08 00:00:00+00:00, run_after=2026-09-09 00:00:00+00:00
[2026-09-09T12:30:39.020+0000] {processor.py:183} INFO - Processing /opt/airflow/dags/maritime_intelligence_pipeline.py took 0.281 seconds
[2026-09-09T12:31:09.383+0000] {processor.py:161} INFO - Started process (PID=1496) to work on /opt/airflow/dags/maritime_intelligence_pipeline.py
[2026-09-09T12:31:09.390+0000] {processor.py:830} INFO - Processing file /opt/airflow/dags/maritime_intelligence_pipeline.py for tasks to queue
[2026-09-09T12:31:09.404+0000] {logging_mixin.py:188} INFO - [2026-09-09T12:31:09.403+0000] {dagbag.py:545} INFO - Filling up the DagBag from /opt/airflow/dags/maritime_intelligence_pipeline.py
[2026-09-09T12:31:09.602+0000] {processor.py:840} INFO - DAG(s) 'maritime_intelligence_pipeline' retrieved from /opt/airflow/dags/maritime_intelligence_pipeline.py
[2026-09-09T12:31:09.728+0000] {logging_mixin.py:188} INFO - [2026-09-09T12:31:09.728+0000] {dag.py:3089} INFO - Sync 1 DAGs
[2026-09-09T12:31:09.886+0000] {logging_mixin.py:188} INFO - [2026-09-09T12:31:09.885+0000] {dag.py:3947} INFO - Setting next_dagrun for maritime_intelligence_pipeline to 2026-09-08 00:00:00+00:00, run_after=2026-09-09 00:00:00+00:00
[2026-09-09T12:31:09.999+0000] {processor.py:183} INFO - Processing /opt/airflow/dags/maritime_intelligence_pipeline.py took 0.646 seconds
[2026-09-09T12:31:40.941+0000] {processor.py:161} INFO - Started process (PID=1501) to work on /opt/airflow/dags/maritime_intelligence_pipeline.py
[2026-09-09T12:31:40.944+0000] {processor.py:830} INFO - Processing file /opt/airflow/dags/maritime_intelligence_pipeline.py for tasks to queue
[2026-09-09T12:31:40.950+0000] {logging_mixin.py:188} INFO - [2026-09-09T12:31:40.949+0000] {dagbag.py:545} INFO - Filling up the DagBag from /opt/airflow/dags/maritime_intelligence_pipeline.py
[2026-09-09T12:31:41.044+0000] {processor.py:840} INFO - DAG(s) 'maritime_intelligence_pipeline' retrieved from /opt/airflow/dags/maritime_intelligence_pipeline.py
[2026-09-09T12:31:41.239+0000] {logging_mixin.py:188} INFO - [2026-09-09T12:31:41.238+0000] {dag.py:3089} INFO - Sync 1 DAGs
[2026-09-09T12:31:41.453+0000] {logging_mixin.py:188} INFO - [2026-09-09T12:31:41.453+0000] {dag.py:3947} INFO - Setting next_dagrun for maritime_intelligence_pipeline to 2026-09-08 00:00:00+00:00, run_after=2026-09-09 00:00:00+00:00
[2026-09-09T12:31:41.576+0000] {processor.py:183} INFO - Processing /opt/airflow/dags/maritime_intelligence_pipeline.py took 0.666 seconds
[2026-09-09T12:32:12.405+0000] {processor.py:161} INFO - Started process (PID=1506) to work on /opt/airflow/dags/maritime_intelligence_pipeline.py
[2026-09-09T12:32:12.408+0000] {processor.py:830} INFO - Processing file /opt/airflow/dags/maritime_intelligence_pipeline.py for tasks to queue
[2026-09-09T12:32:12.425+0000] {logging_mixin.py:188} INFO - [2026-09-09T12:32:12.425+0000] {dagbag.py:545} INFO - Filling up the DagBag from /opt/airflow/dags/maritime_intelligence_pipeline.py
[2026-09-09T12:32:12.537+0000] {processor.py:840} INFO - DAG(s) 'maritime_intelligence_pipeline' retrieved from /opt/airflow/dags/maritime_intelligence_pipeline.py
[2026-09-09T12:32:12.666+0000] {logging_mixin.py:188} INFO - [2026-09-09T12:32:12.665+0000] {dag.py:3089} INFO - Sync 1 DAGs
[2026-09-09T12:32:12.761+0000] {logging_mixin.py:188} INFO - [2026-09-09T12:32:12.755+0000] {dag.py:3947} INFO - Setting next_dagrun for maritime_intelligence_pipeline to 2026-09-08 00:00:00+00:00, run_after=2026-09-09 00:00:00+00:00
[2026-09-09T12:32:12.867+0000] {processor.py:183} INFO - Processing /opt/airflow/dags/maritime_intelligence_pipeline.py took 0.494 seconds
[2026-09-09T12:32:43.226+0000] {processor.py:161} INFO - Started process (PID=1511) to work on /opt/airflow/dags/maritime_intelligence_pipeline.py
[2026-09-09T12:32:43.230+0000] {processor.py:830} INFO - Processing file /opt/airflow/dags/maritime_intelligence_pipeline.py for tasks to queue
[2026-09-09T12:32:43.235+0000] {logging_mixin.py:188} INFO - [2026-09-09T12:32:43.235+0000] {dagbag.py:545} INFO - Filling up the DagBag from /opt/airflow/dags/maritime_intelligence_pipeline.py
[2026-09-09T12:32:43.289+0000] {processor.py:840} INFO - DAG(s) 'maritime_intelligence_pipeline' retrieved from /opt/airflow/dags/maritime_intelligence_pipeline.py
[2026-09-09T12:32:43.362+0000] {logging_mixin.py:188} INFO - [2026-09-09T12:32:43.361+0000] {dag.py:3089} INFO - Sync 1 DAGs
[2026-09-09T12:32:43.415+0000] {logging_mixin.py:188} INFO - [2026-09-09T12:32:43.415+0000] {dag.py:3947} INFO - Setting next_dagrun for maritime_intelligence_pipeline to 2026-09-08 00:00:00+00:00, run_after=2026-09-09 00:00:00+00:00
[2026-09-09T12:32:43.455+0000] {processor.py:183} INFO - Processing /opt/airflow/dags/maritime_intelligence_pipeline.py took 0.249 seconds
[2026-09-09T12:33:14.208+0000] {processor.py:161} INFO - Started process (PID=1516) to work on /opt/airflow/dags/maritime_intelligence_pipeline.py
[2026-09-09T12:33:14.211+0000] {processor.py:830} INFO - Processing file /opt/airflow/dags/maritime_intelligence_pipeline.py for tasks to queue
[2026-09-09T12:33:14.216+0000] {logging_mixin.py:188} INFO - [2026-09-09T12:33:14.215+0000] {dagbag.py:545} INFO - Filling up the DagBag from /opt/airflow/dags/maritime_intelligence_pipeline.py
[2026-09-09T12:33:14.302+0000] {processor.py:840} INFO - DAG(s) 'maritime_intelligence_pipeline' retrieved from /opt/airflow/dags/maritime_intelligence_pipeline.py
[2026-09-09T12:33:14.398+0000] {logging_mixin.py:188} INFO - [2026-09-09T12:33:14.398+0000] {dag.py:3089} INFO - Sync 1 DAGs
[2026-09-09T12:33:14.475+0000] {logging_mixin.py:188} INFO - [2026-09-09T12:33:14.475+0000] {dag.py:3947} INFO - Setting next_dagrun for maritime_intelligence_pipeline to 2026-09-08 00:00:00+00:00, run_after=2026-09-09 00:00:00+00:00
[2026-09-09T12:33:14.537+0000] {processor.py:183} INFO - Processing /opt/airflow/dags/maritime_intelligence_pipeline.py took 0.349 seconds
[2026-09-09T12:33:44.887+0000] {processor.py:161} INFO - Started process (PID=1521) to work on /opt/airflow/dags/maritime_intelligence_pipeline.py
[2026-09-09T12:33:44.890+0000] {processor.py:830} INFO - Processing file /opt/airflow/dags/maritime_intelligence_pipeline.py for tasks to queue
[2026-09-09T12:33:44.897+0000] {logging_mixin.py:188} INFO - [2026-09-09T12:33:44.896+0000] {dagbag.py:545} INFO - Filling up the DagBag from /opt/airflow/dags/maritime_intelligence_pipeline.py
[2026-09-09T12:33:44.953+0000] {processor.py:840} INFO - DAG(s) 'maritime_intelligence_pipeline' retrieved from /opt/airflow/dags/maritime_intelligence_pipeline.py
[2026-09-09T12:33:45.033+0000] {logging_mixin.py:188} INFO - [2026-09-09T12:33:45.032+0000] {dag.py:3089} INFO - Sync 1 DAGs
[2026-09-09T12:33:45.091+0000] {logging_mixin.py:188} INFO - [2026-09-09T12:33:45.090+0000] {dag.py:3947} INFO - Setting next_dagrun for maritime_intelligence_pipeline to 2026-09-08 00:00:00+00:00, run_after=2026-09-09 00:00:00+00:00
[2026-09-09T12:33:45.129+0000] {processor.py:183} INFO - Processing /opt/airflow/dags/maritime_intelligence_pipeline.py took 0.264 seconds
[2026-09-09T12:34:15.485+0000] {processor.py:161} INFO - Started process (PID=1526) to work on /opt/airflow/dags/maritime_intelligence_pipeline.py
[2026-09-09T12:34:15.488+0000] {processor.py:830} INFO - Processing file /opt/airflow/dags/maritime_intelligence_pipeline.py for tasks to queue
[2026-09-09T12:34:15.492+0000] {logging_mixin.py:188} INFO - [2026-09-09T12:34:15.491+0000] {dagbag.py:545} INFO - Filling up the DagBag from /opt/airflow/dags/maritime_intelligence_pipeline.py
[2026-09-09T12:34:15.541+0000] {processor.py:840} INFO - DAG(s) 'maritime_intelligence_pipeline' retrieved from /opt/airflow/dags/maritime_intelligence_pipeline.py
[2026-09-09T12:34:15.615+0000] {logging_mixin.py:188} INFO - [2026-09-09T12:34:15.614+0000] {dag.py:3089} INFO - Sync 1 DAGs
[2026-09-09T12:34:15.670+0000] {logging_mixin.py:188} INFO - [2026-09-09T12:34:15.670+0000] {dag.py:3947} INFO - Setting next_dagrun for maritime_intelligence_pipeline to 2026-09-08 00:00:00+00:00, run_after=2026-09-09 00:00:00+00:00
[2026-09-09T12:34:15.712+0000] {processor.py:183} INFO - Processing /opt/airflow/dags/maritime_intelligence_pipeline.py took 0.245 seconds
[2026-09-09T12:34:46.053+0000] {processor.py:161} INFO - Started process (PID=1531) to work on /opt/airflow/dags/maritime_intelligence_pipeline.py
[2026-09-09T12:34:46.055+0000] {processor.py:830} INFO - Processing file /opt/airflow/dags/maritime_intelligence_pipeline.py for tasks to queue
[2026-09-09T12:34:46.060+0000] {logging_mixin.py:188} INFO - [2026-09-09T12:34:46.059+0000] {dagbag.py:545} INFO - Filling up the DagBag from /opt/airflow/dags/maritime_intelligence_pipeline.py
[2026-09-09T12:34:46.146+0000] {processor.py:840} INFO - DAG(s) 'maritime_intelligence_pipeline' retrieved from /opt/airflow/dags/maritime_intelligence_pipeline.py
[2026-09-09T12:34:46.247+0000] {logging_mixin.py:188} INFO - [2026-09-09T12:34:46.247+0000] {dag.py:3089} INFO - Sync 1 DAGs
[2026-09-09T12:34:46.365+0000] {logging_mixin.py:188} INFO - [2026-09-09T12:34:46.364+0000] {dag.py:3947} INFO - Setting next_dagrun for maritime_intelligence_pipeline to 2026-09-08 00:00:00+00:00, run_after=2026-09-09 00:00:00+00:00
[2026-09-09T12:34:46.430+0000] {processor.py:183} INFO - Processing /opt/airflow/dags/maritime_intelligence_pipeline.py took 0.415 seconds
[2026-09-09T12:35:16.820+0000] {processor.py:161} INFO - Started process (PID=1536) to work on /opt/airflow/dags/maritime_intelligence_pipeline.py
[2026-09-09T12:35:16.828+0000] {processor.py:830} INFO - Processing file /opt/airflow/dags/maritime_intelligence_pipeline.py for tasks to queue
[2026-09-09T12:35:16.834+0000] {logging_mixin.py:188} INFO - [2026-09-09T12:35:16.833+0000] {dagbag.py:545} INFO - Filling up the DagBag from /opt/airflow/dags/maritime_intelligence_pipeline.py
[2026-09-09T12:35:16.974+0000] {processor.py:840} INFO - DAG(s) 'maritime_intelligence_pipeline' retrieved from /opt/airflow/dags/maritime_intelligence_pipeline.py
[2026-09-09T12:35:17.112+0000] {logging_mixin.py:188} INFO - [2026-09-09T12:35:17.112+0000] {dag.py:3089} INFO - Sync 1 DAGs
[2026-09-09T12:35:17.188+0000] {logging_mixin.py:188} INFO - [2026-09-09T12:35:17.188+0000] {dag.py:3947} INFO - Setting next_dagrun for maritime_intelligence_pipeline to 2026-09-08 00:00:00+00:00, run_after=2026-09-09 00:00:00+00:00
[2026-09-09T12:35:17.251+0000] {processor.py:183} INFO - Processing /opt/airflow/dags/maritime_intelligence_pipeline.py took 0.482 seconds
[2026-09-09T12:35:47.485+0000] {processor.py:161} INFO - Started process (PID=1541) to work on /opt/airflow/dags/maritime_intelligence_pipeline.py
[2026-09-09T12:35:47.488+0000] {processor.py:830} INFO - Processing file /opt/airflow/dags/maritime_intelligence_pipeline.py for tasks to queue
[2026-09-09T12:35:47.495+0000] {logging_mixin.py:188} INFO - [2026-09-09T12:35:47.494+0000] {dagbag.py:545} INFO - Filling up the DagBag from /opt/airflow/dags/maritime_intelligence_pipeline.py
[2026-09-09T12:35:47.622+0000] {processor.py:840} INFO - DAG(s) 'maritime_intelligence_pipeline' retrieved from /opt/airflow/dags/maritime_intelligence_pipeline.py
[2026-09-09T12:35:47.698+0000] {logging_mixin.py:188} INFO - [2026-09-09T12:35:47.698+0000] {dag.py:3089} INFO - Sync 1 DAGs
[2026-09-09T12:35:47.756+0000] {logging_mixin.py:188} INFO - [2026-09-09T12:35:47.756+0000] {dag.py:3947} INFO - Setting next_dagrun for maritime_intelligence_pipeline to 2026-09-08 00:00:00+00:00, run_after=2026-09-09 00:00:00+00:00
[2026-09-09T12:35:47.797+0000] {processor.py:183} INFO - Processing /opt/airflow/dags/maritime_intelligence_pipeline.py took 0.330 seconds
[2026-09-09T12:36:18.071+0000] {processor.py:161} INFO - Started process (PID=1546) to work on /opt/airflow/dags/maritime_intelligence_pipeline.py
[2026-09-09T12:36:18.074+0000] {processor.py:830} INFO - Processing file /opt/airflow/dags/maritime_intelligence_pipeline.py for tasks to queue
[2026-09-09T12:36:18.081+0000] {logging_mixin.py:188} INFO - [2026-09-09T12:36:18.078+0000] {dagbag.py:545} INFO - Filling up the DagBag from /opt/airflow/dags/maritime_intelligence_pipeline.py
[2026-09-09T12:36:18.133+0000] {processor.py:840} INFO - DAG(s) 'maritime_intelligence_pipeline' retrieved from /opt/airflow/dags/maritime_intelligence_pipeline.py
[2026-09-09T12:36:18.218+0000] {logging_mixin.py:188} INFO - [2026-09-09T12:36:18.217+0000] {dag.py:3089} INFO - Sync 1 DAGs
[2026-09-09T12:36:18.278+0000] {logging_mixin.py:188} INFO - [2026-09-09T12:36:18.278+0000] {dag.py:3947} INFO - Setting next_dagrun for maritime_intelligence_pipeline to 2026-09-08 00:00:00+00:00, run_after=2026-09-09 00:00:00+00:00
[2026-09-09T12:36:18.318+0000] {processor.py:183} INFO - Processing /opt/airflow/dags/maritime_intelligence_pipeline.py took 0.264 seconds
[2026-09-09T12:36:48.698+0000] {processor.py:161} INFO - Started process (PID=1551) to work on /opt/airflow/dags/maritime_intelligence_pipeline.py
[2026-09-09T12:36:48.701+0000] {processor.py:830} INFO - Processing file /opt/airflow/dags/maritime_intelligence_pipeline.py for tasks to queue
[2026-09-09T12:36:48.707+0000] {logging_mixin.py:188} INFO - [2026-09-09T12:36:48.706+0000] {dagbag.py:545} INFO - Filling up the DagBag from /opt/airflow/dags/maritime_intelligence_pipeline.py
[2026-09-09T12:36:48.761+0000] {processor.py:840} INFO - DAG(s) 'maritime_intelligence_pipeline' retrieved from /opt/airflow/dags/maritime_intelligence_pipeline.py
[2026-09-09T12:36:48.832+0000] {logging_mixin.py:188} INFO - [2026-09-09T12:36:48.831+0000] {dag.py:3089} INFO - Sync 1 DAGs
[2026-09-09T12:36:48.889+0000] {logging_mixin.py:188} INFO - [2026-09-09T12:36:48.888+0000] {dag.py:3947} INFO - Setting next_dagrun for maritime_intelligence_pipeline to 2026-09-08 00:00:00+00:00, run_after=2026-09-09 00:00:00+00:00
[2026-09-09T12:36:48.929+0000] {processor.py:183} INFO - Processing /opt/airflow/dags/maritime_intelligence_pipeline.py took 0.250 seconds
[2026-09-09T12:37:19.298+0000] {processor.py:161} INFO - Started process (PID=1556) to work on /opt/airflow/dags/maritime_intelligence_pipeline.py
[2026-09-09T12:37:19.301+0000] {processor.py:830} INFO - Processing file /opt/airflow/dags/maritime_intelligence_pipeline.py for tasks to queue
[2026-09-09T12:37:19.307+0000] {logging_mixin.py:188} INFO - [2026-09-09T12:37:19.306+0000] {dagbag.py:545} INFO - Filling up the DagBag from /opt/airflow/dags/maritime_intelligence_pipeline.py
[2026-09-09T12:37:19.387+0000] {processor.py:840} INFO - DAG(s) 'maritime_intelligence_pipeline' retrieved from /opt/airflow/dags/maritime_intelligence_pipeline.py
[2026-09-09T12:37:19.466+0000] {logging_mixin.py:188} INFO - [2026-09-09T12:37:19.466+0000] {dag.py:3089} INFO - Sync 1 DAGs
[2026-09-09T12:37:19.521+0000] {logging_mixin.py:188} INFO - [2026-09-09T12:37:19.520+0000] {dag.py:3947} INFO - Setting next_dagrun for maritime_intelligence_pipeline to 2026-09-08 00:00:00+00:00, run_after=2026-09-09 00:00:00+00:00
[2026-09-09T12:37:19.572+0000] {processor.py:183} INFO - Processing /opt/airflow/dags/maritime_intelligence_pipeline.py took 0.288 seconds
[2026-09-09T12:37:49.970+0000] {processor.py:161} INFO - Started process (PID=1561) to work on /opt/airflow/dags/maritime_intelligence_pipeline.py
[2026-09-09T12:37:49.973+0000] {processor.py:830} INFO - Processing file /opt/airflow/dags/maritime_intelligence_pipeline.py for tasks to queue
[2026-09-09T12:37:49.982+0000] {logging_mixin.py:188} INFO - [2026-09-09T12:37:49.981+0000] {dagbag.py:545} INFO - Filling up the DagBag from /opt/airflow/dags/maritime_intelligence_pipeline.py
[2026-09-09T12:37:50.045+0000] {processor.py:840} INFO - DAG(s) 'maritime_intelligence_pipeline' retrieved from /opt/airflow/dags/maritime_intelligence_pipeline.py
[2026-09-09T12:37:50.121+0000] {logging_mixin.py:188} INFO - [2026-09-09T12:37:50.120+0000] {dag.py:3089} INFO - Sync 1 DAGs
[2026-09-09T12:37:50.194+0000] {logging_mixin.py:188} INFO - [2026-09-09T12:37:50.193+0000] {dag.py:3947} INFO - Setting next_dagrun for maritime_intelligence_pipeline to 2026-09-08 00:00:00+00:00, run_after=2026-09-09 00:00:00+00:00
[2026-09-09T12:37:50.246+0000] {processor.py:183} INFO - Processing /opt/airflow/dags/maritime_intelligence_pipeline.py took 0.295 seconds
[2026-09-09T12:38:20.656+0000] {processor.py:161} INFO - Started process (PID=1566) to work on /opt/airflow/dags/maritime_intelligence_pipeline.py
[2026-09-09T12:38:20.661+0000] {processor.py:830} INFO - Processing file /opt/airflow/dags/maritime_intelligence_pipeline.py for tasks to queue
[2026-09-09T12:38:20.667+0000] {logging_mixin.py:188} INFO - [2026-09-09T12:38:20.666+0000] {dagbag.py:545} INFO - Filling up the DagBag from /opt/airflow/dags/maritime_intelligence_pipeline.py
[2026-09-09T12:38:20.753+0000] {processor.py:840} INFO - DAG(s) 'maritime_intelligence_pipeline' retrieved from /opt/airflow/dags/maritime_intelligence_pipeline.py
[2026-09-09T12:38:20.836+0000] {logging_mixin.py:188} INFO - [2026-09-09T12:38:20.836+0000] {dag.py:3089} INFO - Sync 1 DAGs
[2026-09-09T12:38:20.897+0000] {logging_mixin.py:188} INFO - [2026-09-09T12:38:20.895+0000] {dag.py:3947} INFO - Setting next_dagrun for maritime_intelligence_pipeline to 2026-09-08 00:00:00+00:00, run_after=2026-09-09 00:00:00+00:00
[2026-09-09T12:38:20.953+0000] {processor.py:183} INFO - Processing /opt/airflow/dags/maritime_intelligence_pipeline.py took 0.318 seconds
[2026-09-09T12:38:51.300+0000] {processor.py:161} INFO - Started process (PID=1571) to work on /opt/airflow/dags/maritime_intelligence_pipeline.py
[2026-09-09T12:38:51.303+0000] {processor.py:830} INFO - Processing file /opt/airflow/dags/maritime_intelligence_pipeline.py for tasks to queue
[2026-09-09T12:38:51.310+0000] {logging_mixin.py:188} INFO - [2026-09-09T12:38:51.309+0000] {dagbag.py:545} INFO - Filling up the DagBag from /opt/airflow/dags/maritime_intelligence_pipeline.py
[2026-09-09T12:38:51.365+0000] {processor.py:840} INFO - DAG(s) 'maritime_intelligence_pipeline' retrieved from /opt/airflow/dags/maritime_intelligence_pipeline.py
[2026-09-09T12:38:51.448+0000] {logging_mixin.py:188} INFO - [2026-09-09T12:38:51.448+0000] {dag.py:3089} INFO - Sync 1 DAGs
[2026-09-09T12:38:51.505+0000] {logging_mixin.py:188} INFO - [2026-09-09T12:38:51.504+0000] {dag.py:3947} INFO - Setting next_dagrun for maritime_intelligence_pipeline to 2026-09-08 00:00:00+00:00, run_after=2026-09-09 00:00:00+00:00
[2026-09-09T12:38:51.556+0000] {processor.py:183} INFO - Processing /opt/airflow/dags/maritime_intelligence_pipeline.py took 0.278 seconds
[2026-09-09T12:39:21.893+0000] {processor.py:161} INFO - Started process (PID=1576) to work on /opt/airflow/dags/maritime_intelligence_pipeline.py
[2026-09-09T12:39:21.896+0000] {processor.py:830} INFO - Processing file /opt/airflow/dags/maritime_intelligence_pipeline.py for tasks to queue
[2026-09-09T12:39:21.903+0000] {logging_mixin.py:188} INFO - [2026-09-09T12:39:21.902+0000] {dagbag.py:545} INFO - Filling up the DagBag from /opt/airflow/dags/maritime_intelligence_pipeline.py
[2026-09-09T12:39:22.001+0000] {processor.py:840} INFO - DAG(s) 'maritime_intelligence_pipeline' retrieved from /opt/airflow/dags/maritime_intelligence_pipeline.py
[2026-09-09T12:39:22.251+0000] {logging_mixin.py:188} INFO - [2026-09-09T12:39:22.251+0000] {dag.py:3089} INFO - Sync 1 DAGs
[2026-09-09T12:39:22.361+0000] {logging_mixin.py:188} INFO - [2026-09-09T12:39:22.361+0000] {dag.py:3947} INFO - Setting next_dagrun for maritime_intelligence_pipeline to 2026-09-08 00:00:00+00:00, run_after=2026-09-09 00:00:00+00:00
[2026-09-09T12:39:22.479+0000] {processor.py:183} INFO - Processing /opt/airflow/dags/maritime_intelligence_pipeline.py took 0.607 seconds
[2026-09-09T12:39:52.995+0000] {processor.py:161} INFO - Started process (PID=1581) to work on /opt/airflow/dags/maritime_intelligence_pipeline.py
[2026-09-09T12:39:53.001+0000] {processor.py:830} INFO - Processing file /opt/airflow/dags/maritime_intelligence_pipeline.py for tasks to queue
[2026-09-09T12:39:53.010+0000] {logging_mixin.py:188} INFO - [2026-09-09T12:39:53.009+0000] {dagbag.py:545} INFO - Filling up the DagBag from /opt/airflow/dags/maritime_intelligence_pipeline.py
[2026-09-09T12:39:53.158+0000] {processor.py:840} INFO - DAG(s) 'maritime_intelligence_pipeline' retrieved from /opt/airflow/dags/maritime_intelligence_pipeline.py
[2026-09-09T12:39:53.281+0000] {logging_mixin.py:188} INFO - [2026-09-09T12:39:53.281+0000] {dag.py:3089} INFO - Sync 1 DAGs
[2026-09-09T12:39:53.353+0000] {logging_mixin.py:188} INFO - [2026-09-09T12:39:53.352+0000] {dag.py:3947} INFO - Setting next_dagrun for maritime_intelligence_pipeline to 2026-09-08 00:00:00+00:00, run_after=2026-09-09 00:00:00+00:00
[2026-09-09T12:39:53.397+0000] {processor.py:183} INFO - Processing /opt/airflow/dags/maritime_intelligence_pipeline.py took 0.428 seconds
[2026-09-09T12:40:23.914+0000] {processor.py:161} INFO - Started process (PID=1586) to work on /opt/airflow/dags/maritime_intelligence_pipeline.py
[2026-09-09T12:40:23.917+0000] {processor.py:830} INFO - Processing file /opt/airflow/dags/maritime_intelligence_pipeline.py for tasks to queue
[2026-09-09T12:40:23.926+0000] {logging_mixin.py:188} INFO - [2026-09-09T12:40:23.925+0000] {dagbag.py:545} INFO - Filling up the DagBag from /opt/airflow/dags/maritime_intelligence_pipeline.py
[2026-09-09T12:40:24.087+0000] {processor.py:840} INFO - DAG(s) 'maritime_intelligence_pipeline' retrieved from /opt/airflow/dags/maritime_intelligence_pipeline.py
[2026-09-09T12:40:24.313+0000] {logging_mixin.py:188} INFO - [2026-09-09T12:40:24.312+0000] {dag.py:3089} INFO - Sync 1 DAGs
[2026-09-09T12:40:24.429+0000] {logging_mixin.py:188} INFO - [2026-09-09T12:40:24.425+0000] {dag.py:3947} INFO - Setting next_dagrun for maritime_intelligence_pipeline to 2026-09-08 00:00:00+00:00, run_after=2026-09-09 00:00:00+00:00
[2026-09-09T12:40:24.520+0000] {processor.py:183} INFO - Processing /opt/airflow/dags/maritime_intelligence_pipeline.py took 0.628 seconds
[2026-09-09T12:40:55.127+0000] {processor.py:161} INFO - Started process (PID=1591) to work on /opt/airflow/dags/maritime_intelligence_pipeline.py
[2026-09-09T12:40:55.132+0000] {processor.py:830} INFO - Processing file /opt/airflow/dags/maritime_intelligence_pipeline.py for tasks to queue
[2026-09-09T12:40:55.145+0000] {logging_mixin.py:188} INFO - [2026-09-09T12:40:55.144+0000] {dagbag.py:545} INFO - Filling up the DagBag from /opt/airflow/dags/maritime_intelligence_pipeline.py
[2026-09-09T12:40:55.496+0000] {processor.py:840} INFO - DAG(s) 'maritime_intelligence_pipeline' retrieved from /opt/airflow/dags/maritime_intelligence_pipeline.py
[2026-09-09T12:40:55.606+0000] {logging_mixin.py:188} INFO - [2026-09-09T12:40:55.605+0000] {dag.py:3089} INFO - Sync 1 DAGs
[2026-09-09T12:40:55.671+0000] {logging_mixin.py:188} INFO - [2026-09-09T12:40:55.671+0000] {dag.py:3947} INFO - Setting next_dagrun for maritime_intelligence_pipeline to 2026-09-08 00:00:00+00:00, run_after=2026-09-09 00:00:00+00:00
[2026-09-09T12:40:55.876+0000] {processor.py:183} INFO - Processing /opt/airflow/dags/maritime_intelligence_pipeline.py took 0.774 seconds
[2026-09-09T12:41:26.749+0000] {processor.py:161} INFO - Started process (PID=1596) to work on /opt/airflow/dags/maritime_intelligence_pipeline.py
[2026-09-09T12:41:26.752+0000] {processor.py:830} INFO - Processing file /opt/airflow/dags/maritime_intelligence_pipeline.py for tasks to queue
[2026-09-09T12:41:26.758+0000] {logging_mixin.py:188} INFO - [2026-09-09T12:41:26.757+0000] {dagbag.py:545} INFO - Filling up the DagBag from /opt/airflow/dags/maritime_intelligence_pipeline.py
[2026-09-09T12:41:26.814+0000] {processor.py:840} INFO - DAG(s) 'maritime_intelligence_pipeline' retrieved from /opt/airflow/dags/maritime_intelligence_pipeline.py
[2026-09-09T12:41:26.914+0000] {logging_mixin.py:188} INFO - [2026-09-09T12:41:26.914+0000] {dag.py:3089} INFO - Sync 1 DAGs
[2026-09-09T12:41:27.153+0000] {logging_mixin.py:188} INFO - [2026-09-09T12:41:27.132+0000] {dag.py:3947} INFO - Setting next_dagrun for maritime_intelligence_pipeline to 2026-09-08 00:00:00+00:00, run_after=2026-09-09 00:00:00+00:00
[2026-09-09T12:41:27.198+0000] {processor.py:183} INFO - Processing /opt/airflow/dags/maritime_intelligence_pipeline.py took 0.859 seconds
[2026-09-09T12:41:57.729+0000] {processor.py:161} INFO - Started process (PID=1601) to work on /opt/airflow/dags/maritime_intelligence_pipeline.py
[2026-09-09T12:41:57.737+0000] {processor.py:830} INFO - Processing file /opt/airflow/dags/maritime_intelligence_pipeline.py for tasks to queue
[2026-09-09T12:41:57.745+0000] {logging_mixin.py:188} INFO - [2026-09-09T12:41:57.744+0000] {dagbag.py:545} INFO - Filling up the DagBag from /opt/airflow/dags/maritime_intelligence_pipeline.py
[2026-09-09T12:41:57.843+0000] {processor.py:840} INFO - DAG(s) 'maritime_intelligence_pipeline' retrieved from /opt/airflow/dags/maritime_intelligence_pipeline.py
[2026-09-09T12:41:57.922+0000] {logging_mixin.py:188} INFO - [2026-09-09T12:41:57.921+0000] {dag.py:3089} INFO - Sync 1 DAGs
[2026-09-09T12:41:57.980+0000] {logging_mixin.py:188} INFO - [2026-09-09T12:41:57.980+0000] {dag.py:3947} INFO - Setting next_dagrun for maritime_intelligence_pipeline to 2026-09-08 00:00:00+00:00, run_after=2026-09-09 00:00:00+00:00
[2026-09-09T12:41:58.161+0000] {processor.py:183} INFO - Processing /opt/airflow/dags/maritime_intelligence_pipeline.py took 0.580 seconds
[2026-09-09T12:42:28.515+0000] {processor.py:161} INFO - Started process (PID=1606) to work on /opt/airflow/dags/maritime_intelligence_pipeline.py
[2026-09-09T12:42:28.519+0000] {processor.py:830} INFO - Processing file /opt/airflow/dags/maritime_intelligence_pipeline.py for tasks to queue
[2026-09-09T12:42:28.527+0000] {logging_mixin.py:188} INFO - [2026-09-09T12:42:28.526+0000] {dagbag.py:545} INFO - Filling up the DagBag from /opt/airflow/dags/maritime_intelligence_pipeline.py
[2026-09-09T12:42:28.649+0000] {processor.py:840} INFO - DAG(s) 'maritime_intelligence_pipeline' retrieved from /opt/airflow/dags/maritime_intelligence_pipeline.py
[2026-09-09T12:42:28.736+0000] {logging_mixin.py:188} INFO - [2026-09-09T12:42:28.736+0000] {dag.py:3089} INFO - Sync 1 DAGs
[2026-09-09T12:42:28.820+0000] {logging_mixin.py:188} INFO - [2026-09-09T12:42:28.820+0000] {dag.py:3947} INFO - Setting next_dagrun for maritime_intelligence_pipeline to 2026-09-08 00:00:00+00:00, run_after=2026-09-09 00:00:00+00:00
[2026-09-09T12:42:28.881+0000] {processor.py:183} INFO - Processing /opt/airflow/dags/maritime_intelligence_pipeline.py took 0.385 seconds
[2026-09-09T12:42:59.281+0000] {processor.py:161} INFO - Started process (PID=1611) to work on /opt/airflow/dags/maritime_intelligence_pipeline.py
[2026-09-09T12:42:59.285+0000] {processor.py:830} INFO - Processing file /opt/airflow/dags/maritime_intelligence_pipeline.py for tasks to queue
[2026-09-09T12:42:59.291+0000] {logging_mixin.py:188} INFO - [2026-09-09T12:42:59.290+0000] {dagbag.py:545} INFO - Filling up the DagBag from /opt/airflow/dags/maritime_intelligence_pipeline.py
[2026-09-09T12:42:59.349+0000] {processor.py:840} INFO - DAG(s) 'maritime_intelligence_pipeline' retrieved from /opt/airflow/dags/maritime_intelligence_pipeline.py
[2026-09-09T12:42:59.422+0000] {logging_mixin.py:188} INFO - [2026-09-09T12:42:59.422+0000] {dag.py:3089} INFO - Sync 1 DAGs
[2026-09-09T12:42:59.484+0000] {logging_mixin.py:188} INFO - [2026-09-09T12:42:59.484+0000] {dag.py:3947} INFO - Setting next_dagrun for maritime_intelligence_pipeline to 2026-09-08 00:00:00+00:00, run_after=2026-09-09 00:00:00+00:00
[2026-09-09T12:42:59.530+0000] {processor.py:183} INFO - Processing /opt/airflow/dags/maritime_intelligence_pipeline.py took 0.277 seconds
[2026-09-09T12:43:29.850+0000] {processor.py:161} INFO - Started process (PID=1616) to work on /opt/airflow/dags/maritime_intelligence_pipeline.py
[2026-09-09T12:43:29.852+0000] {processor.py:830} INFO - Processing file /opt/airflow/dags/maritime_intelligence_pipeline.py for tasks to queue
[2026-09-09T12:43:29.857+0000] {logging_mixin.py:188} INFO - [2026-09-09T12:43:29.856+0000] {dagbag.py:545} INFO - Filling up the DagBag from /opt/airflow/dags/maritime_intelligence_pipeline.py
[2026-09-09T12:43:29.900+0000] {processor.py:840} INFO - DAG(s) 'maritime_intelligence_pipeline' retrieved from /opt/airflow/dags/maritime_intelligence_pipeline.py
[2026-09-09T12:43:29.970+0000] {logging_mixin.py:188} INFO - [2026-09-09T12:43:29.969+0000] {dag.py:3089} INFO - Sync 1 DAGs
[2026-09-09T12:43:30.917+0000] {logging_mixin.py:188} INFO - [2026-09-09T12:43:30.916+0000] {dag.py:3947} INFO - Setting next_dagrun for maritime_intelligence_pipeline to 2026-09-08 00:00:00+00:00, run_after=2026-09-09 00:00:00+00:00
[2026-09-09T12:43:30.991+0000] {processor.py:183} INFO - Processing /opt/airflow/dags/maritime_intelligence_pipeline.py took 1.173 seconds
[2026-09-09T12:44:01.331+0000] {processor.py:161} INFO - Started process (PID=1621) to work on /opt/airflow/dags/maritime_intelligence_pipeline.py
[2026-09-09T12:44:01.333+0000] {processor.py:830} INFO - Processing file /opt/airflow/dags/maritime_intelligence_pipeline.py for tasks to queue
[2026-09-09T12:44:01.338+0000] {logging_mixin.py:188} INFO - [2026-09-09T12:44:01.337+0000] {dagbag.py:545} INFO - Filling up the DagBag from /opt/airflow/dags/maritime_intelligence_pipeline.py
[2026-09-09T12:44:01.390+0000] {processor.py:840} INFO - DAG(s) 'maritime_intelligence_pipeline' retrieved from /opt/airflow/dags/maritime_intelligence_pipeline.py
[2026-09-09T12:44:01.470+0000] {logging_mixin.py:188} INFO - [2026-09-09T12:44:01.469+0000] {dag.py:3089} INFO - Sync 1 DAGs
[2026-09-09T12:44:01.526+0000] {logging_mixin.py:188} INFO - [2026-09-09T12:44:01.526+0000] {dag.py:3947} INFO - Setting next_dagrun for maritime_intelligence_pipeline to 2026-09-08 00:00:00+00:00, run_after=2026-09-09 00:00:00+00:00
[2026-09-09T12:44:01.574+0000] {processor.py:183} INFO - Processing /opt/airflow/dags/maritime_intelligence_pipeline.py took 0.270 seconds
[2026-09-09T12:44:31.907+0000] {processor.py:161} INFO - Started process (PID=1626) to work on /opt/airflow/dags/maritime_intelligence_pipeline.py
[2026-09-09T12:44:31.909+0000] {processor.py:830} INFO - Processing file /opt/airflow/dags/maritime_intelligence_pipeline.py for tasks to queue
[2026-09-09T12:44:31.914+0000] {logging_mixin.py:188} INFO - [2026-09-09T12:44:31.913+0000] {dagbag.py:545} INFO - Filling up the DagBag from /opt/airflow/dags/maritime_intelligence_pipeline.py
[2026-09-09T12:44:32.020+0000] {processor.py:840} INFO - DAG(s) 'maritime_intelligence_pipeline' retrieved from /opt/airflow/dags/maritime_intelligence_pipeline.py
[2026-09-09T12:44:32.086+0000] {logging_mixin.py:188} INFO - [2026-09-09T12:44:32.086+0000] {dag.py:3089} INFO - Sync 1 DAGs
[2026-09-09T12:44:32.134+0000] {logging_mixin.py:188} INFO - [2026-09-09T12:44:32.134+0000] {dag.py:3947} INFO - Setting next_dagrun for maritime_intelligence_pipeline to 2026-09-08 00:00:00+00:00, run_after=2026-09-09 00:00:00+00:00
[2026-09-09T12:44:32.170+0000] {processor.py:183} INFO - Processing /opt/airflow/dags/maritime_intelligence_pipeline.py took 0.278 seconds
[2026-09-09T12:45:02.540+0000] {processor.py:161} INFO - Started process (PID=1631) to work on /opt/airflow/dags/maritime_intelligence_pipeline.py
[2026-09-09T12:45:02.543+0000] {processor.py:830} INFO - Processing file /opt/airflow/dags/maritime_intelligence_pipeline.py for tasks to queue
[2026-09-09T12:45:02.547+0000] {logging_mixin.py:188} INFO - [2026-09-09T12:45:02.547+0000] {dagbag.py:545} INFO - Filling up the DagBag from /opt/airflow/dags/maritime_intelligence_pipeline.py
[2026-09-09T12:45:02.595+0000] {processor.py:840} INFO - DAG(s) 'maritime_intelligence_pipeline' retrieved from /opt/airflow/dags/maritime_intelligence_pipeline.py
[2026-09-09T12:45:02.656+0000] {logging_mixin.py:188} INFO - [2026-09-09T12:45:02.656+0000] {dag.py:3089} INFO - Sync 1 DAGs
[2026-09-09T12:45:02.718+0000] {logging_mixin.py:188} INFO - [2026-09-09T12:45:02.718+0000] {dag.py:3947} INFO - Setting next_dagrun for maritime_intelligence_pipeline to 2026-09-08 00:00:00+00:00, run_after=2026-09-09 00:00:00+00:00
[2026-09-09T12:45:02.783+0000] {processor.py:183} INFO - Processing /opt/airflow/dags/maritime_intelligence_pipeline.py took 0.256 seconds
[2026-09-09T12:45:33.102+0000] {processor.py:161} INFO - Started process (PID=1636) to work on /opt/airflow/dags/maritime_intelligence_pipeline.py
[2026-09-09T12:45:33.105+0000] {processor.py:830} INFO - Processing file /opt/airflow/dags/maritime_intelligence_pipeline.py for tasks to queue
[2026-09-09T12:45:33.113+0000] {logging_mixin.py:188} INFO - [2026-09-09T12:45:33.112+0000] {dagbag.py:545} INFO - Filling up the DagBag from /opt/airflow/dags/maritime_intelligence_pipeline.py
[2026-09-09T12:45:33.189+0000] {processor.py:840} INFO - DAG(s) 'maritime_intelligence_pipeline' retrieved from /opt/airflow/dags/maritime_intelligence_pipeline.py
[2026-09-09T12:45:33.312+0000] {logging_mixin.py:188} INFO - [2026-09-09T12:45:33.312+0000] {dag.py:3089} INFO - Sync 1 DAGs
[2026-09-09T12:45:33.448+0000] {logging_mixin.py:188} INFO - [2026-09-09T12:45:33.447+0000] {dag.py:3947} INFO - Setting next_dagrun for maritime_intelligence_pipeline to 2026-09-08 00:00:00+00:00, run_after=2026-09-09 00:00:00+00:00
[2026-09-09T12:45:33.521+0000] {processor.py:183} INFO - Processing /opt/airflow/dags/maritime_intelligence_pipeline.py took 0.439 seconds
[2026-09-09T12:46:03.923+0000] {processor.py:161} INFO - Started process (PID=1641) to work on /opt/airflow/dags/maritime_intelligence_pipeline.py
[2026-09-09T12:46:03.927+0000] {processor.py:830} INFO - Processing file /opt/airflow/dags/maritime_intelligence_pipeline.py for tasks to queue
[2026-09-09T12:46:03.932+0000] {logging_mixin.py:188} INFO - [2026-09-09T12:46:03.932+0000] {dagbag.py:545} INFO - Filling up the DagBag from /opt/airflow/dags/maritime_intelligence_pipeline.py
[2026-09-09T12:46:04.014+0000] {processor.py:840} INFO - DAG(s) 'maritime_intelligence_pipeline' retrieved from /opt/airflow/dags/maritime_intelligence_pipeline.py
[2026-09-09T12:46:04.087+0000] {logging_mixin.py:188} INFO - [2026-09-09T12:46:04.087+0000] {dag.py:3089} INFO - Sync 1 DAGs
[2026-09-09T12:46:04.141+0000] {logging_mixin.py:188} INFO - [2026-09-09T12:46:04.140+0000] {dag.py:3947} INFO - Setting next_dagrun for maritime_intelligence_pipeline to 2026-09-08 00:00:00+00:00, run_after=2026-09-09 00:00:00+00:00
[2026-09-09T12:46:04.182+0000] {processor.py:183} INFO - Processing /opt/airflow/dags/maritime_intelligence_pipeline.py took 0.277 seconds
[2026-09-09T12:46:34.510+0000] {processor.py:161} INFO - Started process (PID=1646) to work on /opt/airflow/dags/maritime_intelligence_pipeline.py
[2026-09-09T12:46:34.513+0000] {processor.py:830} INFO - Processing file /opt/airflow/dags/maritime_intelligence_pipeline.py for tasks to queue
[2026-09-09T12:46:34.520+0000] {logging_mixin.py:188} INFO - [2026-09-09T12:46:34.519+0000] {dagbag.py:545} INFO - Filling up the DagBag from /opt/airflow/dags/maritime_intelligence_pipeline.py
[2026-09-09T12:46:34.591+0000] {processor.py:840} INFO - DAG(s) 'maritime_intelligence_pipeline' retrieved from /opt/airflow/dags/maritime_intelligence_pipeline.py
[2026-09-09T12:46:34.721+0000] {logging_mixin.py:188} INFO - [2026-09-09T12:46:34.720+0000] {dag.py:3089} INFO - Sync 1 DAGs
[2026-09-09T12:46:34.785+0000] {logging_mixin.py:188} INFO - [2026-09-09T12:46:34.785+0000] {dag.py:3947} INFO - Setting next_dagrun for maritime_intelligence_pipeline to 2026-09-08 00:00:00+00:00, run_after=2026-09-09 00:00:00+00:00
[2026-09-09T12:46:34.829+0000] {processor.py:183} INFO - Processing /opt/airflow/dags/maritime_intelligence_pipeline.py took 0.341 seconds
[2026-09-09T12:47:05.145+0000] {processor.py:161} INFO - Started process (PID=1651) to work on /opt/airflow/dags/maritime_intelligence_pipeline.py
[2026-09-09T12:47:05.150+0000] {processor.py:830} INFO - Processing file /opt/airflow/dags/maritime_intelligence_pipeline.py for tasks to queue
[2026-09-09T12:47:05.158+0000] {logging_mixin.py:188} INFO - [2026-09-09T12:47:05.157+0000] {dagbag.py:545} INFO - Filling up the DagBag from /opt/airflow/dags/maritime_intelligence_pipeline.py
[2026-09-09T12:47:05.216+0000] {processor.py:840} INFO - DAG(s) 'maritime_intelligence_pipeline' retrieved from /opt/airflow/dags/maritime_intelligence_pipeline.py
[2026-09-09T12:47:05.287+0000] {logging_mixin.py:188} INFO - [2026-09-09T12:47:05.286+0000] {dag.py:3089} INFO - Sync 1 DAGs
[2026-09-09T12:47:05.344+0000] {logging_mixin.py:188} INFO - [2026-09-09T12:47:05.343+0000] {dag.py:3947} INFO - Setting next_dagrun for maritime_intelligence_pipeline to 2026-09-08 00:00:00+00:00, run_after=2026-09-09 00:00:00+00:00
[2026-09-09T12:47:05.379+0000] {processor.py:183} INFO - Processing /opt/airflow/dags/maritime_intelligence_pipeline.py took 0.254 seconds
[2026-09-09T12:47:35.675+0000] {processor.py:161} INFO - Started process (PID=1656) to work on /opt/airflow/dags/maritime_intelligence_pipeline.py
[2026-09-09T12:47:35.678+0000] {processor.py:830} INFO - Processing file /opt/airflow/dags/maritime_intelligence_pipeline.py for tasks to queue
[2026-09-09T12:47:35.683+0000] {logging_mixin.py:188} INFO - [2026-09-09T12:47:35.683+0000] {dagbag.py:545} INFO - Filling up the DagBag from /opt/airflow/dags/maritime_intelligence_pipeline.py
[2026-09-09T12:47:35.748+0000] {processor.py:840} INFO - DAG(s) 'maritime_intelligence_pipeline' retrieved from /opt/airflow/dags/maritime_intelligence_pipeline.py
[2026-09-09T12:47:35.835+0000] {logging_mixin.py:188} INFO - [2026-09-09T12:47:35.835+0000] {dag.py:3089} INFO - Sync 1 DAGs
[2026-09-09T12:47:35.947+0000] {logging_mixin.py:188} INFO - [2026-09-09T12:47:35.947+0000] {dag.py:3947} INFO - Setting next_dagrun for maritime_intelligence_pipeline to 2026-09-08 00:00:00+00:00, run_after=2026-09-09 00:00:00+00:00
[2026-09-09T12:47:35.999+0000] {processor.py:183} INFO - Processing /opt/airflow/dags/maritime_intelligence_pipeline.py took 0.345 seconds
[2026-09-09T12:48:06.414+0000] {processor.py:161} INFO - Started process (PID=1661) to work on /opt/airflow/dags/maritime_intelligence_pipeline.py
[2026-09-09T12:48:06.424+0000] {processor.py:830} INFO - Processing file /opt/airflow/dags/maritime_intelligence_pipeline.py for tasks to queue
[2026-09-09T12:48:06.434+0000] {logging_mixin.py:188} INFO - [2026-09-09T12:48:06.433+0000] {dagbag.py:545} INFO - Filling up the DagBag from /opt/airflow/dags/maritime_intelligence_pipeline.py
[2026-09-09T12:48:06.540+0000] {processor.py:840} INFO - DAG(s) 'maritime_intelligence_pipeline' retrieved from /opt/airflow/dags/maritime_intelligence_pipeline.py
[2026-09-09T12:48:06.624+0000] {logging_mixin.py:188} INFO - [2026-09-09T12:48:06.624+0000] {dag.py:3089} INFO - Sync 1 DAGs
[2026-09-09T12:48:06.695+0000] {logging_mixin.py:188} INFO - [2026-09-09T12:48:06.693+0000] {dag.py:3947} INFO - Setting next_dagrun for maritime_intelligence_pipeline to 2026-09-08 00:00:00+00:00, run_after=2026-09-09 00:00:00+00:00
[2026-09-09T12:48:06.750+0000] {processor.py:183} INFO - Processing /opt/airflow/dags/maritime_intelligence_pipeline.py took 0.363 seconds
[2026-09-09T12:48:37.065+0000] {processor.py:161} INFO - Started process (PID=1666) to work on /opt/airflow/dags/maritime_intelligence_pipeline.py
[2026-09-09T12:48:37.067+0000] {processor.py:830} INFO - Processing file /opt/airflow/dags/maritime_intelligence_pipeline.py for tasks to queue
[2026-09-09T12:48:37.072+0000] {logging_mixin.py:188} INFO - [2026-09-09T12:48:37.071+0000] {dagbag.py:545} INFO - Filling up the DagBag from /opt/airflow/dags/maritime_intelligence_pipeline.py
[2026-09-09T12:48:37.116+0000] {processor.py:840} INFO - DAG(s) 'maritime_intelligence_pipeline' retrieved from /opt/airflow/dags/maritime_intelligence_pipeline.py
[2026-09-09T12:48:37.271+0000] {logging_mixin.py:188} INFO - [2026-09-09T12:48:37.271+0000] {dag.py:3089} INFO - Sync 1 DAGs
[2026-09-09T12:48:37.370+0000] {logging_mixin.py:188} INFO - [2026-09-09T12:48:37.370+0000] {dag.py:3947} INFO - Setting next_dagrun for maritime_intelligence_pipeline to 2026-09-08 00:00:00+00:00, run_after=2026-09-09 00:00:00+00:00
[2026-09-09T12:48:37.411+0000] {processor.py:183} INFO - Processing /opt/airflow/dags/maritime_intelligence_pipeline.py took 0.360 seconds
[2026-09-09T12:49:07.725+0000] {processor.py:161} INFO - Started process (PID=1671) to work on /opt/airflow/dags/maritime_intelligence_pipeline.py
[2026-09-09T12:49:07.729+0000] {processor.py:830} INFO - Processing file /opt/airflow/dags/maritime_intelligence_pipeline.py for tasks to queue
[2026-09-09T12:49:07.735+0000] {logging_mixin.py:188} INFO - [2026-09-09T12:49:07.734+0000] {dagbag.py:545} INFO - Filling up the DagBag from /opt/airflow/dags/maritime_intelligence_pipeline.py
[2026-09-09T12:49:07.776+0000] {processor.py:840} INFO - DAG(s) 'maritime_intelligence_pipeline' retrieved from /opt/airflow/dags/maritime_intelligence_pipeline.py
[2026-09-09T12:49:07.839+0000] {logging_mixin.py:188} INFO - [2026-09-09T12:49:07.839+0000] {dag.py:3089} INFO - Sync 1 DAGs
[2026-09-09T12:49:07.889+0000] {logging_mixin.py:188} INFO - [2026-09-09T12:49:07.888+0000] {dag.py:3947} INFO - Setting next_dagrun for maritime_intelligence_pipeline to 2026-09-08 00:00:00+00:00, run_after=2026-09-09 00:00:00+00:00
[2026-09-09T12:49:07.928+0000] {processor.py:183} INFO - Processing /opt/airflow/dags/maritime_intelligence_pipeline.py took 0.218 seconds
[2026-09-09T12:49:38.210+0000] {processor.py:161} INFO - Started process (PID=1676) to work on /opt/airflow/dags/maritime_intelligence_pipeline.py
[2026-09-09T12:49:38.213+0000] {processor.py:830} INFO - Processing file /opt/airflow/dags/maritime_intelligence_pipeline.py for tasks to queue
[2026-09-09T12:49:38.219+0000] {logging_mixin.py:188} INFO - [2026-09-09T12:49:38.218+0000] {dagbag.py:545} INFO - Filling up the DagBag from /opt/airflow/dags/maritime_intelligence_pipeline.py
[2026-09-09T12:49:38.264+0000] {processor.py:840} INFO - DAG(s) 'maritime_intelligence_pipeline' retrieved from /opt/airflow/dags/maritime_intelligence_pipeline.py
[2026-09-09T12:49:38.323+0000] {logging_mixin.py:188} INFO - [2026-09-09T12:49:38.322+0000] {dag.py:3089} INFO - Sync 1 DAGs
[2026-09-09T12:49:38.371+0000] {logging_mixin.py:188} INFO - [2026-09-09T12:49:38.370+0000] {dag.py:3947} INFO - Setting next_dagrun for maritime_intelligence_pipeline to 2026-09-08 00:00:00+00:00, run_after=2026-09-09 00:00:00+00:00
[2026-09-09T12:49:38.407+0000] {processor.py:183} INFO - Processing /opt/airflow/dags/maritime_intelligence_pipeline.py took 0.212 seconds
[2026-09-09T12:50:08.728+0000] {processor.py:161} INFO - Started process (PID=1681) to work on /opt/airflow/dags/maritime_intelligence_pipeline.py
[2026-09-09T12:50:08.731+0000] {processor.py:830} INFO - Processing file /opt/airflow/dags/maritime_intelligence_pipeline.py for tasks to queue
[2026-09-09T12:50:08.739+0000] {logging_mixin.py:188} INFO - [2026-09-09T12:50:08.738+0000] {dagbag.py:545} INFO - Filling up the DagBag from /opt/airflow/dags/maritime_intelligence_pipeline.py
[2026-09-09T12:50:08.790+0000] {processor.py:840} INFO - DAG(s) 'maritime_intelligence_pipeline' retrieved from /opt/airflow/dags/maritime_intelligence_pipeline.py
[2026-09-09T12:50:08.872+0000] {logging_mixin.py:188} INFO - [2026-09-09T12:50:08.872+0000] {dag.py:3089} INFO - Sync 1 DAGs
[2026-09-09T12:50:08.931+0000] {logging_mixin.py:188} INFO - [2026-09-09T12:50:08.931+0000] {dag.py:3947} INFO - Setting next_dagrun for maritime_intelligence_pipeline to 2026-09-08 00:00:00+00:00, run_after=2026-09-09 00:00:00+00:00
[2026-09-09T12:50:08.973+0000] {processor.py:183} INFO - Processing /opt/airflow/dags/maritime_intelligence_pipeline.py took 0.264 seconds
[2026-09-09T12:50:39.265+0000] {processor.py:161} INFO - Started process (PID=1686) to work on /opt/airflow/dags/maritime_intelligence_pipeline.py
[2026-09-09T12:50:39.268+0000] {processor.py:830} INFO - Processing file /opt/airflow/dags/maritime_intelligence_pipeline.py for tasks to queue
[2026-09-09T12:50:39.278+0000] {logging_mixin.py:188} INFO - [2026-09-09T12:50:39.273+0000] {dagbag.py:545} INFO - Filling up the DagBag from /opt/airflow/dags/maritime_intelligence_pipeline.py
[2026-09-09T12:50:39.334+0000] {processor.py:840} INFO - DAG(s) 'maritime_intelligence_pipeline' retrieved from /opt/airflow/dags/maritime_intelligence_pipeline.py
[2026-09-09T12:50:39.409+0000] {logging_mixin.py:188} INFO - [2026-09-09T12:50:39.408+0000] {dag.py:3089} INFO - Sync 1 DAGs
[2026-09-09T12:50:39.468+0000] {logging_mixin.py:188} INFO - [2026-09-09T12:50:39.467+0000] {dag.py:3947} INFO - Setting next_dagrun for maritime_intelligence_pipeline to 2026-09-08 00:00:00+00:00, run_after=2026-09-09 00:00:00+00:00
[2026-09-09T12:50:39.508+0000] {processor.py:183} INFO - Processing /opt/airflow/dags/maritime_intelligence_pipeline.py took 0.260 seconds
[2026-09-09T12:51:09.805+0000] {processor.py:161} INFO - Started process (PID=1691) to work on /opt/airflow/dags/maritime_intelligence_pipeline.py
[2026-09-09T12:51:09.812+0000] {processor.py:830} INFO - Processing file /opt/airflow/dags/maritime_intelligence_pipeline.py for tasks to queue
[2026-09-09T12:51:09.819+0000] {logging_mixin.py:188} INFO - [2026-09-09T12:51:09.818+0000] {dagbag.py:545} INFO - Filling up the DagBag from /opt/airflow/dags/maritime_intelligence_pipeline.py
[2026-09-09T12:51:09.872+0000] {processor.py:840} INFO - DAG(s) 'maritime_intelligence_pipeline' retrieved from /opt/airflow/dags/maritime_intelligence_pipeline.py
[2026-09-09T12:51:09.940+0000] {logging_mixin.py:188} INFO - [2026-09-09T12:51:09.939+0000] {dag.py:3089} INFO - Sync 1 DAGs
[2026-09-09T12:51:10.169+0000] {logging_mixin.py:188} INFO - [2026-09-09T12:51:10.168+0000] {dag.py:3947} INFO - Setting next_dagrun for maritime_intelligence_pipeline to 2026-09-08 00:00:00+00:00, run_after=2026-09-09 00:00:00+00:00
[2026-09-09T12:51:10.206+0000] {processor.py:183} INFO - Processing /opt/airflow/dags/maritime_intelligence_pipeline.py took 0.417 seconds
[2026-09-09T12:51:40.613+0000] {processor.py:161} INFO - Started process (PID=1696) to work on /opt/airflow/dags/maritime_intelligence_pipeline.py
[2026-09-09T12:51:40.620+0000] {processor.py:830} INFO - Processing file /opt/airflow/dags/maritime_intelligence_pipeline.py for tasks to queue
[2026-09-09T12:51:40.628+0000] {logging_mixin.py:188} INFO - [2026-09-09T12:51:40.627+0000] {dagbag.py:545} INFO - Filling up the DagBag from /opt/airflow/dags/maritime_intelligence_pipeline.py
[2026-09-09T12:51:40.682+0000] {processor.py:840} INFO - DAG(s) 'maritime_intelligence_pipeline' retrieved from /opt/airflow/dags/maritime_intelligence_pipeline.py
[2026-09-09T12:51:40.777+0000] {logging_mixin.py:188} INFO - [2026-09-09T12:51:40.777+0000] {dag.py:3089} INFO - Sync 1 DAGs
[2026-09-09T12:51:40.838+0000] {logging_mixin.py:188} INFO - [2026-09-09T12:51:40.837+0000] {dag.py:3947} INFO - Setting next_dagrun for maritime_intelligence_pipeline to 2026-09-08 00:00:00+00:00, run_after=2026-09-09 00:00:00+00:00
[2026-09-09T12:51:40.880+0000] {processor.py:183} INFO - Processing /opt/airflow/dags/maritime_intelligence_pipeline.py took 0.298 seconds
[2026-09-09T12:52:11.182+0000] {processor.py:161} INFO - Started process (PID=1701) to work on /opt/airflow/dags/maritime_intelligence_pipeline.py
[2026-09-09T12:52:11.185+0000] {processor.py:830} INFO - Processing file /opt/airflow/dags/maritime_intelligence_pipeline.py for tasks to queue
[2026-09-09T12:52:11.190+0000] {logging_mixin.py:188} INFO - [2026-09-09T12:52:11.189+0000] {dagbag.py:545} INFO - Filling up the DagBag from /opt/airflow/dags/maritime_intelligence_pipeline.py
[2026-09-09T12:52:11.243+0000] {processor.py:840} INFO - DAG(s) 'maritime_intelligence_pipeline' retrieved from /opt/airflow/dags/maritime_intelligence_pipeline.py
[2026-09-09T12:52:11.314+0000] {logging_mixin.py:188} INFO - [2026-09-09T12:52:11.313+0000] {dag.py:3089} INFO - Sync 1 DAGs
[2026-09-09T12:52:11.369+0000] {logging_mixin.py:188} INFO - [2026-09-09T12:52:11.368+0000] {dag.py:3947} INFO - Setting next_dagrun for maritime_intelligence_pipeline to 2026-09-08 00:00:00+00:00, run_after=2026-09-09 00:00:00+00:00
[2026-09-09T12:52:11.411+0000] {processor.py:183} INFO - Processing /opt/airflow/dags/maritime_intelligence_pipeline.py took 0.248 seconds
[2026-09-09T12:52:41.713+0000] {processor.py:161} INFO - Started process (PID=1706) to work on /opt/airflow/dags/maritime_intelligence_pipeline.py
[2026-09-09T12:52:41.717+0000] {processor.py:830} INFO - Processing file /opt/airflow/dags/maritime_intelligence_pipeline.py for tasks to queue
[2026-09-09T12:52:41.818+0000] {logging_mixin.py:188} INFO - [2026-09-09T12:52:41.750+0000] {dagbag.py:545} INFO - Filling up the DagBag from /opt/airflow/dags/maritime_intelligence_pipeline.py
[2026-09-09T12:52:41.873+0000] {processor.py:840} INFO - DAG(s) 'maritime_intelligence_pipeline' retrieved from /opt/airflow/dags/maritime_intelligence_pipeline.py
[2026-09-09T12:52:41.944+0000] {logging_mixin.py:188} INFO - [2026-09-09T12:52:41.944+0000] {dag.py:3089} INFO - Sync 1 DAGs
[2026-09-09T12:52:41.997+0000] {logging_mixin.py:188} INFO - [2026-09-09T12:52:41.997+0000] {dag.py:3947} INFO - Setting next_dagrun for maritime_intelligence_pipeline to 2026-09-08 00:00:00+00:00, run_after=2026-09-09 00:00:00+00:00
[2026-09-09T12:52:42.038+0000] {processor.py:183} INFO - Processing /opt/airflow/dags/maritime_intelligence_pipeline.py took 0.344 seconds
[2026-09-09T12:53:12.306+0000] {processor.py:161} INFO - Started process (PID=1711) to work on /opt/airflow/dags/maritime_intelligence_pipeline.py
[2026-09-09T12:53:12.309+0000] {processor.py:830} INFO - Processing file /opt/airflow/dags/maritime_intelligence_pipeline.py for tasks to queue
[2026-09-09T12:53:12.314+0000] {logging_mixin.py:188} INFO - [2026-09-09T12:53:12.313+0000] {dagbag.py:545} INFO - Filling up the DagBag from /opt/airflow/dags/maritime_intelligence_pipeline.py
[2026-09-09T12:53:12.360+0000] {processor.py:840} INFO - DAG(s) 'maritime_intelligence_pipeline' retrieved from /opt/airflow/dags/maritime_intelligence_pipeline.py
[2026-09-09T12:53:12.424+0000] {logging_mixin.py:188} INFO - [2026-09-09T12:53:12.423+0000] {dag.py:3089} INFO - Sync 1 DAGs
[2026-09-09T12:53:12.470+0000] {logging_mixin.py:188} INFO - [2026-09-09T12:53:12.470+0000] {dag.py:3947} INFO - Setting next_dagrun for maritime_intelligence_pipeline to 2026-09-08 00:00:00+00:00, run_after=2026-09-09 00:00:00+00:00
[2026-09-09T12:53:12.506+0000] {processor.py:183} INFO - Processing /opt/airflow/dags/maritime_intelligence_pipeline.py took 0.214 seconds
[2026-09-09T12:53:42.749+0000] {processor.py:161} INFO - Started process (PID=1716) to work on /opt/airflow/dags/maritime_intelligence_pipeline.py
[2026-09-09T12:53:42.752+0000] {processor.py:830} INFO - Processing file /opt/airflow/dags/maritime_intelligence_pipeline.py for tasks to queue
[2026-09-09T12:53:42.756+0000] {logging_mixin.py:188} INFO - [2026-09-09T12:53:42.755+0000] {dagbag.py:545} INFO - Filling up the DagBag from /opt/airflow/dags/maritime_intelligence_pipeline.py
[2026-09-09T12:53:42.796+0000] {processor.py:840} INFO - DAG(s) 'maritime_intelligence_pipeline' retrieved from /opt/airflow/dags/maritime_intelligence_pipeline.py
[2026-09-09T12:53:42.853+0000] {logging_mixin.py:188} INFO - [2026-09-09T12:53:42.853+0000] {dag.py:3089} INFO - Sync 1 DAGs
[2026-09-09T12:53:42.890+0000] {logging_mixin.py:188} INFO - [2026-09-09T12:53:42.890+0000] {dag.py:3947} INFO - Setting next_dagrun for maritime_intelligence_pipeline to 2026-09-08 00:00:00+00:00, run_after=2026-09-09 00:00:00+00:00
[2026-09-09T12:53:42.926+0000] {processor.py:183} INFO - Processing /opt/airflow/dags/maritime_intelligence_pipeline.py took 0.191 seconds
[2026-09-09T12:54:13.151+0000] {processor.py:161} INFO - Started process (PID=1721) to work on /opt/airflow/dags/maritime_intelligence_pipeline.py
[2026-09-09T12:54:13.153+0000] {processor.py:830} INFO - Processing file /opt/airflow/dags/maritime_intelligence_pipeline.py for tasks to queue
[2026-09-09T12:54:13.156+0000] {logging_mixin.py:188} INFO - [2026-09-09T12:54:13.156+0000] {dagbag.py:545} INFO - Filling up the DagBag from /opt/airflow/dags/maritime_intelligence_pipeline.py
[2026-09-09T12:54:13.197+0000] {processor.py:840} INFO - DAG(s) 'maritime_intelligence_pipeline' retrieved from /opt/airflow/dags/maritime_intelligence_pipeline.py
[2026-09-09T12:54:13.251+0000] {logging_mixin.py:188} INFO - [2026-09-09T12:54:13.251+0000] {dag.py:3089} INFO - Sync 1 DAGs
[2026-09-09T12:54:13.298+0000] {logging_mixin.py:188} INFO - [2026-09-09T12:54:13.298+0000] {dag.py:3947} INFO - Setting next_dagrun for maritime_intelligence_pipeline to 2026-09-08 00:00:00+00:00, run_after=2026-09-09 00:00:00+00:00
[2026-09-09T12:54:13.329+0000] {processor.py:183} INFO - Processing /opt/airflow/dags/maritime_intelligence_pipeline.py took 0.188 seconds
[2026-09-09T12:54:43.430+0000] {processor.py:161} INFO - Started process (PID=1726) to work on /opt/airflow/dags/maritime_intelligence_pipeline.py
[2026-09-09T12:54:43.432+0000] {processor.py:830} INFO - Processing file /opt/airflow/dags/maritime_intelligence_pipeline.py for tasks to queue
[2026-09-09T12:54:43.436+0000] {logging_mixin.py:188} INFO - [2026-09-09T12:54:43.436+0000] {dagbag.py:545} INFO - Filling up the DagBag from /opt/airflow/dags/maritime_intelligence_pipeline.py
[2026-09-09T12:54:43.480+0000] {processor.py:840} INFO - DAG(s) 'maritime_intelligence_pipeline' retrieved from /opt/airflow/dags/maritime_intelligence_pipeline.py
[2026-09-09T12:54:43.531+0000] {logging_mixin.py:188} INFO - [2026-09-09T12:54:43.531+0000] {dag.py:3089} INFO - Sync 1 DAGs
[2026-09-09T12:54:43.569+0000] {logging_mixin.py:188} INFO - [2026-09-09T12:54:43.569+0000] {dag.py:3947} INFO - Setting next_dagrun for maritime_intelligence_pipeline to 2026-09-08 00:00:00+00:00, run_after=2026-09-09 00:00:00+00:00
[2026-09-09T12:54:43.599+0000] {processor.py:183} INFO - Processing /opt/airflow/dags/maritime_intelligence_pipeline.py took 0.180 seconds
[2026-09-09T12:55:13.750+0000] {processor.py:161} INFO - Started process (PID=1731) to work on /opt/airflow/dags/maritime_intelligence_pipeline.py
[2026-09-09T12:55:13.753+0000] {processor.py:830} INFO - Processing file /opt/airflow/dags/maritime_intelligence_pipeline.py for tasks to queue
[2026-09-09T12:55:13.759+0000] {logging_mixin.py:188} INFO - [2026-09-09T12:55:13.758+0000] {dagbag.py:545} INFO - Filling up the DagBag from /opt/airflow/dags/maritime_intelligence_pipeline.py
[2026-09-09T12:55:13.842+0000] {processor.py:840} INFO - DAG(s) 'maritime_intelligence_pipeline' retrieved from /opt/airflow/dags/maritime_intelligence_pipeline.py
[2026-09-09T12:55:13.916+0000] {logging_mixin.py:188} INFO - [2026-09-09T12:55:13.916+0000] {dag.py:3089} INFO - Sync 1 DAGs
[2026-09-09T12:55:13.976+0000] {logging_mixin.py:188} INFO - [2026-09-09T12:55:13.976+0000] {dag.py:3947} INFO - Setting next_dagrun for maritime_intelligence_pipeline to 2026-09-08 00:00:00+00:00, run_after=2026-09-09 00:00:00+00:00
[2026-09-09T12:55:14.033+0000] {processor.py:183} INFO - Processing /opt/airflow/dags/maritime_intelligence_pipeline.py took 0.301 seconds
[2026-09-09T12:55:44.341+0000] {processor.py:161} INFO - Started process (PID=1736) to work on /opt/airflow/dags/maritime_intelligence_pipeline.py
[2026-09-09T12:55:44.343+0000] {processor.py:830} INFO - Processing file /opt/airflow/dags/maritime_intelligence_pipeline.py for tasks to queue
[2026-09-09T12:55:44.347+0000] {logging_mixin.py:188} INFO - [2026-09-09T12:55:44.347+0000] {dagbag.py:545} INFO - Filling up the DagBag from /opt/airflow/dags/maritime_intelligence_pipeline.py
[2026-09-09T12:55:44.387+0000] {processor.py:840} INFO - DAG(s) 'maritime_intelligence_pipeline' retrieved from /opt/airflow/dags/maritime_intelligence_pipeline.py
[2026-09-09T12:55:44.436+0000] {logging_mixin.py:188} INFO - [2026-09-09T12:55:44.435+0000] {dag.py:3089} INFO - Sync 1 DAGs
[2026-09-09T12:55:44.469+0000] {logging_mixin.py:188} INFO - [2026-09-09T12:55:44.469+0000] {dag.py:3947} INFO - Setting next_dagrun for maritime_intelligence_pipeline to 2026-09-08 00:00:00+00:00, run_after=2026-09-09 00:00:00+00:00
[2026-09-09T12:55:44.518+0000] {processor.py:183} INFO - Processing /opt/airflow/dags/maritime_intelligence_pipeline.py took 0.188 seconds
[2026-09-09T12:56:14.632+0000] {processor.py:161} INFO - Started process (PID=1741) to work on /opt/airflow/dags/maritime_intelligence_pipeline.py
[2026-09-09T12:56:14.634+0000] {processor.py:830} INFO - Processing file /opt/airflow/dags/maritime_intelligence_pipeline.py for tasks to queue
[2026-09-09T12:56:14.637+0000] {logging_mixin.py:188} INFO - [2026-09-09T12:56:14.637+0000] {dagbag.py:545} INFO - Filling up the DagBag from /opt/airflow/dags/maritime_intelligence_pipeline.py
[2026-09-09T12:56:14.675+0000] {processor.py:840} INFO - DAG(s) 'maritime_intelligence_pipeline' retrieved from /opt/airflow/dags/maritime_intelligence_pipeline.py
[2026-09-09T12:56:14.717+0000] {logging_mixin.py:188} INFO - [2026-09-09T12:56:14.716+0000] {dag.py:3089} INFO - Sync 1 DAGs
[2026-09-09T12:56:14.748+0000] {logging_mixin.py:188} INFO - [2026-09-09T12:56:14.748+0000] {dag.py:3947} INFO - Setting next_dagrun for maritime_intelligence_pipeline to 2026-09-08 00:00:00+00:00, run_after=2026-09-09 00:00:00+00:00
[2026-09-09T12:56:14.775+0000] {processor.py:183} INFO - Processing /opt/airflow/dags/maritime_intelligence_pipeline.py took 0.153 seconds
[2026-09-09T12:56:45.460+0000] {processor.py:161} INFO - Started process (PID=1746) to work on /opt/airflow/dags/maritime_intelligence_pipeline.py
[2026-09-09T12:56:45.462+0000] {processor.py:830} INFO - Processing file /opt/airflow/dags/maritime_intelligence_pipeline.py for tasks to queue
[2026-09-09T12:56:45.466+0000] {logging_mixin.py:188} INFO - [2026-09-09T12:56:45.466+0000] {dagbag.py:545} INFO - Filling up the DagBag from /opt/airflow/dags/maritime_intelligence_pipeline.py
[2026-09-09T12:56:45.505+0000] {processor.py:840} INFO - DAG(s) 'maritime_intelligence_pipeline' retrieved from /opt/airflow/dags/maritime_intelligence_pipeline.py
[2026-09-09T12:56:45.548+0000] {logging_mixin.py:188} INFO - [2026-09-09T12:56:45.548+0000] {dag.py:3089} INFO - Sync 1 DAGs
[2026-09-09T12:56:45.581+0000] {logging_mixin.py:188} INFO - [2026-09-09T12:56:45.581+0000] {dag.py:3947} INFO - Setting next_dagrun for maritime_intelligence_pipeline to 2026-09-08 00:00:00+00:00, run_after=2026-09-09 00:00:00+00:00
[2026-09-09T12:56:45.613+0000] {processor.py:183} INFO - Processing /opt/airflow/dags/maritime_intelligence_pipeline.py took 0.163 seconds
[2026-09-09T12:57:15.767+0000] {processor.py:161} INFO - Started process (PID=1751) to work on /opt/airflow/dags/maritime_intelligence_pipeline.py
[2026-09-09T12:57:15.770+0000] {processor.py:830} INFO - Processing file /opt/airflow/dags/maritime_intelligence_pipeline.py for tasks to queue
[2026-09-09T12:57:15.775+0000] {logging_mixin.py:188} INFO - [2026-09-09T12:57:15.774+0000] {dagbag.py:545} INFO - Filling up the DagBag from /opt/airflow/dags/maritime_intelligence_pipeline.py
[2026-09-09T12:57:15.813+0000] {processor.py:840} INFO - DAG(s) 'maritime_intelligence_pipeline' retrieved from /opt/airflow/dags/maritime_intelligence_pipeline.py
[2026-09-09T12:57:15.861+0000] {logging_mixin.py:188} INFO - [2026-09-09T12:57:15.860+0000] {dag.py:3089} INFO - Sync 1 DAGs
[2026-09-09T12:57:15.896+0000] {logging_mixin.py:188} INFO - [2026-09-09T12:57:15.896+0000] {dag.py:3947} INFO - Setting next_dagrun for maritime_intelligence_pipeline to 2026-09-08 00:00:00+00:00, run_after=2026-09-09 00:00:00+00:00
[2026-09-09T12:57:15.925+0000] {processor.py:183} INFO - Processing /opt/airflow/dags/maritime_intelligence_pipeline.py took 0.172 seconds
[2026-09-09T12:57:46.381+0000] {processor.py:161} INFO - Started process (PID=1756) to work on /opt/airflow/dags/maritime_intelligence_pipeline.py
[2026-09-09T12:57:46.384+0000] {processor.py:830} INFO - Processing file /opt/airflow/dags/maritime_intelligence_pipeline.py for tasks to queue
[2026-09-09T12:57:46.387+0000] {logging_mixin.py:188} INFO - [2026-09-09T12:57:46.387+0000] {dagbag.py:545} INFO - Filling up the DagBag from /opt/airflow/dags/maritime_intelligence_pipeline.py
[2026-09-09T12:57:46.424+0000] {processor.py:840} INFO - DAG(s) 'maritime_intelligence_pipeline' retrieved from /opt/airflow/dags/maritime_intelligence_pipeline.py
[2026-09-09T12:57:46.470+0000] {logging_mixin.py:188} INFO - [2026-09-09T12:57:46.470+0000] {dag.py:3089} INFO - Sync 1 DAGs
[2026-09-09T12:57:46.511+0000] {logging_mixin.py:188} INFO - [2026-09-09T12:57:46.511+0000] {dag.py:3947} INFO - Setting next_dagrun for maritime_intelligence_pipeline to 2026-09-08 00:00:00+00:00, run_after=2026-09-09 00:00:00+00:00
[2026-09-09T12:57:46.545+0000] {processor.py:183} INFO - Processing /opt/airflow/dags/maritime_intelligence_pipeline.py took 0.176 seconds
[2026-09-09T12:58:16.869+0000] {processor.py:161} INFO - Started process (PID=1761) to work on /opt/airflow/dags/maritime_intelligence_pipeline.py
[2026-09-09T12:58:16.873+0000] {processor.py:830} INFO - Processing file /opt/airflow/dags/maritime_intelligence_pipeline.py for tasks to queue
[2026-09-09T12:58:16.879+0000] {logging_mixin.py:188} INFO - [2026-09-09T12:58:16.878+0000] {dagbag.py:545} INFO - Filling up the DagBag from /opt/airflow/dags/maritime_intelligence_pipeline.py
[2026-09-09T12:58:16.929+0000] {processor.py:840} INFO - DAG(s) 'maritime_intelligence_pipeline' retrieved from /opt/airflow/dags/maritime_intelligence_pipeline.py
[2026-09-09T12:58:16.988+0000] {logging_mixin.py:188} INFO - [2026-09-09T12:58:16.987+0000] {dag.py:3089} INFO - Sync 1 DAGs
[2026-09-09T12:58:17.062+0000] {logging_mixin.py:188} INFO - [2026-09-09T12:58:17.062+0000] {dag.py:3947} INFO - Setting next_dagrun for maritime_intelligence_pipeline to 2026-09-08 00:00:00+00:00, run_after=2026-09-09 00:00:00+00:00
[2026-09-09T12:58:17.093+0000] {processor.py:183} INFO - Processing /opt/airflow/dags/maritime_intelligence_pipeline.py took 0.241 seconds
[2026-09-09T12:58:47.405+0000] {processor.py:161} INFO - Started process (PID=1766) to work on /opt/airflow/dags/maritime_intelligence_pipeline.py
[2026-09-09T12:58:47.407+0000] {processor.py:830} INFO - Processing file /opt/airflow/dags/maritime_intelligence_pipeline.py for tasks to queue
[2026-09-09T12:58:47.412+0000] {logging_mixin.py:188} INFO - [2026-09-09T12:58:47.411+0000] {dagbag.py:545} INFO - Filling up the DagBag from /opt/airflow/dags/maritime_intelligence_pipeline.py
[2026-09-09T12:58:47.453+0000] {processor.py:840} INFO - DAG(s) 'maritime_intelligence_pipeline' retrieved from /opt/airflow/dags/maritime_intelligence_pipeline.py
[2026-09-09T12:58:47.519+0000] {logging_mixin.py:188} INFO - [2026-09-09T12:58:47.518+0000] {dag.py:3089} INFO - Sync 1 DAGs
[2026-09-09T12:58:47.563+0000] {logging_mixin.py:188} INFO - [2026-09-09T12:58:47.563+0000] {dag.py:3947} INFO - Setting next_dagrun for maritime_intelligence_pipeline to 2026-09-08 00:00:00+00:00, run_after=2026-09-09 00:00:00+00:00
[2026-09-09T12:58:47.598+0000] {processor.py:183} INFO - Processing /opt/airflow/dags/maritime_intelligence_pipeline.py took 0.204 seconds
[2026-09-09T12:59:17.746+0000] {processor.py:161} INFO - Started process (PID=1771) to work on /opt/airflow/dags/maritime_intelligence_pipeline.py
[2026-09-09T12:59:17.748+0000] {processor.py:830} INFO - Processing file /opt/airflow/dags/maritime_intelligence_pipeline.py for tasks to queue
[2026-09-09T12:59:17.752+0000] {logging_mixin.py:188} INFO - [2026-09-09T12:59:17.751+0000] {dagbag.py:545} INFO - Filling up the DagBag from /opt/airflow/dags/maritime_intelligence_pipeline.py
[2026-09-09T12:59:17.791+0000] {processor.py:840} INFO - DAG(s) 'maritime_intelligence_pipeline' retrieved from /opt/airflow/dags/maritime_intelligence_pipeline.py
[2026-09-09T12:59:17.839+0000] {logging_mixin.py:188} INFO - [2026-09-09T12:59:17.839+0000] {dag.py:3089} INFO - Sync 1 DAGs
[2026-09-09T12:59:17.876+0000] {logging_mixin.py:188} INFO - [2026-09-09T12:59:17.875+0000] {dag.py:3947} INFO - Setting next_dagrun for maritime_intelligence_pipeline to 2026-09-08 00:00:00+00:00, run_after=2026-09-09 00:00:00+00:00
[2026-09-09T12:59:17.904+0000] {processor.py:183} INFO - Processing /opt/airflow/dags/maritime_intelligence_pipeline.py took 0.167 seconds
[2026-09-09T12:59:48.222+0000] {processor.py:161} INFO - Started process (PID=1776) to work on /opt/airflow/dags/maritime_intelligence_pipeline.py
[2026-09-09T12:59:48.225+0000] {processor.py:830} INFO - Processing file /opt/airflow/dags/maritime_intelligence_pipeline.py for tasks to queue
[2026-09-09T12:59:48.229+0000] {logging_mixin.py:188} INFO - [2026-09-09T12:59:48.228+0000] {dagbag.py:545} INFO - Filling up the DagBag from /opt/airflow/dags/maritime_intelligence_pipeline.py
[2026-09-09T12:59:48.275+0000] {processor.py:840} INFO - DAG(s) 'maritime_intelligence_pipeline' retrieved from /opt/airflow/dags/maritime_intelligence_pipeline.py
[2026-09-09T12:59:48.320+0000] {logging_mixin.py:188} INFO - [2026-09-09T12:59:48.320+0000] {dag.py:3089} INFO - Sync 1 DAGs
[2026-09-09T12:59:48.354+0000] {logging_mixin.py:188} INFO - [2026-09-09T12:59:48.354+0000] {dag.py:3947} INFO - Setting next_dagrun for maritime_intelligence_pipeline to 2026-09-08 00:00:00+00:00, run_after=2026-09-09 00:00:00+00:00
[2026-09-09T12:59:48.390+0000] {processor.py:183} INFO - Processing /opt/airflow/dags/maritime_intelligence_pipeline.py took 0.179 seconds
[2026-09-09T13:00:18.527+0000] {processor.py:161} INFO - Started process (PID=1781) to work on /opt/airflow/dags/maritime_intelligence_pipeline.py
[2026-09-09T13:00:18.529+0000] {processor.py:830} INFO - Processing file /opt/airflow/dags/maritime_intelligence_pipeline.py for tasks to queue
[2026-09-09T13:00:18.534+0000] {logging_mixin.py:188} INFO - [2026-09-09T13:00:18.533+0000] {dagbag.py:545} INFO - Filling up the DagBag from /opt/airflow/dags/maritime_intelligence_pipeline.py
[2026-09-09T13:00:18.574+0000] {processor.py:840} INFO - DAG(s) 'maritime_intelligence_pipeline' retrieved from /opt/airflow/dags/maritime_intelligence_pipeline.py
[2026-09-09T13:00:18.618+0000] {logging_mixin.py:188} INFO - [2026-09-09T13:00:18.618+0000] {dag.py:3089} INFO - Sync 1 DAGs
[2026-09-09T13:00:18.653+0000] {logging_mixin.py:188} INFO - [2026-09-09T13:00:18.653+0000] {dag.py:3947} INFO - Setting next_dagrun for maritime_intelligence_pipeline to 2026-09-08 00:00:00+00:00, run_after=2026-09-09 00:00:00+00:00
[2026-09-09T13:00:18.684+0000] {processor.py:183} INFO - Processing /opt/airflow/dags/maritime_intelligence_pipeline.py took 0.169 seconds
[2026-09-09T13:00:48.949+0000] {processor.py:161} INFO - Started process (PID=1786) to work on /opt/airflow/dags/maritime_intelligence_pipeline.py
[2026-09-09T13:00:48.952+0000] {processor.py:830} INFO - Processing file /opt/airflow/dags/maritime_intelligence_pipeline.py for tasks to queue
[2026-09-09T13:00:48.956+0000] {logging_mixin.py:188} INFO - [2026-09-09T13:00:48.955+0000] {dagbag.py:545} INFO - Filling up the DagBag from /opt/airflow/dags/maritime_intelligence_pipeline.py
[2026-09-09T13:00:49.005+0000] {processor.py:840} INFO - DAG(s) 'maritime_intelligence_pipeline' retrieved from /opt/airflow/dags/maritime_intelligence_pipeline.py
[2026-09-09T13:00:49.048+0000] {logging_mixin.py:188} INFO - [2026-09-09T13:00:49.048+0000] {dag.py:3089} INFO - Sync 1 DAGs
[2026-09-09T13:00:49.082+0000] {logging_mixin.py:188} INFO - [2026-09-09T13:00:49.082+0000] {dag.py:3947} INFO - Setting next_dagrun for maritime_intelligence_pipeline to 2026-09-08 00:00:00+00:00, run_after=2026-09-09 00:00:00+00:00
[2026-09-09T13:00:49.112+0000] {processor.py:183} INFO - Processing /opt/airflow/dags/maritime_intelligence_pipeline.py took 0.174 seconds
[2026-09-09T13:01:19.264+0000] {processor.py:161} INFO - Started process (PID=1791) to work on /opt/airflow/dags/maritime_intelligence_pipeline.py
[2026-09-09T13:01:19.266+0000] {processor.py:830} INFO - Processing file /opt/airflow/dags/maritime_intelligence_pipeline.py for tasks to queue
[2026-09-09T13:01:19.270+0000] {logging_mixin.py:188} INFO - [2026-09-09T13:01:19.270+0000] {dagbag.py:545} INFO - Filling up the DagBag from /opt/airflow/dags/maritime_intelligence_pipeline.py
[2026-09-09T13:01:19.305+0000] {processor.py:840} INFO - DAG(s) 'maritime_intelligence_pipeline' retrieved from /opt/airflow/dags/maritime_intelligence_pipeline.py
[2026-09-09T13:01:19.352+0000] {logging_mixin.py:188} INFO - [2026-09-09T13:01:19.351+0000] {dag.py:3089} INFO - Sync 1 DAGs
[2026-09-09T13:01:19.385+0000] {logging_mixin.py:188} INFO - [2026-09-09T13:01:19.385+0000] {dag.py:3947} INFO - Setting next_dagrun for maritime_intelligence_pipeline to 2026-09-08 00:00:00+00:00, run_after=2026-09-09 00:00:00+00:00
[2026-09-09T13:01:19.415+0000] {processor.py:183} INFO - Processing /opt/airflow/dags/maritime_intelligence_pipeline.py took 0.160 seconds
[2026-09-09T13:01:49.778+0000] {processor.py:161} INFO - Started process (PID=1796) to work on /opt/airflow/dags/maritime_intelligence_pipeline.py
[2026-09-09T13:01:49.781+0000] {processor.py:830} INFO - Processing file /opt/airflow/dags/maritime_intelligence_pipeline.py for tasks to queue
[2026-09-09T13:01:49.788+0000] {logging_mixin.py:188} INFO - [2026-09-09T13:01:49.787+0000] {dagbag.py:545} INFO - Filling up the DagBag from /opt/airflow/dags/maritime_intelligence_pipeline.py
[2026-09-09T13:01:49.830+0000] {processor.py:840} INFO - DAG(s) 'maritime_intelligence_pipeline' retrieved from /opt/airflow/dags/maritime_intelligence_pipeline.py
[2026-09-09T13:01:49.876+0000] {logging_mixin.py:188} INFO - [2026-09-09T13:01:49.875+0000] {dag.py:3089} INFO - Sync 1 DAGs
[2026-09-09T13:01:49.908+0000] {logging_mixin.py:188} INFO - [2026-09-09T13:01:49.908+0000] {dag.py:3947} INFO - Setting next_dagrun for maritime_intelligence_pipeline to 2026-09-08 00:00:00+00:00, run_after=2026-09-09 00:00:00+00:00
[2026-09-09T13:01:49.936+0000] {processor.py:183} INFO - Processing /opt/airflow/dags/maritime_intelligence_pipeline.py took 0.168 seconds
[2026-09-09T13:02:20.193+0000] {processor.py:161} INFO - Started process (PID=1801) to work on /opt/airflow/dags/maritime_intelligence_pipeline.py
[2026-09-09T13:02:20.196+0000] {processor.py:830} INFO - Processing file /opt/airflow/dags/maritime_intelligence_pipeline.py for tasks to queue
[2026-09-09T13:02:20.216+0000] {logging_mixin.py:188} INFO - [2026-09-09T13:02:20.215+0000] {dagbag.py:545} INFO - Filling up the DagBag from /opt/airflow/dags/maritime_intelligence_pipeline.py
[2026-09-09T13:02:20.251+0000] {processor.py:840} INFO - DAG(s) 'maritime_intelligence_pipeline' retrieved from /opt/airflow/dags/maritime_intelligence_pipeline.py
[2026-09-09T13:02:20.291+0000] {logging_mixin.py:188} INFO - [2026-09-09T13:02:20.290+0000] {dag.py:3089} INFO - Sync 1 DAGs
[2026-09-09T13:02:20.320+0000] {logging_mixin.py:188} INFO - [2026-09-09T13:02:20.320+0000] {dag.py:3947} INFO - Setting next_dagrun for maritime_intelligence_pipeline to 2026-09-08 00:00:00+00:00, run_after=2026-09-09 00:00:00+00:00
[2026-09-09T13:02:20.349+0000] {processor.py:183} INFO - Processing /opt/airflow/dags/maritime_intelligence_pipeline.py took 0.164 seconds
[2026-09-09T13:02:50.510+0000] {processor.py:161} INFO - Started process (PID=1806) to work on /opt/airflow/dags/maritime_intelligence_pipeline.py
[2026-09-09T13:02:50.512+0000] {processor.py:830} INFO - Processing file /opt/airflow/dags/maritime_intelligence_pipeline.py for tasks to queue
[2026-09-09T13:02:50.517+0000] {logging_mixin.py:188} INFO - [2026-09-09T13:02:50.516+0000] {dagbag.py:545} INFO - Filling up the DagBag from /opt/airflow/dags/maritime_intelligence_pipeline.py
[2026-09-09T13:02:50.558+0000] {processor.py:840} INFO - DAG(s) 'maritime_intelligence_pipeline' retrieved from /opt/airflow/dags/maritime_intelligence_pipeline.py
[2026-09-09T13:02:50.611+0000] {logging_mixin.py:188} INFO - [2026-09-09T13:02:50.611+0000] {dag.py:3089} INFO - Sync 1 DAGs
[2026-09-09T13:02:50.651+0000] {logging_mixin.py:188} INFO - [2026-09-09T13:02:50.651+0000] {dag.py:3947} INFO - Setting next_dagrun for maritime_intelligence_pipeline to 2026-09-08 00:00:00+00:00, run_after=2026-09-09 00:00:00+00:00
[2026-09-09T13:02:50.685+0000] {processor.py:183} INFO - Processing /opt/airflow/dags/maritime_intelligence_pipeline.py took 0.189 seconds
[2026-09-09T13:03:20.882+0000] {processor.py:161} INFO - Started process (PID=1811) to work on /opt/airflow/dags/maritime_intelligence_pipeline.py
[2026-09-09T13:03:20.886+0000] {processor.py:830} INFO - Processing file /opt/airflow/dags/maritime_intelligence_pipeline.py for tasks to queue
[2026-09-09T13:03:20.892+0000] {logging_mixin.py:188} INFO - [2026-09-09T13:03:20.891+0000] {dagbag.py:545} INFO - Filling up the DagBag from /opt/airflow/dags/maritime_intelligence_pipeline.py
[2026-09-09T13:03:20.937+0000] {processor.py:840} INFO - DAG(s) 'maritime_intelligence_pipeline' retrieved from /opt/airflow/dags/maritime_intelligence_pipeline.py
[2026-09-09T13:03:20.989+0000] {logging_mixin.py:188} INFO - [2026-09-09T13:03:20.989+0000] {dag.py:3089} INFO - Sync 1 DAGs
[2026-09-09T13:03:21.029+0000] {logging_mixin.py:188} INFO - [2026-09-09T13:03:21.029+0000] {dag.py:3947} INFO - Setting next_dagrun for maritime_intelligence_pipeline to 2026-09-08 00:00:00+00:00, run_after=2026-09-09 00:00:00+00:00
[2026-09-09T13:03:21.060+0000] {processor.py:183} INFO - Processing /opt/airflow/dags/maritime_intelligence_pipeline.py took 0.192 seconds
[2026-09-09T13:03:51.180+0000] {processor.py:161} INFO - Started process (PID=1816) to work on /opt/airflow/dags/maritime_intelligence_pipeline.py
[2026-09-09T13:03:51.183+0000] {processor.py:830} INFO - Processing file /opt/airflow/dags/maritime_intelligence_pipeline.py for tasks to queue
[2026-09-09T13:03:51.190+0000] {logging_mixin.py:188} INFO - [2026-09-09T13:03:51.189+0000] {dagbag.py:545} INFO - Filling up the DagBag from /opt/airflow/dags/maritime_intelligence_pipeline.py
[2026-09-09T13:03:51.255+0000] {processor.py:840} INFO - DAG(s) 'maritime_intelligence_pipeline' retrieved from /opt/airflow/dags/maritime_intelligence_pipeline.py
[2026-09-09T13:03:51.343+0000] {logging_mixin.py:188} INFO - [2026-09-09T13:03:51.342+0000] {dag.py:3089} INFO - Sync 1 DAGs
[2026-09-09T13:03:51.389+0000] {logging_mixin.py:188} INFO - [2026-09-09T13:03:51.389+0000] {dag.py:3947} INFO - Setting next_dagrun for maritime_intelligence_pipeline to 2026-09-08 00:00:00+00:00, run_after=2026-09-09 00:00:00+00:00
[2026-09-09T13:03:51.480+0000] {processor.py:183} INFO - Processing /opt/airflow/dags/maritime_intelligence_pipeline.py took 0.318 seconds
[2026-09-09T13:04:21.833+0000] {processor.py:161} INFO - Started process (PID=1821) to work on /opt/airflow/dags/maritime_intelligence_pipeline.py
[2026-09-09T13:04:21.836+0000] {processor.py:830} INFO - Processing file /opt/airflow/dags/maritime_intelligence_pipeline.py for tasks to queue
[2026-09-09T13:04:21.839+0000] {logging_mixin.py:188} INFO - [2026-09-09T13:04:21.839+0000] {dagbag.py:545} INFO - Filling up the DagBag from /opt/airflow/dags/maritime_intelligence_pipeline.py
[2026-09-09T13:04:21.879+0000] {processor.py:840} INFO - DAG(s) 'maritime_intelligence_pipeline' retrieved from /opt/airflow/dags/maritime_intelligence_pipeline.py
[2026-09-09T13:04:21.923+0000] {logging_mixin.py:188} INFO - [2026-09-09T13:04:21.923+0000] {dag.py:3089} INFO - Sync 1 DAGs
[2026-09-09T13:04:21.956+0000] {logging_mixin.py:188} INFO - [2026-09-09T13:04:21.955+0000] {dag.py:3947} INFO - Setting next_dagrun for maritime_intelligence_pipeline to 2026-09-08 00:00:00+00:00, run_after=2026-09-09 00:00:00+00:00
[2026-09-09T13:04:21.994+0000] {processor.py:183} INFO - Processing /opt/airflow/dags/maritime_intelligence_pipeline.py took 0.172 seconds
